# Blender 4.5.3 LTS
# www.blender.org
mtllib LandscapeSample.mtl
o wd4icipcb_LOD0_TIER2_000
v -13.341266 0.688399 0.936073
v -13.466776 0.495300 0.704065
v -13.473118 0.918540 0.767140
v -13.137349 0.390061 1.017027
v -13.289504 1.641649 1.127193
v -13.545759 1.709827 0.919245
v -13.415524 1.872377 1.174633
v -12.857950 1.395310 1.322084
v -12.857950 1.395310 1.322084
v -13.232897 2.063825 1.197803
v -13.232897 2.063825 1.197803
v -13.533259 2.168536 1.006262
v -13.533259 2.168536 1.006262
v -12.307072 1.143252 1.612518
v -12.271455 1.418111 1.613088
v -12.271455 1.418111 1.613088
v -12.635427 0.592869 1.356551
v -12.032043 1.612095 1.683388
v -12.404807 2.004528 1.579635
v -12.963470 1.864229 1.306569
v -12.963470 1.864229 1.306569
v -13.496163 2.639450 1.051032
v -12.923759 2.508309 1.311144
v -13.443617 3.112247 1.164140
v -12.796792 2.920280 1.584083
v -13.509971 3.457407 1.331326
v -12.342182 2.415888 1.779200
v -12.105161 2.366996 2.007302
v -11.916714 3.168595 2.076360
v -12.792131 3.410288 1.659610
v -11.892714 1.940710 2.363874
v -11.572921 2.670735 2.319947
v -11.098186 2.327788 2.702821
v -12.478694 4.252330 1.770718
v -11.662241 4.509577 2.091260
v -11.030885 -5.006045 0.079077
v -11.535476 -5.184258 -0.124448
v -11.141915 -5.303392 -0.194593
v -11.587381 -4.659415 -0.081861
v -12.192212 -4.519982 -0.125418
v -11.788237 -4.971086 -0.074055
v -12.445940 -3.893568 -0.134604
v -12.296129 -4.202686 -0.047600
v -12.550172 -3.590760 -0.065693
v -11.785898 -4.104406 0.098502
v -12.381672 -3.361020 0.032277
v -12.381672 -3.361020 0.032277
v -12.630529 -3.412033 -0.139028
v -12.630529 -3.412033 -0.139028
v -12.380268 -2.883344 0.179196
v -12.810494 -2.681672 -0.073232
v -12.888242 -2.311145 -0.108715
v -11.176259 -4.728137 0.020135
v -11.380619 -4.880530 0.051998
v -10.575430 -4.611514 0.080170
v -10.429945 -5.217323 0.012333
v -10.336065 -4.896902 0.150433
v -10.868107 -4.101022 0.302812
v -11.017613 -3.736798 0.386587
v -12.120390 -3.463468 0.201002
v -11.680941 -3.604049 0.339906
v -12.104693 -3.151263 0.257576
v -12.104693 -3.151263 0.257576
v -12.330848 -2.449629 0.182640
v -12.417904 -1.905646 0.611274
v -12.186293 -2.113297 0.637260
v -13.041122 -1.791747 0.076921
v -12.720927 -1.453210 0.528745
v -13.148187 -1.152431 0.144547
v -13.141381 -1.533437 0.122586
v -13.141381 -1.533437 0.122586
v -10.343104 -5.456341 -0.189597
v -9.906130 -5.355728 0.087672
v -11.310464 -3.317056 0.544029
v -11.732320 -2.998326 0.521486
v -11.732320 -2.998326 0.521486
v -11.707969 -2.717856 0.583796
v -11.513934 -3.151243 0.536272
v -11.513934 -3.151243 0.536272
v -11.913118 -2.394902 0.636874
v -12.539890 -1.488329 0.669222
v -12.539890 -1.488329 0.669222
v -12.168899 -1.721337 0.763266
v -12.269623 -1.560614 0.841760
v -13.244518 -0.776258 0.322886
v -12.715245 -1.015805 0.662643
v -12.689773 -1.310306 0.552254
v -12.689773 -1.310306 0.552254
v -12.674623 -0.816973 0.856984
v -13.303267 -0.006010 0.727532
v -13.373052 -0.339801 0.426819
v -12.969491 -0.295993 0.847053
v -9.783333 -5.506808 -0.043453
v -9.674713 -5.417594 -0.070614
v -9.741852 -5.256635 -0.050050
v -9.994438 -4.703519 0.120828
v -10.047646 -5.014473 0.224136
v -9.814648 -4.568675 0.265717
v -10.129865 -4.347958 0.321701
v -10.909033 -3.291224 0.497364
v -10.398252 -3.879605 0.321179
v -11.285946 -2.841527 0.664264
v -11.207982 -3.165720 0.681306
v -11.207982 -3.165720 0.681306
v -10.932203 -2.766506 0.565003
v -10.908928 -3.208330 0.618812
v -10.908928 -3.208330 0.618812
v -12.098020 -1.947278 0.821898
v -11.904492 -2.125684 0.727877
v -11.759282 -1.928411 0.760781
v -11.180847 -2.134958 0.756270
v -11.965400 -1.513108 0.845365
v -12.384131 -1.333294 0.774962
v -12.384131 -1.333294 0.774962
v -11.906355 -1.276574 0.953063
v -11.906355 -1.276574 0.953063
v -12.160937 -1.250647 0.916548
v -12.160937 -1.250647 0.916548
v -11.246779 -1.924393 0.889133
v -12.683786 -0.689800 1.086342
v -12.402540 -0.641444 1.165958
v -13.408978 0.167375 0.603864
v -9.496800 -4.817187 0.075224
v -9.382688 -5.291624 -0.061616
v -9.030819 -5.022373 0.072493
v -9.174953 -5.450669 -0.257233
v -9.676510 -4.567308 0.153353
v -9.337672 -4.585433 0.234699
v -9.780151 -4.335233 0.346829
v -10.500428 -3.459423 0.385890
v -10.757943 -3.254513 0.720069
v -10.757943 -3.254513 0.720069
v -9.916676 -3.394916 0.240287
v -10.739597 -2.630888 0.481391
v -10.748131 -2.760868 0.465917
v -10.909883 -2.461524 0.713750
v -10.772909 -2.933257 0.683737
v -10.581571 -3.289680 0.684032
v -10.581571 -3.289680 0.684032
v -10.445421 -3.014338 0.638065
v -10.445421 -3.014338 0.638065
v -10.813826 -1.960648 0.738266
v -11.559594 -1.076371 1.030876
v -11.559594 -1.076371 1.030876
v -10.976110 -1.600426 0.911837
v -12.917881 0.124922 1.157242
v -12.801541 0.183454 1.365083
v -12.640235 0.005917 1.503916
v -12.822584 -0.287680 1.396071
v -12.573179 -0.433655 1.379559
v -12.798116 0.443472 1.214327
v -8.592431 -5.625582 -0.303557
v -8.964817 -5.539238 -0.143948
v -8.611467 -4.956393 0.143845
v -8.714602 -5.102108 -0.033478
v -9.273001 -3.966008 0.217727
v -9.471123 -3.998131 0.232190
v -9.069902 -4.076178 0.225533
v -9.009166 -4.790382 0.129015
v -9.728920 -3.621650 0.218931
v -10.522601 -2.240729 0.564912
v -10.387604 -2.599824 0.458078
v -10.301224 -2.717233 0.502193
v -10.265211 -2.718776 0.300284
v -9.945147 -2.742280 0.306391
v -10.120327 -2.966542 0.557000
v -10.120327 -2.966542 0.557000
v -9.721907 -3.082682 0.526635
v -10.540643 -1.542474 0.725920
v -10.361120 -1.933802 0.662726
v -11.777814 -0.473070 1.279230
v -10.898758 -1.314903 0.996529
v -10.898758 -1.314903 0.996529
v -11.170460 -1.277104 1.040421
v -11.170460 -1.277104 1.040421
v -12.261147 -0.324555 1.356508
v -12.463316 0.199242 1.444561
v -12.246726 0.537397 1.509952
v -11.914082 -0.022247 1.450123
v -8.162477 -5.309853 -0.167332
v -8.823928 -4.479724 0.129072
v -8.441220 -4.960683 0.013031
v -8.301042 -4.331332 0.176037
v -8.695505 -4.024262 0.296887
v -8.605260 -4.210620 0.203436
v -9.584306 -3.409933 0.091603
v -9.405209 -3.721651 0.093121
v -9.752894 -2.818830 0.227678
v -9.570508 -3.118315 0.167010
v -9.627674 -2.296721 0.273250
v -10.062880 -1.979841 0.438853
v -10.804549 -1.259443 0.959534
v -10.804549 -1.259443 0.959534
v -10.804549 -1.259443 0.959534
v -10.327305 -1.293204 0.718553
v -10.327305 -1.293204 0.718553
v -10.912459 -1.062767 0.969384
v -10.912459 -1.062767 0.969384
v -10.680398 -1.059050 0.947376
v -10.680398 -1.059050 0.947376
v -11.253493 -0.034675 1.446518
v -11.446130 0.138059 1.637335
v -11.635726 0.356523 1.636049
v -11.666063 0.849957 1.837559
v -12.067705 0.806037 1.615548
v -7.922896 -4.598953 0.067447
v -9.113920 -3.283653 0.157478
v -8.738799 -3.358805 0.203957
v -9.328475 -2.805966 0.114039
v -9.407177 -2.204257 0.304090
v -9.883082 -1.207119 0.531468
v -9.980218 -1.332671 0.498833
v -9.980218 -1.332671 0.498833
v -10.692864 -0.757246 1.107337
v -10.692864 -0.757246 1.107337
v -10.800813 -0.328157 1.379964
v -10.800813 -0.328157 1.379964
v -10.808454 0.019767 1.482414
v -11.899640 0.928271 1.750596
v -11.414289 0.844378 1.765974
v -10.963869 0.251915 1.511092
v -11.903697 1.207450 1.799028
v -7.612570 -4.909456 0.077378
v -7.884818 -4.025314 0.201028
v -8.443961 -3.479879 0.131309
v -8.001716 -3.659304 0.194524
v -8.876200 -2.710434 0.166638
v -8.387365 -2.801739 0.133691
v -7.713377 -3.054107 0.182559
v -9.053598 -2.137596 0.245817
v -9.821539 -1.447194 0.439966
v -9.821539 -1.447194 0.439966
v -9.243858 -1.555796 0.366580
v -9.243858 -1.555796 0.366580
v -9.754929 -1.352445 0.442463
v -9.754929 -1.352445 0.442463
v -8.887473 -1.658144 0.293265
v -8.887473 -1.658144 0.293265
v -10.189511 -0.894010 0.949681
v -9.666960 -1.026446 1.108957
v -10.508945 -0.011836 1.357326
v -10.215123 -0.190041 1.316864
v -10.141763 -0.640115 1.168538
v -9.629442 -0.836424 1.199499
v -10.635663 -0.063670 1.383911
v -10.635663 -0.063670 1.383911
v -10.640285 0.009309 1.518327
v -10.578391 0.057760 1.695381
v -10.239777 -0.282911 1.632810
v -9.937063 -0.594109 1.347189
v -9.766962 -0.750716 1.636751
v -11.263528 1.007598 1.743714
v -11.263528 1.007598 1.743714
v -11.455085 1.264143 1.716573
v -11.455085 1.264143 1.716573
v -11.749946 1.376808 1.655275
v -11.749946 1.376808 1.655275
v -10.876835 1.051878 1.801822
v -11.026490 0.675802 1.743713
v -9.787678 -0.535668 1.864232
v -11.552438 1.276326 2.039690
v -10.205956 -0.241836 2.121817
v -10.203290 -0.106037 1.899310
v -9.951422 -0.399899 2.127080
v -9.985425 -0.164432 2.391957
v -11.943313 1.753106 2.261377
v -11.610519 1.463000 2.409910
v -11.311865 1.184218 2.194510
v -11.405227 1.455091 2.490621
v -11.438261 1.649340 2.695956
v -7.353994 -4.916664 0.061585
v -7.679429 -3.616468 0.144140
v -8.667443 -1.715594 0.245915
v -8.667443 -1.715594 0.245915
v -9.198352 -1.472452 0.494264
v -9.061591 -1.460824 0.341491
v -9.061591 -1.460824 0.341491
v -8.645410 -1.364702 1.047038
v -8.891270 -1.057169 1.399748
v -9.331954 -0.896603 1.466562
v -9.105347 -0.790948 1.628228
v -9.443235 -0.727397 1.753470
v -10.993134 0.899961 1.769808
v -10.993134 0.899961 1.769808
v -10.626195 0.913929 2.107457
v -10.799644 0.806224 1.931033
v -10.799644 0.806224 1.931033
v -10.461772 0.746030 1.966135
v -10.461772 0.746030 1.966135
v -10.380852 0.181135 1.947506
v -9.245021 -0.650671 2.080573
v -9.466500 -0.372791 2.354561
v -8.999777 -0.861090 1.792974
v -11.066743 1.177084 1.908009
v -11.122625 1.380575 2.366579
v -10.679365 1.222382 2.199852
v -10.368281 0.670213 2.086182
v -10.368281 0.670213 2.086182
v -10.244826 0.691753 2.296443
v -10.393592 0.360649 2.138789
v -10.393592 0.360649 2.138789
v -10.150506 0.342317 2.250528
v -10.150506 0.342317 2.250528
v -10.107800 0.136356 2.407308
v -10.107800 0.136356 2.407308
v -10.089775 0.494482 2.359199
v -10.071234 0.343054 2.590232
v -8.958613 -0.399299 2.596653
v -8.958613 -0.399299 2.596653
v -10.475845 1.682191 2.575976
v -10.863831 1.583749 2.723163
v -9.934072 0.779396 2.710869
v -9.784711 0.059347 2.585534
v -9.784711 0.059347 2.585534
v -11.158449 1.795364 2.740250
v -7.325486 -4.023874 0.110806
v -6.788990 -3.897827 0.085073
v -6.771511 -3.290727 0.177957
v -7.251656 -3.178992 0.222889
v -6.599171 -4.427464 0.181194
v -8.074965 -2.246171 0.230840
v -7.575542 -2.572076 0.188123
v -8.561702 -1.519660 0.680650
v -7.950571 -1.612054 0.406297
v -7.380999 -1.344818 1.088615
v -8.013440 -1.282493 1.222760
v -8.805333 -0.791311 1.538822
v -8.581226 -0.880498 1.555746
v -8.819482 -0.809257 2.014923
v -8.445103 -0.929231 1.905184
v -8.338129 -0.799356 2.247672
v -8.509899 -0.625615 2.496854
v -8.509899 -0.625615 2.496854
v -10.447228 1.520320 2.356287
v -10.099833 1.265629 2.477608
v -9.823081 1.096247 2.533762
v -9.427874 0.307198 2.707293
v -8.745871 0.062253 2.852001
v -10.581818 1.838604 2.669824
v -10.725116 1.967570 2.870234
v -10.158397 1.424222 2.708371
v -10.318857 1.835601 2.808975
v -9.708472 1.186890 2.723984
v -9.595035 0.677286 2.782030
v -10.532584 2.011887 2.972853
v -6.417104 -3.607215 0.175435
v -6.035388 -3.949050 0.180947
v -6.717343 -2.681255 0.460953
v -7.105110 -2.930399 0.323758
v -7.132764 -2.213883 0.271372
v -7.132764 -2.213883 0.271372
v -7.684091 -2.006104 0.298811
v -8.113129 -1.748494 0.310214
v -8.113129 -1.748494 0.310214
v -7.798275 -1.629170 0.265763
v -7.798275 -1.629170 0.265763
v -8.249056 -1.043838 1.488909
v -8.305884 -0.834903 1.611920
v -8.250634 -0.901093 1.865528
v -8.031333 -0.961999 2.011081
v -7.598348 -0.836140 2.338147
v -8.185483 -0.696881 2.098257
v -8.254293 -0.513751 2.583924
v -8.254293 -0.513751 2.583924
v -8.092046 -0.563789 2.366749
v -8.526759 -0.208216 2.815591
v -8.370706 -0.554738 2.596590
v -8.370706 -0.554738 2.596590
v -9.768984 1.578255 2.655245
v -9.067163 1.142496 2.857707
v -9.454011 1.637787 2.706769
v -9.645236 1.850367 2.676041
v -8.984599 1.557583 2.935117
v -8.620485 0.803181 2.909911
v -9.769748 2.063977 2.830478
v -10.041921 2.354070 2.823354
v -6.607244 -2.727060 0.320904
v -6.252481 -3.235590 0.156349
v -6.148721 -3.560308 0.282195
v -7.039878 -2.653197 0.286776
v -7.039878 -2.653197 0.286776
v -6.947645 -1.894016 0.292413
v -6.947645 -1.894016 0.292413
v -6.947645 -1.894016 0.292413
v -6.947645 -1.894016 0.292413
v -7.777443 -1.532953 0.281309
v -7.298072 -1.792414 0.296352
v -7.298072 -1.792414 0.296352
v -7.314063 -1.601586 0.484592
v -7.388684 -1.566789 0.597080
v -7.159819 -1.448344 0.783465
v -7.229920 -0.877767 2.128467
v -7.903090 -0.591944 2.691153
v -7.903090 -0.591944 2.691153
v -7.555414 -0.603892 2.854716
v -8.088977 0.001209 2.935138
v -8.087840 0.368112 2.989791
v -7.746454 -0.303685 2.937636
v -7.746454 -0.303685 2.937636
v -7.342900 -0.406975 3.098293
v -7.342900 -0.406975 3.098293
v -8.581072 1.119987 3.013471
v -9.484398 2.410363 2.969514
v -9.137779 2.017989 2.944758
v -5.706960 -3.216963 0.130926
v -6.064481 -2.773451 0.184411
v -5.522422 -3.712909 0.117328
v -6.770460 -2.474563 0.269495
v -6.913669 -1.864639 0.417634
v -6.913669 -1.864639 0.417634
v -7.035961 -1.785194 0.447839
v -7.035961 -1.785194 0.447839
v -6.490858 -1.960372 0.358987
v -6.490858 -1.960372 0.358987
v -6.859223 -1.633687 0.724284
v -6.859223 -1.633687 0.724284
v -6.552968 -1.639799 0.709915
v -6.683420 -1.455523 0.858828
v -6.683420 -1.455523 0.858828
v -6.825726 -1.167607 0.900359
v -6.877494 -1.262017 1.047717
v -6.850640 -1.047175 1.419408
v -7.051658 -1.098271 1.627237
v -7.139433 -0.451117 2.945700
v -7.612829 0.073811 3.136396
v -7.199075 0.060389 3.363014
v -8.708258 1.458032 2.929704
v -7.917060 1.057736 3.046022
v -8.331298 1.371928 3.078080
v -8.865878 2.221956 3.118892
v -8.814862 1.926810 3.254682
v -8.570385 1.830623 3.113251
v -5.714306 -2.729928 0.168816
v -5.714306 -2.729928 0.168816
v -6.062994 -2.346272 0.250492
v -6.156194 -2.039515 0.341009
v -6.156194 -2.039515 0.341009
v -6.156194 -2.039515 0.341009
v -5.988873 -2.155738 0.259690
v -5.988873 -2.155738 0.259690
v -5.897508 -2.750884 0.424484
v -5.897508 -2.750884 0.424484
v -5.897508 -2.750884 0.424484
v -5.942955 -2.709905 0.274895
v -5.781139 -2.836835 0.354168
v -5.781139 -2.836835 0.354168
v -5.999106 -2.441916 0.390559
v -6.221771 -1.711092 0.754958
v -6.582975 -1.319111 1.139528
v -6.077404 -1.405382 1.298825
v -6.004088 -0.821077 1.904090
v -6.777451 -0.856429 1.699881
v -6.791133 -0.692907 2.040235
v -6.876110 -0.581335 2.353041
v -6.887319 -0.430655 2.482552
v -6.955430 -0.331488 2.828906
v -6.550209 -0.434944 2.491595
v -6.726471 -0.187952 3.113030
v -6.726471 -0.187952 3.113030
v -6.956645 -0.131740 3.114440
v -6.956645 -0.131740 3.114440
v -6.959681 0.078548 3.376347
v -6.692396 0.268691 3.493937
v -6.571052 -0.119198 2.983077
v -6.571052 -0.119198 2.983077
v -6.567690 -0.008303 3.312699
v -7.910456 1.344800 3.289166
v -7.634977 1.214789 3.329658
v -7.439589 0.844221 3.397226
v -6.976718 0.536910 3.468586
v -8.630959 2.011485 3.077477
v -8.415320 2.217483 3.162791
v -8.193554 2.009220 3.256269
v -12.966729 3.721141 1.638398
v -13.373079 4.012774 1.478773
v -13.255337 4.618452 1.503241
v -13.250978 5.155901 1.713489
v -12.086519 4.885341 1.934883
v -13.237690 5.875793 1.889980
v -11.051597 4.413148 2.389953
v -10.756061 3.265219 2.597635
v -12.532528 5.520557 1.983782
v -13.264476 6.153868 1.958193
v -13.033628 6.530956 1.963898
v -13.208160 6.641952 1.818685
v -12.622691 6.525468 2.100106
v -13.281975 6.929403 2.052199
v -10.051595 4.124405 2.820366
v -10.479101 4.796281 2.748857
v -11.725861 5.481704 2.102533
v -12.143151 5.716054 2.180968
v -12.123849 6.088058 2.188782
v -12.882032 7.025484 2.382008
v -12.588061 6.884853 2.387225
v -13.188343 7.436382 2.091017
v -11.261490 5.218524 2.211980
v -10.887752 5.149020 2.402410
v -11.090390 5.873589 2.532481
v -11.417830 5.650228 2.249691
v -9.524061 3.411657 2.934755
v -9.484248 3.897189 3.077669
v -9.951638 3.504922 2.863378
v -10.386437 2.784367 2.874190
v -11.738525 6.222220 2.222631
v -12.207764 6.579101 2.289846
v -11.680971 6.897094 2.575158
v -12.060376 6.963214 2.471606
v -12.545895 7.270897 2.395054
v -13.127609 7.851804 2.091456
v -12.843526 7.684555 2.351061
v -12.498858 7.528266 2.291163
v -10.123180 2.749969 2.887294
v -11.178359 6.189446 2.353442
v -11.300234 6.543050 2.358490
v -10.699321 5.548194 2.475889
v -10.273335 5.236858 2.730850
v -12.364804 7.859817 2.245143
v -12.032076 7.333206 2.426588
v -12.001614 7.579502 2.301350
v -11.884815 7.924175 2.255547
v -11.881493 7.107830 2.551186
v -9.498659 3.058233 3.021610
v -9.219105 2.700441 3.109201
v -9.224747 3.033423 3.109012
v -8.688653 2.487932 3.176944
v -9.312648 3.435683 3.124251
v -8.865973 2.970459 3.344535
v -8.893555 3.537523 3.178867
v -8.087049 2.536412 3.313452
v -5.372181 -2.897157 0.162075
v -5.372181 -2.897157 0.162075
v -5.241001 -3.160081 0.327889
v -5.241001 -3.160081 0.327889
v -5.431142 -2.849680 0.470067
v -5.459179 -2.719483 0.229110
v -5.459179 -2.719483 0.229110
v -5.810260 -2.342028 0.331252
v -5.810260 -2.342028 0.331252
v -5.782893 -2.127754 0.223700
v -5.782893 -2.127754 0.223700
v -5.782893 -2.127754 0.223700
v -5.563065 -2.507313 0.329381
v -5.414628 -2.618158 0.290976
v -5.414628 -2.618158 0.290976
v -5.556541 -2.184439 0.192196
v -5.556541 -2.184439 0.192196
v -5.172480 -2.713342 0.729197
v -5.223183 -3.169675 0.615965
v -5.314314 -2.426734 0.504478
v -5.837339 -1.998996 0.365297
v -5.837339 -1.998996 0.365297
v -5.715792 -1.793875 0.539818
v -5.715792 -1.793875 0.539818
v -5.738295 -1.630468 1.008533
v -5.738295 -1.630468 1.008533
v -5.594633 -1.786172 0.817792
v -5.594633 -1.786172 0.817792
v -5.325435 -1.750322 1.029484
v -5.347706 -1.438508 1.486665
v -5.347706 -1.438508 1.486665
v -6.478913 -0.462304 2.169615
v -6.132710 -0.369304 2.399175
v -6.208180 -0.175481 2.802011
v -6.451613 0.174863 3.176446
v -6.451613 0.174863 3.176446
v -6.672028 0.487378 3.482767
v -6.396298 0.416042 3.384530
v -6.396298 0.416042 3.384530
v -6.396298 0.416042 3.384530
v -6.226462 0.335958 3.260851
v -6.226462 0.335958 3.260851
v -7.749393 2.067907 3.343413
v -7.590369 1.914102 3.433833
v -7.243670 1.205717 3.550945
v -7.137512 1.601607 3.581325
v -6.455369 0.724981 3.582193
v -5.210336 -2.173801 0.276615
v -5.210336 -2.173801 0.276615
v -5.210336 -2.173801 0.276615
v -5.371310 -1.618056 0.724096
v -5.056214 -2.064130 0.742057
v -5.056214 -2.064130 0.742057
v -4.871773 -2.338281 0.946117
v -5.067055 -1.067824 2.026991
v -5.067055 -1.067824 2.026991
v -5.154611 -0.757209 2.282479
v -5.610082 -0.278192 2.591365
v -4.889777 -0.950965 2.110992
v -4.889777 -0.950965 2.110992
v -4.628714 -1.209713 1.981566
v -5.874394 0.032103 2.887983
v -6.030943 0.398572 3.297707
v -6.030943 0.398572 3.297707
v -5.774547 0.274499 3.168759
v -5.774547 0.274499 3.168759
v -5.996373 0.589486 3.437099
v -5.996373 0.589486 3.437099
v -6.196294 0.944577 3.543242
v -7.325815 1.986903 3.493309
v -6.726073 1.477648 3.626803
v -6.958634 1.793580 3.580376
v -6.655239 1.364758 3.718666
v -6.367576 1.246214 3.623996
v -5.173816 -2.121922 0.378860
v -5.173816 -2.121922 0.378860
v -5.049394 -1.914382 0.597489
v -4.797153 -1.962431 0.612047
v -4.797153 -1.962431 0.612047
v -4.797153 -1.962431 0.612047
v -4.787556 -1.812699 0.762198
v -4.629432 -2.206303 0.792681
v -4.629432 -2.206303 0.792681
v -4.772243 -2.063552 0.595939
v -4.772243 -2.063552 0.595939
v -4.637267 -2.152639 0.600604
v -4.637267 -2.152639 0.600604
v -4.637267 -2.152639 0.600604
v -4.455205 -2.458709 0.474182
v -4.554969 -2.273237 0.341207
v -4.554969 -2.273237 0.341207
v -4.554969 -2.273237 0.341207
v -4.381034 -2.312097 0.800763
v -4.381034 -2.312097 0.800763
v -4.759989 -1.690079 1.124012
v -4.888196 -1.721506 1.258308
v -4.985275 -0.518764 2.567371
v -5.520466 -0.062860 2.619126
v -5.520466 -0.062860 2.619126
v -5.725191 0.195549 3.025267
v -5.725191 0.195549 3.025267
v -5.490001 0.147649 2.860477
v -5.490001 0.147649 2.860477
v -5.288452 0.153155 2.563429
v -5.110942 -0.258649 2.585212
v -5.110942 -0.258649 2.585212
v -4.960158 0.121819 2.542622
v -5.294757 0.410836 2.700320
v -5.460857 0.448767 3.018975
v -5.738957 0.559612 3.368058
v -5.780908 0.855528 3.534561
v -5.780908 0.855528 3.534561
v -5.629128 0.801099 3.414235
v -6.541897 1.788375 3.727163
v -6.255616 1.657437 3.596965
v -6.304714 2.006521 3.612106
v -5.633018 1.574402 3.503603
v -5.496679 2.086987 3.407833
v -5.642313 1.192472 3.525972
v -5.642313 1.192472 3.525972
v -4.504268 -2.177241 0.323209
v -4.504268 -2.177241 0.323209
v -4.280716 -2.257816 0.368684
v -4.280716 -2.257816 0.368684
v -4.434983 -1.535605 0.629252
v -4.434983 -1.535605 0.629252
v -4.450341 -1.824427 0.413119
v -4.280927 -2.035025 0.500942
v -4.652293 -1.690493 0.776724
v -4.652293 -1.690493 0.776724
v -4.376927 -1.140889 1.166046
v -4.376927 -1.140889 1.166046
v -4.515579 -1.579434 1.484420
v -4.065105 -1.292769 1.490109
v -4.065105 -1.292769 1.490109
v -4.165046 -1.101785 1.877235
v -4.165046 -1.101785 1.877235
v -4.206697 -0.961604 2.061855
v -4.730673 -0.540450 2.024057
v -4.859101 -0.678533 2.086923
v -4.859101 -0.678533 2.086923
v -4.842049 -0.436973 2.420305
v -4.842049 -0.436973 2.420305
v -4.939348 -0.343689 2.136014
v -4.939348 -0.343689 2.136014
v -4.939348 -0.343689 2.136014
v -4.841265 -0.348964 2.076660
v -4.791916 -0.294261 2.476664
v -4.791916 -0.294261 2.476664
v -4.707135 -0.105397 2.466031
v -4.888375 0.456379 2.575626
v -5.476245 0.664631 2.714866
v -5.503345 1.243511 3.343080
v -5.503345 1.243511 3.343080
v -5.344710 1.133036 2.842523
v -3.943729 -1.715448 1.045221
v -4.215966 -1.247897 1.263626
v -4.215966 -1.247897 1.263626
v -3.697821 -1.498636 1.448258
v -3.954309 -1.198702 1.764584
v -3.989572 -0.831680 2.062999
v -3.989572 -0.831680 2.062999
v -3.632125 -0.982344 1.781395
v -4.392386 -0.678263 2.059700
v -4.630015 -0.365781 2.384040
v -4.149039 -0.515867 2.237354
v -4.325756 0.098137 2.492691
v -4.317251 -0.191601 2.308280
v -4.778167 0.979000 2.703054
v -4.986242 0.947134 2.720270
v -4.728229 0.352429 2.603972
v -5.000650 1.152256 2.819703
v -5.158215 1.499798 2.746717
v -5.380265 1.520632 3.338128
v -5.380265 1.520632 3.338128
v -5.795564 2.279850 3.457872
v -5.339043 2.006085 3.271910
v -5.339043 2.006085 3.271910
v -3.485864 -1.329432 1.659560
v -3.186675 -0.656422 1.905940
v -3.151795 -0.701614 1.771316
v -3.865290 -0.033916 2.148269
v -3.865290 -0.033916 2.148269
v -4.006051 0.128272 2.189544
v -3.780684 -0.319986 2.154415
v -3.780684 -0.319986 2.154415
v -4.129221 0.352744 2.341100
v -4.298547 0.588117 2.359542
v -4.541047 0.797655 2.506067
v -4.921800 1.658317 2.659874
v -4.655755 1.321277 2.918307
v -4.747376 1.067654 2.854082
v -4.654433 1.251640 2.697897
v -5.048274 1.937958 2.907309
v -4.957837 1.425341 2.909846
v -4.726838 1.670892 2.920538
v -4.503209 1.251568 2.987808
v -5.300646 2.187512 3.370453
v -5.300646 2.187512 3.370453
v -5.238508 2.304012 3.267061
v -5.238508 2.304012 3.267061
v -5.016786 2.251126 2.878067
v -5.016786 2.251126 2.878067
v -3.796957 0.067089 2.170483
v -3.796957 0.067089 2.170483
v -3.288711 0.213665 2.052191
v -2.945142 -0.043958 2.021928
v -3.767852 0.447983 2.273580
v -3.767852 0.447983 2.273580
v -3.732430 0.248100 2.262827
v -3.732430 0.248100 2.262827
v -3.707129 0.702673 2.344485
v -3.707129 0.702673 2.344485
v -3.276137 0.233064 2.356404
v -4.209597 0.898632 2.394521
v -4.346452 1.056192 2.536308
v -4.231213 0.998339 2.820939
v -3.683467 0.784104 2.450792
v -3.683467 0.784104 2.450792
v -3.733394 0.744678 2.683178
v -4.319201 1.364562 2.896124
v -3.992959 1.036210 2.840968
v -4.869753 2.211772 2.890342
v -4.869753 2.211772 2.890342
v -4.581145 1.728461 2.909194
v -4.459599 1.989210 2.817717
v -4.459599 1.989210 2.817717
v -4.767652 2.287741 2.844286
v -4.767652 2.287741 2.844286
v -4.568219 1.566682 2.762099
v -4.180894 1.563276 3.032699
v -4.335033 1.520013 3.033345
v -5.155239 2.458233 3.215632
v -5.155239 2.458233 3.215632
v -5.155239 2.458233 3.215632
v -5.145227 2.548648 3.020250
v -5.145227 2.548648 3.020250
v -5.145227 2.548648 3.020250
v -5.222001 2.614004 3.201481
v -5.222001 2.614004 3.201481
v -5.004761 2.691867 2.926744
v -5.004761 2.691867 2.926744
v -4.968467 2.452442 2.872565
v -4.968467 2.452442 2.872565
v -5.047596 3.031763 3.063123
v -2.922631 -0.275197 1.697381
v -2.866143 -0.666898 1.746934
v -2.653625 -0.418975 1.662116
v -3.110147 0.299708 2.102246
v -3.237535 0.732986 2.293796
v -3.619492 0.933828 2.450954
v -3.619492 0.933828 2.450954
v -3.619492 0.933828 2.450954
v -3.620868 0.990705 2.605722
v -3.743492 1.617108 2.599174
v -4.026294 1.678700 2.733262
v -3.582589 1.194124 2.362926
v -3.582589 1.194124 2.362926
v -4.367160 2.124609 2.663157
v -4.257430 2.349740 2.678196
v -4.473920 2.625022 2.689873
v -4.473920 2.625022 2.689873
v -4.316952 2.072347 2.990025
v -4.316952 2.072347 2.990025
v -4.193092 1.998345 2.996368
v -4.001094 2.321645 2.611175
v -4.551919 2.918430 2.793548
v -4.692538 2.738499 2.745430
v -4.692538 2.738499 2.745430
v -2.653474 0.326872 2.005092
v -2.442778 0.072212 1.877273
v -2.547626 -0.226027 1.849252
v -3.436796 0.923679 2.004747
v -3.513559 1.121801 1.985611
v -3.424179 0.997797 2.303885
v -3.006940 0.680361 1.952178
v -3.126667 0.861117 1.976574
v -3.798634 1.623761 2.195417
v -3.798634 1.623761 2.195417
v -3.723354 1.439678 2.231617
v -3.723354 1.439678 2.231617
v -3.633169 1.838026 2.105028
v -3.633169 1.838026 2.105028
v -3.633169 1.838026 2.105028
v -3.455904 1.421189 2.116044
v -3.261554 1.720060 1.990734
v -3.261554 1.720060 1.990734
v -3.614706 1.954503 2.217693
v -3.614706 1.954503 2.217693
v -3.476009 1.254402 2.275535
v -3.476009 1.254402 2.275535
v -3.307765 1.478209 2.089654
v -3.852223 2.005745 2.404338
v -3.796448 1.729907 2.502929
v -3.838952 2.169003 2.422864
v -3.838952 2.169003 2.422864
v -4.338880 2.661175 2.633613
v -4.338880 2.661175 2.633613
v -3.933769 2.427873 2.616503
v -3.933769 2.427873 2.616503
v -4.806859 3.165944 3.103750
v -4.527191 3.213234 3.047402
v -4.111836 3.000260 2.950450
v -4.090140 3.098058 2.977582
v -3.865586 2.785558 2.835055
v -2.406739 0.388618 1.541631
v -2.204356 -0.003525 1.603497
v -1.902215 -0.021665 1.165951
v -1.919886 0.082504 1.233101
v -1.919886 0.082504 1.233101
v -2.051862 0.174761 1.508658
v -2.051862 0.174761 1.508658
v -2.254347 0.293042 1.842915
v -2.636359 0.614217 1.711762
v -2.660753 0.844283 1.672293
v -2.977784 1.175867 1.911791
v -3.244056 1.601866 1.962938
v -3.244056 1.601866 1.962938
v -3.035951 1.482676 1.859969
v -3.035951 1.482676 1.859969
v -2.696776 1.227370 1.682605
v -2.696776 1.227370 1.682605
v -3.505927 2.448842 2.775318
v -3.100358 2.016124 2.546060
v -3.138570 2.494617 3.126971
v -1.861024 0.344202 1.174181
v -1.861024 0.344202 1.174181
v -1.861024 0.344202 1.174181
v -2.138525 0.315077 1.286031
v -2.265767 0.562626 1.194339
v -2.265767 0.562626 1.194339
v -2.354836 0.627496 1.241840
v -2.354836 0.627496 1.241840
v -2.156855 0.866190 1.393741
v -2.156855 0.866190 1.393741
v -2.142371 0.727974 1.175123
v -2.142371 0.727974 1.175123
v -1.678047 0.481048 1.128436
v -2.473011 1.238708 1.678123
v -2.473011 1.238708 1.678123
v -2.501078 1.047071 1.713232
v -2.172147 1.085282 1.589211
v -1.759798 0.925636 1.558411
v -1.918229 1.420440 2.363454
v -2.324121 1.536359 2.158090
v -2.546778 1.901541 2.712012
v -2.008043 1.565696 2.354768
v -2.579178 2.236970 3.010170
v -1.564455 0.252534 1.028683
v -1.564455 0.252534 1.028683
v -1.382284 0.260622 0.924285
v -1.382284 0.260622 0.924285
v -1.382284 0.260622 0.924285
v -1.151040 0.387016 1.187986
v -1.151040 0.387016 1.187986
v -1.426855 0.961248 1.943861
v -1.834875 1.607389 2.647568
v -1.655036 1.256169 2.274004
v -1.422893 1.367752 2.348814
v -1.742234 1.786385 2.859782
v -1.200632 0.829490 1.948004
v -1.200632 0.829490 1.948004
v -1.472744 1.979940 2.510240
v -0.961280 1.434766 2.146244
v -1.089673 1.761165 2.437047
v -1.737675 2.000481 2.987697
v -1.470851 2.184262 2.963073
v -1.470851 2.184262 2.963073
v -1.648258 2.417007 3.111587
v -1.648258 2.417007 3.111587
v -1.648258 2.417007 3.111587
v -1.612656 2.200143 3.025993
v -1.612656 2.200143 3.025993
v -0.699440 1.324334 2.132023
v -0.699440 1.324334 2.132023
v -0.848235 1.078771 2.112489
v -0.848235 1.078771 2.112489
v -0.706053 1.682007 2.177255
v -0.706053 1.682007 2.177255
v -0.706053 1.682007 2.177255
v -0.984786 1.704403 2.465583
v -0.835613 1.954467 2.736289
v -0.835613 1.954467 2.736289
v -0.757098 2.511735 2.896412
v -1.409709 2.483394 3.108028
v -1.409709 2.483394 3.108028
v -1.602808 2.727746 3.249218
v -1.298254 2.665188 3.239163
v -1.298254 2.665188 3.239163
v -0.707380 1.855749 2.283395
v -0.644524 1.965365 2.679768
v -0.644524 1.965365 2.679768
v -0.584168 1.802516 2.436654
v -0.584168 1.802516 2.436654
v -0.552401 2.062218 2.776905
v -0.552401 2.062218 2.776905
v -0.540677 1.826469 2.693103
v -0.540677 1.826469 2.693103
v -0.540677 1.826469 2.693103
v -0.540677 1.826469 2.693103
v -0.879014 2.732961 3.011580
v -0.479156 2.194389 2.852859
v -0.479156 2.194389 2.852859
v -0.354267 2.225008 3.009536
v -0.354267 2.225008 3.009536
v -0.450116 2.685556 3.048855
v -10.767982 6.072418 2.442151
v -10.865532 6.576110 2.489845
v -10.106826 5.819947 2.673199
v -9.694287 4.594517 2.984142
v -8.872168 4.860703 3.249748
v -9.678854 5.393604 2.852246
v -9.019874 4.292798 3.251999
v -11.201135 6.974066 2.613103
v -10.983426 7.277895 2.584424
v -10.844304 7.002878 2.549061
v -11.484105 7.656915 2.389453
v -11.575601 7.246234 2.590533
v -9.835182 6.152172 2.791544
v -8.491042 5.287029 3.312998
v -10.388721 7.061626 2.552470
v -9.736426 6.384789 2.723608
v -11.495677 7.924181 2.227103
v -10.984392 7.608585 2.488060
v -9.442391 5.706845 2.823028
v -9.386442 6.268024 2.957378
v -9.173331 5.998949 2.982210
v -10.358871 7.934317 2.330041
v -10.466498 7.722897 2.432571
v -10.035283 7.326718 2.484008
v -9.720800 6.824082 2.640418
v -9.262839 6.595673 2.844466
v -9.031411 6.271345 2.954696
v -8.884924 6.558017 2.928965
v -8.702460 6.223304 2.984210
v -9.787415 7.904586 2.271268
v -9.147143 7.155087 2.551295
v -9.452891 7.895727 2.252535
v -7.886370 5.791696 3.222088
v -8.163678 6.398341 2.938850
v -7.651889 4.987952 3.463485
v -8.918725 7.057974 2.719003
v -7.666012 7.171316 2.726866
v -7.666012 7.171316 2.726866
v -8.294345 7.311290 2.487208
v -8.294345 7.311290 2.487208
v -8.040208 6.875145 2.819381
v -7.624501 5.953796 3.130748
v -7.624501 5.953796 3.130748
v -7.718376 5.785845 3.224225
v -7.718376 5.785845 3.224225
v -7.592796 5.311421 3.593344
v -7.403354 5.734295 3.200535
v -8.896962 7.240830 2.455329
v -8.768403 7.966456 2.273942
v -7.620949 6.276882 3.013061
v -7.620949 6.276882 3.013061
v -6.790055 5.869372 3.263048
v -8.375806 7.941495 2.309584
v -8.375806 7.941495 2.309584
v -8.106844 8.043648 2.315889
v -7.447094 8.040799 2.386643
v -7.166798 7.446997 2.698837
v -7.556155 6.828275 3.038652
v -7.556155 6.828275 3.038652
v -7.532421 6.578428 3.025831
v -7.532421 6.578428 3.025831
v -7.470416 6.904349 2.956046
v -7.470416 6.904349 2.956046
v -7.110991 7.242351 2.980321
v -7.225384 6.545214 3.009743
v -7.093407 7.009304 2.997814
v -6.772773 7.175937 2.935369
v -6.806451 6.801207 3.111532
v -6.784023 7.023350 3.065700
v -6.533373 6.722312 3.173667
v -6.913538 7.797075 2.486885
v -6.783786 8.066455 2.257876
v -6.836199 7.641542 2.749239
v -6.591041 7.376741 3.011589
v -6.486406 7.078578 2.970706
v -6.190611 6.503820 3.130212
v -6.444331 7.557003 2.888490
v -6.010292 7.055750 2.926439
v -5.704803 7.366680 2.653777
v -6.051950 7.794436 2.559526
v -6.557063 8.050646 2.517989
v -6.319922 8.150512 2.309154
v -5.716597 8.174127 2.382165
v -5.174078 7.864435 2.519640
v -4.853301 7.386261 2.612920
v -5.176177 8.247909 2.389428
v -4.643105 7.946478 2.425593
v -4.028550 8.164546 2.210271
v -4.378733 8.237301 2.233710
v -8.267246 2.680150 3.378451
v -7.598154 2.046224 3.634808
v -8.326621 3.156471 3.370514
v -8.094123 3.001045 3.659320
v -7.463055 2.202134 3.523776
v -7.484901 2.444763 3.479538
v -7.133852 2.292754 3.461668
v -8.181895 3.704952 3.457346
v -8.349566 4.370379 3.369169
v -7.945596 3.187570 3.674022
v -7.919148 3.593358 3.630748
v -7.843400 2.935679 3.576061
v -7.061095 2.909436 3.648295
v -6.810606 2.541261 3.606626
v -6.779963 2.118740 3.521568
v -6.774352 1.920112 3.679733
v -7.708094 3.836485 3.600018
v -7.075790 3.793623 3.602311
v -7.703987 4.319638 3.546204
v -7.500182 4.224401 3.670486
v -6.824172 2.888972 3.543787
v -6.862417 3.067333 3.443338
v -6.611948 2.349211 3.713604
v -6.237736 2.233014 3.682153
v -6.593681 3.768707 3.421301
v -6.686312 3.396078 3.433826
v -7.356953 3.972737 3.642219
v -7.171163 3.977150 3.799559
v -6.824871 2.648557 3.820374
v -6.653806 2.904495 3.792795
v -6.465931 2.915371 3.798422
v -6.678823 3.139093 3.707817
v -6.000559 2.939255 3.943486
v -7.682561 4.509079 3.468192
v -7.613315 4.492115 3.675877
v -5.815122 2.307971 3.799730
v -6.798732 3.913178 3.487103
v -6.504613 3.348895 3.507295
v -6.183714 3.691084 3.397666
v -5.530514 2.526248 3.719282
v -7.514691 4.762845 3.467840
v -6.995562 4.492103 3.753785
v -6.892799 4.246068 3.746277
v -6.737764 4.152348 3.454624
v -5.981585 3.350988 4.097999
v -6.238875 3.517802 3.892067
v -7.446791 5.220878 3.538145
v -7.446791 5.220878 3.538145
v -7.222066 4.702390 3.648927
v -6.642967 4.595987 3.575683
v -5.222615 2.819562 3.315795
v -5.222615 2.819562 3.315795
v -6.360542 4.039390 3.489526
v -6.110051 3.817603 3.312263
v -5.816280 3.236184 3.858785
v -5.816280 3.236184 3.858785
v -5.588211 2.912217 3.586550
v -5.653530 3.453379 3.640580
v -5.653530 3.453379 3.640580
v -7.243395 4.975848 3.352818
v -7.243395 4.975848 3.352818
v -7.129436 4.972381 3.515062
v -7.168959 5.393549 3.316041
v -6.892874 4.909177 3.358954
v -6.892874 4.909177 3.358954
v -6.892874 4.909177 3.358954
v -6.863288 5.155477 3.531778
v -6.450298 4.567997 3.433110
v -6.450298 4.567997 3.433110
v -6.019962 3.599945 4.094560
v -5.858407 3.989473 3.489229
v -5.858407 3.989473 3.489229
v -5.934246 3.489963 4.055128
v -5.934246 3.489963 4.055128
v -5.737500 3.939569 3.598773
v -5.737500 3.939569 3.598773
v -7.457350 5.599051 3.451493
v -7.457350 5.599051 3.451493
v -5.256767 3.049059 3.291185
v -5.246469 2.736250 3.134212
v -5.246469 2.736250 3.134212
v -5.493412 3.101392 3.380840
v -5.493412 3.101392 3.380840
v -5.965476 3.980971 3.385399
v -5.965476 3.980971 3.385399
v -5.803963 4.361825 3.401722
v -5.572985 3.596032 3.358469
v -5.572985 3.596032 3.358469
v -5.572985 3.596032 3.358469
v -5.579349 3.740383 3.429041
v -5.579349 3.740383 3.429041
v -5.518542 3.858212 3.399969
v -6.866990 4.955025 3.275925
v -6.935517 5.494580 3.270973
v -6.705482 5.158764 3.298945
v -6.582233 4.910337 3.461554
v -6.582233 4.910337 3.461554
v -6.527631 4.828120 3.304434
v -6.527631 4.828120 3.304434
v -6.527631 4.828120 3.304434
v -6.372241 5.097351 3.256584
v -6.183296 4.811520 3.386111
v -6.292126 4.239968 3.316761
v -6.292126 4.239968 3.316761
v -6.155138 4.091176 3.378734
v -6.155138 4.091176 3.378734
v -6.696971 5.390416 3.458352
v -6.742845 5.662776 3.418195
v -5.167453 3.076988 3.114270
v -5.168619 4.170120 3.346173
v -4.665745 3.806867 3.228315
v -4.937291 3.543884 3.361473
v -6.333368 5.409912 3.321962
v -5.999338 5.347234 3.387230
v -6.446350 6.063391 3.197186
v -5.903040 5.860087 3.275884
v -5.563237 5.082253 3.386544
v -4.770782 5.135126 3.401465
v -4.370814 4.467748 3.373032
v -4.682730 5.503928 3.318623
v -3.955446 3.270554 3.189054
v -4.324227 3.781841 3.195324
v -3.518123 3.045054 3.183365
v -3.783347 4.011773 3.299216
v -4.664478 4.776330 3.448775
v -4.916105 6.084382 3.188448
v -2.580597 2.866259 3.295281
v -2.580597 2.866259 3.295281
v -4.140619 4.395573 3.334541
v -3.233209 3.525320 3.242044
v -4.537221 4.946956 3.538515
v -3.966813 4.579890 3.333675
v -4.309031 5.235304 3.421899
v -4.309031 5.235304 3.421899
v -3.732833 4.271577 3.468546
v -4.568086 5.388980 3.602384
v -4.356603 5.201047 3.625858
v -5.179344 6.820554 2.909705
v -2.839859 3.654452 3.250557
v -2.839859 3.654452 3.250557
v -2.839859 3.654452 3.250557
v -2.839859 3.654452 3.250557
v -2.798439 3.190688 3.287407
v -2.798439 3.190688 3.287407
v -2.130425 2.591938 3.207808
v -2.130425 2.591938 3.207808
v -1.932622 3.504398 3.321200
v -3.252295 4.310570 3.272867
v -3.134764 3.581221 3.535072
v -3.057539 3.746279 3.365244
v -3.013811 3.756999 3.244849
v -3.013811 3.756999 3.244849
v -3.000399 4.082162 3.267069
v -3.000399 4.082162 3.267069
v -3.175885 3.811658 3.589804
v -2.892670 3.573545 3.444174
v -2.892670 3.573545 3.444174
v -4.014257 5.173966 3.316249
v -4.014257 5.173966 3.316249
v -3.795930 5.434718 3.241957
v -3.795930 5.434718 3.241957
v -3.628738 4.402660 3.302392
v -3.640143 4.872198 3.292489
v -2.909619 3.668556 3.626772
v -3.161890 4.367033 3.406054
v -3.161890 4.367033 3.406054
v -3.161890 4.367033 3.406054
v -3.120480 4.370656 3.477685
v -4.431593 5.594913 3.204356
v -4.262228 5.387999 3.357885
v -1.465198 2.984804 3.268939
v -2.607972 3.771470 3.190839
v -2.607972 3.771470 3.190839
v -2.430700 4.124627 3.546675
v -3.473627 5.520441 3.154633
v -3.473627 5.520441 3.154633
v -3.282105 4.950766 3.198738
v -2.915138 5.348270 3.159393
v -2.915138 5.348270 3.159393
v -3.158722 4.770130 3.263864
v -3.158722 4.770130 3.263864
v -3.177089 4.886721 3.377849
v -3.177089 4.886721 3.377849
v -2.635103 4.670741 3.440881
v -2.962919 4.876128 3.373857
v -2.348075 4.109646 3.210727
v -4.146897 6.160588 2.928212
v -3.655953 5.891157 2.999228
v -1.201687 2.876583 3.221311
v -1.201687 2.876583 3.221311
v -2.190318 4.247546 3.130564
v -2.190318 4.247546 3.130564
v -2.044651 4.200200 3.146831
v -2.044651 4.200200 3.146831
v -1.706611 3.999306 3.227793
v -1.238543 3.112784 3.309735
v -1.437220 3.608131 3.272742
v -3.017766 4.884457 3.134759
v -3.017766 4.884457 3.134759
v -2.858756 5.212889 3.106802
v -2.858756 5.212889 3.106802
v -3.098176 4.961415 3.113989
v -3.098176 4.961415 3.113989
v -2.415480 4.701339 3.109625
v -2.645308 4.806751 3.016352
v -2.118953 4.624531 3.360461
v -2.177420 4.429380 3.090160
v -3.227283 5.684277 3.054325
v -3.227283 5.684277 3.054325
v -3.227283 5.684277 3.054325
v -3.210650 6.022662 3.071229
v -4.499951 7.079986 2.714591
v -3.764285 6.506877 2.862665
v -3.966118 6.987301 2.777045
v -3.042487 6.540544 2.849766
v -3.545715 6.607160 2.887531
v -0.922457 3.021415 3.119734
v -0.923279 3.366828 3.221197
v -0.923279 3.366828 3.221197
v -0.923279 3.366828 3.221197
v -0.628489 2.748482 3.111825
v -1.885916 4.300542 3.118846
v -1.885916 4.300542 3.118846
v -1.637550 4.354560 3.107567
v -1.684070 4.599794 3.301816
v -1.183636 3.487563 3.198159
v -2.430224 5.113337 3.033556
v -2.455881 5.357448 2.954058
v -2.842604 5.575337 3.016360
v -2.426840 5.612216 3.023526
v -2.092349 4.845492 3.183341
v -1.726256 4.207507 3.160720
v -1.726256 4.207507 3.160720
v -1.714880 4.177701 3.499911
v -1.821676 4.297257 3.347126
v -1.821676 4.297257 3.347126
v -1.664270 4.340547 3.444812
v -1.664270 4.340547 3.444812
v -1.372521 4.058689 3.654694
v -1.368054 3.691852 3.681817
v -0.883624 3.429716 3.478249
v -0.883624 3.429716 3.478249
v -3.059071 5.936975 3.021455
v -3.059071 5.936975 3.021455
v -4.047302 7.482497 2.610181
v -3.704460 6.865045 2.939233
v -3.438375 7.110559 2.855708
v -3.438375 7.110559 2.855708
v -3.133630 6.315689 3.417055
v -4.091542 7.994788 2.358681
v -3.478447 7.712166 2.716461
v -3.478447 7.712166 2.716461
v -3.493484 7.499446 2.769377
v -3.493484 7.499446 2.769377
v -3.493484 7.499446 2.769377
v -0.790616 3.419863 3.194857
v -0.790616 3.419863 3.194857
v -0.388151 3.076545 3.259523
v -0.180237 2.695117 3.168510
v -0.345739 2.229162 3.156058
v -0.345739 2.229162 3.156058
v -0.344605 2.578941 3.179355
v -0.069758 2.315340 3.294517
v -2.001402 4.855603 2.960039
v -1.829862 4.917978 2.999642
v -0.979290 3.557335 3.636070
v -0.979290 3.557335 3.636070
v -0.803646 3.702308 3.293516
v -0.617225 3.599719 3.261098
v -0.617225 3.599719 3.261098
v -2.165988 5.038866 3.078966
v -1.828925 5.532325 2.988262
v -1.828925 5.532325 2.988262
v -1.568252 5.161609 2.989018
v -1.568252 5.161609 2.989018
v -1.568252 5.161609 2.989018
v -1.869395 4.747216 3.345009
v -1.564367 4.674949 3.301394
v -1.564367 4.674949 3.301394
v -1.571002 4.823563 3.125063
v -1.598424 4.450370 3.275862
v -1.598424 4.450370 3.275862
v -1.515192 4.519772 3.463702
v -1.515192 4.519772 3.463702
v -1.515192 4.519772 3.463702
v -1.423259 4.614501 3.161937
v -1.423259 4.614501 3.161937
v -1.394749 4.658075 3.449849
v -1.156640 3.733764 3.740018
v -0.967845 4.097019 3.592843
v -2.807031 6.246520 2.846450
v -2.807031 6.246520 2.846450
v -2.919913 6.437933 2.912059
v -2.919913 6.437933 2.912059
v -2.513048 6.156263 2.878047
v -2.234750 6.142925 2.794441
v -3.205019 6.804274 2.879763
v -3.389333 7.347514 2.856565
v -3.389333 7.347514 2.856565
v -3.418305 7.203426 2.964275
v -3.418305 7.203426 2.964275
v -3.088334 6.777027 2.925394
v -3.088334 6.777027 2.925394
v -3.240957 6.893406 3.133165
v -2.948568 6.394325 3.160300
v -2.715136 6.373775 3.006222
v -2.715136 6.373775 3.006222
v -2.714707 6.420498 3.322999
v -2.377431 6.313517 3.455293
v -3.654821 7.975860 2.454171
v -3.654821 7.975860 2.454171
v -3.512426 7.511963 2.922964
v -3.512426 7.511963 2.922964
v -3.432227 7.492083 3.126251
v -3.432227 7.492083 3.126251
v -3.359403 7.351080 3.235474
v -3.359403 7.351080 3.235474
v -3.245772 6.862801 3.501103
v -3.245772 6.862801 3.501103
v -3.097269 6.977606 3.513558
v -3.173629 6.612489 3.498056
v -3.173629 6.612489 3.498056
v -3.016517 6.378868 3.490377
v -2.710549 6.692056 3.440770
v -2.875967 7.265135 3.266667
v -8.319434 -5.678441 -0.206275
v -8.066418 -5.678524 -0.357505
v -7.767363 -5.658861 -0.341167
v -6.863299 -5.736407 -0.132275
v -6.632512 -5.197770 0.210194
v -6.989485 -5.285439 -0.017926
v -6.547806 -5.756815 -0.148795
v -6.591944 -5.387217 -0.070213
v -5.958618 -5.515385 0.030502
v -6.348821 -5.297756 0.093917
v -5.969510 -4.983932 0.179209
v -6.437455 -4.835123 0.219748
v -6.118343 -5.793367 -0.080762
v -5.677125 -5.815166 -0.113445
v -5.264527 -5.914792 -0.111245
v -4.891561 -5.092609 0.073064
v -4.780735 -5.905016 -0.119284
v -4.929700 -4.532248 0.218705
v -5.826471 -4.229514 0.190482
v -4.206338 -5.047421 0.102782
v -3.997333 -5.643276 0.007906
v -3.997333 -5.643276 0.007906
v -3.836853 -5.250164 0.193122
v -3.836853 -5.250164 0.193122
v -4.892078 -3.948165 0.177378
v -3.824450 -5.933490 -0.072436
v -3.824450 -5.933490 -0.072436
v -3.921552 -4.994920 0.207248
v -3.921552 -4.994920 0.207248
v -4.838890 -4.309905 0.203562
v -5.169787 -3.377859 0.193348
v -5.169787 -3.377859 0.193348
v -4.595049 -4.415123 0.688956
v -4.661723 -4.030171 0.537434
v -3.105709 -5.136795 0.117562
v -3.299241 -5.877188 -0.067509
v -2.859149 -5.872424 -0.060191
v -3.939164 -4.636295 0.354012
v -4.393302 -4.789956 0.447065
v -5.066574 -3.480283 0.213901
v -5.066574 -3.480283 0.213901
v -4.632386 -3.668987 0.260891
v -4.632386 -3.668987 0.260891
v -4.858603 -3.512242 0.206000
v -4.858603 -3.512242 0.206000
v -4.141851 -4.228163 0.708543
v -4.075417 -4.625219 0.554834
v -3.806111 -4.317684 0.692772
v -5.001021 -3.692774 0.460722
v -5.001021 -3.692774 0.460722
v -5.028337 -3.536798 0.583948
v -4.697719 -3.721427 0.443599
v -4.697719 -3.721427 0.443599
v -4.680127 -3.696420 0.601698
v -4.680127 -3.696420 0.601698
v -4.680127 -3.696420 0.601698
v -4.710467 -3.502119 0.293018
v -4.710467 -3.502119 0.293018
v -4.659231 -3.874987 0.715491
v -4.659231 -3.874987 0.715491
v -4.498118 -3.947958 0.809231
v -4.498118 -3.947958 0.809231
v -4.380484 -3.756058 0.618893
v -4.380484 -3.756058 0.618893
v -4.380484 -3.756058 0.618893
v -4.250976 -3.925982 0.648939
v -4.250976 -3.925982 0.648939
v -4.250976 -3.925982 0.648939
v -4.250976 -3.925982 0.648939
v -4.127881 -3.027083 1.176952
v -4.511031 -3.629998 0.771092
v -2.397159 -5.879857 -0.044817
v -2.568059 -5.398096 0.121319
v -3.542256 -4.563882 0.231101
v -3.542256 -4.563882 0.231101
v -3.542256 -4.563882 0.231101
v -3.510458 -4.296673 0.481642
v -3.510458 -4.296673 0.481642
v -3.840708 -3.512928 1.010260
v -4.241819 -3.792670 0.605206
v -4.241819 -3.792670 0.605206
v -4.289789 -3.725069 0.461132
v -4.289789 -3.725069 0.461132
v -4.260291 -3.478281 0.320346
v -4.260291 -3.478281 0.320346
v -3.973244 -3.412344 0.592343
v -4.127901 -3.952369 0.591449
v -4.127901 -3.952369 0.591449
v -3.915914 -3.576979 0.777069
v -3.606129 -4.122868 0.677154
v -3.606129 -4.122868 0.677154
v -3.697513 -4.001825 0.662131
v -3.697513 -4.001825 0.662131
v -4.268640 -2.771009 1.199841
v -3.872308 -3.188858 1.185264
v -2.028492 -5.838733 -0.042741
v -2.499227 -4.863182 0.083625
v -3.646595 -3.866116 0.346784
v -3.461890 -4.235906 0.228735
v -3.461890 -4.235906 0.228735
v -3.725829 -3.878225 0.452893
v -3.422709 -3.892458 0.244032
v -3.422709 -3.892458 0.244032
v -2.817195 -4.575876 0.210948
v -3.206953 -4.023383 0.225442
v -4.019131 -3.591377 0.382522
v -3.943561 -3.360866 0.489983
v -3.943561 -3.360866 0.489983
v -3.343722 -3.346625 0.694038
v -3.617950 -3.000834 0.695723
v -3.617950 -3.000834 0.695723
v -3.617950 -3.000834 0.695723
v -4.311173 -2.624068 0.448806
v -4.261489 -2.590267 0.303121
v -3.542248 -3.287067 0.966336
v -3.542248 -3.287067 0.966336
v -4.094838 -2.292810 0.800380
v -3.648881 -3.368676 1.125390
v -3.648881 -3.368676 1.125390
v -3.865050 -2.713074 0.825466
v -3.628088 -3.058670 0.898767
v -3.628088 -3.058670 0.898767
v -2.239439 -4.656714 0.278255
v -2.463254 -4.410504 0.204318
v -2.134091 -4.916435 0.143382
v -1.745353 -5.000693 0.263710
v -1.450736 -5.106103 0.272374
v -1.525946 -5.503822 0.043648
v -3.230310 -3.605148 0.307698
v -3.230310 -3.605148 0.307698
v -3.277789 -3.540360 0.356343
v -3.277789 -3.540360 0.356343
v -2.820608 -4.024030 0.365889
v -2.877802 -3.806709 0.543469
v -3.163809 -3.268330 0.584728
v -3.163809 -3.268330 0.584728
v -3.053069 -3.685473 0.450221
v -4.124670 -2.396482 0.341851
v -4.124670 -2.396482 0.341851
v -3.995208 -2.355851 0.470156
v -3.995208 -2.355851 0.470156
v -3.995208 -2.355851 0.470156
v -3.757541 -2.809207 0.726700
v -3.894595 -2.655085 0.421841
v -3.845673 -2.547702 0.446708
v -3.845673 -2.547702 0.446708
v -3.494757 -2.839036 0.614242
v -3.494757 -2.839036 0.614242
v -3.772806 -2.287407 0.773599
v -3.772806 -2.287407 0.773599
v -3.330537 -2.992605 0.688080
v -3.818148 -2.072957 0.980218
v -1.078819 -5.827271 -0.094694
v -0.917056 -5.595429 -0.063616
v -2.480951 -3.913240 0.284658
v -1.817655 -4.585622 0.295433
v -2.309903 -3.672344 0.342264
v -3.360471 -2.938563 0.358158
v -3.178506 -3.028572 0.509342
v -3.178506 -3.028572 0.509342
v -3.160637 -2.764207 0.385456
v -3.160637 -2.764207 0.385456
v -3.160637 -2.764207 0.385456
v -2.809089 -3.415831 0.479981
v -2.495360 -2.907365 0.457709
v -2.538870 -3.380153 0.368267
v -3.475092 -2.748827 0.538716
v -3.475092 -2.748827 0.538716
v -3.475092 -2.748827 0.538716
v -3.525288 -2.460358 0.732602
v -3.273003 -2.580754 0.649532
v -2.723954 -2.730754 0.465582
v -3.546673 -1.960455 1.188321
v -3.378924 -1.969944 0.859290
v -3.378924 -1.969944 0.859290
v -0.682414 -5.868697 -0.127787
v -0.102335 -5.004380 0.039329
v -1.881765 -3.649077 0.427254
v -1.225734 -4.380868 0.394872
v -0.705152 -4.916615 0.161666
v -2.051256 -2.924159 0.499885
v -2.877179 -2.474792 0.515158
v -3.171574 -2.103609 0.722040
v -3.171574 -2.103609 0.722040
v -2.884112 -2.054471 0.536609
v -2.884112 -2.054471 0.536609
v -2.971742 -1.628268 0.989377
v -3.098450 -1.752585 1.257981
v -3.122059 -1.476216 1.484756
v -3.188403 -1.115474 1.539764
v -0.144308 -5.836929 -0.130331
v -0.415196 -4.168279 0.271618
v -1.779710 -3.252825 0.629296
v -1.539012 -3.446614 0.387999
v -2.436258 -2.665230 0.534412
v -2.556006 -2.236161 0.465900
v -2.745972 -1.825653 0.575032
v -2.745972 -1.825653 0.575032
v -2.687431 -1.906073 0.514554
v -2.687431 -1.906073 0.514554
v -2.178528 -2.058260 0.512165
v -2.698658 -1.569043 0.961810
v -2.614457 -1.570903 0.604661
v -2.614457 -1.570903 0.604661
v -2.919286 -1.160877 1.435010
v -2.701394 -1.182252 0.991008
v 0.319994 -5.871145 -0.073268
v -1.270535 -3.165324 0.424092
v -0.899059 -3.380859 0.270158
v -1.642661 -2.819495 0.416107
v -1.719738 -2.371427 0.461280
v -1.553477 -2.929343 0.480915
v -0.428917 -3.290626 0.211264
v -1.134223 -2.751796 0.333216
v -2.462008 -1.258076 0.654088
v -2.365998 -0.858907 0.707883
v -2.732866 -0.771678 1.367438
v 0.929560 -5.824545 -0.049984
v 0.074299 -4.679296 0.206158
v 0.622276 -4.824221 0.220545
v 0.909053 -5.509048 0.026240
v 0.244534 -4.034196 0.167922
v 0.550510 -3.534292 0.171871
v -1.404934 -2.154022 0.514221
v -1.404934 -2.154022 0.514221
v -1.728246 -1.470862 0.661486
v -1.866271 -1.671979 0.664156
v -1.866271 -1.671979 0.664156
v -1.595158 -2.018121 0.602985
v -1.595158 -2.018121 0.602985
v -1.793682 -1.976122 0.678810
v -1.597745 -1.833909 0.584223
v -1.597745 -1.833909 0.584223
v -1.511821 -2.139572 0.735953
v -1.382026 -1.617396 1.005619
v -1.262994 -2.265209 0.680402
v -1.102410 -2.175522 0.468521
v -1.102410 -2.175522 0.468521
v -1.788761 -1.017391 0.744753
v -1.886747 -0.698886 0.761306
v -2.284673 -0.491768 0.922588
v -1.963947 -0.348559 0.835585
v -1.284430 -2.027406 0.883603
v 0.939170 -4.773212 0.222331
v 1.413331 -5.458087 0.004313
v 1.413331 -5.458087 0.004313
v 1.311454 -4.703294 0.144041
v 1.311454 -4.703294 0.144041
v 1.422412 -5.842571 -0.050909
v 1.422412 -5.842571 -0.050909
v 0.936985 -4.165728 0.214865
v -0.200352 -2.596200 0.253132
v -0.609908 -1.938280 0.426423
v -0.872295 -1.992755 0.424920
v -0.872295 -1.992755 0.424920
v -1.650514 -1.367210 0.731009
v -1.272937 -1.042559 0.721934
v -1.272937 -1.042559 0.721934
v -1.644075 -0.928540 0.910268
v -1.385877 -1.135124 0.781393
v -1.463392 -1.213160 1.158592
v -0.800425 -1.693021 0.879993
v -0.800425 -1.693021 0.879993
v 1.922994 -4.946672 0.051908
v 1.922097 -5.786329 -0.076403
v 2.164084 -5.450427 0.004746
v 1.155960 -3.115040 0.230618
v 1.155960 -3.115040 0.230618
v -0.776746 -1.922824 0.614193
v -0.776746 -1.922824 0.614193
v -1.499946 -0.880913 1.015816
v -1.345469 -0.806365 0.927683
v -1.345469 -0.806365 0.927683
v -1.082652 -0.926798 1.071205
v -1.082652 -0.926798 1.071205
v -1.082652 -0.926798 1.071205
v -0.952536 -1.010731 0.712114
v -0.952536 -1.010731 0.712114
v -0.887022 -0.933149 0.634765
v -0.887022 -0.933149 0.634765
v -0.887022 -0.933149 0.634765
v -0.938245 -0.699235 0.651918
v -1.072811 -1.448097 0.936539
v -0.926805 -1.390055 0.978701
v -0.926805 -1.390055 0.978701
v -0.575576 -1.477920 0.930368
v -0.734620 -1.186595 0.891577
v -0.340160 -1.692783 0.414623
v -1.581989 -0.388182 0.920918
v -1.669492 -0.619068 0.980850
v -1.435992 -0.417221 0.933658
v -1.435992 -0.417221 0.933658
v -1.499566 -0.112589 0.985095
v -1.499566 -0.112589 0.985095
v -1.478861 -0.567294 1.161807
v -1.478861 -0.567294 1.161807
v -1.166238 -0.465682 0.883154
v -0.956007 -1.132557 1.026289
v -0.956007 -1.132557 1.026289
v 2.596116 -5.206291 0.099182
v 2.530338 -5.782212 -0.075090
v 2.527828 -5.571401 0.060067
v 2.683874 -5.677365 -0.180222
v 1.338442 -3.894619 0.127944
v 1.338442 -3.894619 0.127944
v 1.564273 -4.210676 0.126307
v 1.564273 -4.210676 0.126307
v 0.661519 -2.845630 0.253616
v 0.022667 -1.880869 0.332782
v -0.799649 -0.990316 0.712104
v -0.799649 -0.990316 0.712104
v -0.525668 -0.805749 0.686298
v -0.427169 -1.168553 0.485709
v -0.427169 -1.168553 0.485709
v -0.427169 -1.168553 0.485709
v -0.624229 -1.095117 0.528147
v -0.624229 -1.095117 0.528147
v -0.460683 -1.201242 0.640804
v -0.335360 -1.383145 0.428500
v -1.208722 -0.123608 0.974272
v -1.104713 0.187364 0.886656
v -0.933100 -0.335436 0.909547
v -0.678952 -0.086169 0.869340
v -0.556737 -0.541986 0.927342
v 2.998111 -5.403059 0.134614
v 2.898841 -5.723341 -0.157240
v 1.687039 -3.746394 0.082223
v 1.987758 -2.823605 0.197083
v 2.403650 -4.320945 0.062266
v 0.996454 -2.219040 0.336043
v 0.996454 -2.219040 0.336043
v 1.148786 -2.589545 0.351465
v 1.148786 -2.589545 0.351465
v 1.328934 -2.837784 0.255151
v 1.328934 -2.837784 0.255151
v 0.679702 -1.861167 0.389865
v 0.679702 -1.861167 0.389865
v 0.323657 -1.615641 0.447637
v 0.323657 -1.615641 0.447637
v 0.901774 -1.790875 0.438516
v 0.901774 -1.790875 0.438516
v 0.901774 -1.790875 0.438516
v 0.592095 -1.548971 0.537211
v -0.301854 -0.826189 0.577635
v 0.014377 -1.094888 0.534763
v 0.014377 -1.094888 0.534763
v -0.067128 -1.287451 0.419597
v -0.045670 -0.938594 0.568360
v -0.045670 -0.938594 0.568360
v -0.045670 -0.938594 0.568360
v -0.018606 -0.797718 0.707766
v -0.087043 -1.161721 0.725490
v 0.140915 -1.263518 0.632169
v 0.140915 -1.263518 0.632169
v 0.426051 -1.281647 0.703657
v -0.649298 0.108015 0.911603
v 0.040340 -0.504996 0.735382
v -0.120282 -1.128250 0.875437
v -0.120282 -1.128250 0.875437
v 0.127304 -0.820980 0.894300
v -0.539288 0.371470 1.576617
v -1.127135 0.653345 1.695096
v -1.127135 0.653345 1.695096
v -0.481885 0.163029 1.214349
v -0.820431 0.614909 1.924273
v -0.916251 0.864165 1.991715
v -0.916251 0.864165 1.991715
v -0.668940 0.828345 2.259307
v -0.366467 0.453925 1.935075
v 3.034611 -4.558706 0.134993
v 3.218435 -5.143789 0.236308
v 3.186644 -4.843449 0.146102
v 3.140449 -5.083007 0.466072
v 3.102909 -4.652468 0.280172
v 2.353889 -3.566202 0.108270
v 1.774269 -1.841946 0.434001
v 1.572842 -2.359228 0.325859
v 0.747930 -0.966348 0.640392
v 1.079122 -1.432702 0.559651
v 1.079122 -1.432702 0.559651
v -0.095179 -0.007876 0.756521
v 0.360866 -0.288840 0.784398
v 0.451691 -0.878686 0.841968
v 0.306499 -0.735270 0.715784
v 0.094072 -0.069236 1.064027
v -0.117127 0.338435 1.414937
v 0.164489 0.493881 1.797560
v 0.137627 0.703690 2.285643
v -0.012873 1.000988 2.484455
v -0.671683 1.195684 2.249262
v -0.381617 1.337936 2.503439
v -0.612930 1.653965 2.556812
v -0.612930 1.653965 2.556812
v 3.221134 -4.283087 0.125636
v 2.892894 -2.836607 0.157933
v 3.053047 -3.706319 0.031726
v 3.442564 -3.903025 0.012505
v 3.441508 -4.761393 0.505929
v 1.284863 -0.938242 0.746407
v 1.284863 -0.938242 0.746407
v 0.623252 -0.355890 0.856210
v 0.878522 -0.672008 0.777755
v 1.079505 -0.392025 0.908334
v 1.079505 -0.392025 0.908334
v 0.510785 -0.030242 1.443820
v 0.567111 0.401543 1.937684
v 0.469246 0.570462 1.873242
v 0.401432 0.573871 2.068709
v 0.682405 1.121272 2.707678
v 0.336882 1.681611 2.959609
v 0.336882 1.681611 2.959609
v -0.230430 1.836283 2.921066
v -0.230430 1.836283 2.921066
v -0.056655 2.103198 3.046626
v 1.707579 -1.156124 0.597280
v 1.158780 -0.799957 0.973735
v 1.158780 -0.799957 0.973735
v 1.129069 -0.595297 1.019138
v 1.129069 -0.595297 1.019138
v 1.510328 -0.538844 0.901142
v 1.510328 -0.538844 0.901142
v 1.507242 -0.676033 0.781674
v 1.304504 -0.480029 1.056838
v 1.304504 -0.480029 1.056838
v 1.413847 -0.397131 1.098007
v 0.982774 -0.075747 1.627727
v 1.755010 -0.164948 1.818238
v 0.812984 0.732200 2.379303
v 0.725057 1.641280 2.945711
v 0.725057 1.641280 2.945711
v 0.073971 2.205273 3.244155
v 0.253928 2.490366 3.154421
v 3.416954 -5.691194 -0.024320
v 3.342692 -5.471043 0.229001
v 3.944775 -5.690299 -0.053816
v 3.564890 -5.681867 0.138903
v 3.923336 -5.592726 0.341638
v 3.570227 -5.211394 0.449577
v 4.041503 -5.579501 0.012022
v 4.730554 -5.403679 -0.030234
v 4.754542 -5.529648 -0.070801
v 3.916086 -5.069069 0.649706
v 4.184070 -5.301734 0.565081
v 4.623498 -5.408994 0.275098
v 5.033257 -5.309202 0.357335
v 5.033257 -5.309202 0.357335
v 4.967378 -5.246321 0.493452
v 4.967378 -5.246321 0.493452
v 4.100448 -4.639288 0.605409
v 4.081203 -3.650497 0.099052
v 4.609689 -4.783926 0.815042
v 4.761256 -5.079260 0.801523
v 0.168025 2.680213 3.220646
v -1.300144 4.608025 3.142580
v -1.300144 4.608025 3.142580
v -0.850170 3.960477 3.244909
v -0.892782 4.313452 3.185756
v -0.464866 4.152294 3.287918
v -0.429014 3.767452 3.251523
v -1.097003 4.578920 3.359704
v -0.828204 4.661477 3.305075
v -0.290210 3.451042 3.300532
v -0.290210 3.451042 3.300532
v 0.248829 3.825894 3.369243
v -0.196195 3.702091 3.343108
v -0.196195 3.702091 3.343108
v -0.196195 3.702091 3.343108
v -1.746780 5.387115 2.992155
v -1.746780 5.387115 2.992155
v -1.330755 4.912312 3.074118
v -1.330755 4.912312 3.074118
v -1.331038 5.055451 3.230457
v -1.378493 5.164850 3.309434
v -1.199672 4.927966 3.124756
v -1.119207 5.258158 3.055130
v -1.226828 4.715495 3.340929
v -0.298916 3.801025 3.508871
v -0.298916 3.801025 3.508871
v -0.298916 3.801025 3.508871
v -0.343279 3.914311 3.416528
v -0.343279 3.914311 3.416528
v -2.096406 6.252847 2.977671
v -2.018497 6.379939 2.674774
v -2.018497 6.379939 2.674774
v -1.582929 5.884269 2.816676
v -3.568218 8.143905 2.158905
v -3.568218 8.143905 2.158905
v -3.023757 8.151946 2.185728
v -3.004896 7.872323 2.644134
v -2.907291 7.708549 2.986748
v -2.384735 7.277178 3.122897
v -2.389143 6.652465 3.563356
v -2.032768 6.683008 3.490648
v -1.829598 6.595329 3.065027
v 0.688772 2.910522 3.206697
v 0.800172 3.436837 3.366753
v -1.272795 5.590604 2.998868
v -0.964533 5.419077 3.076992
v -0.768232 5.063900 3.238384
v -0.499022 4.884514 3.297191
v -0.152125 4.023922 3.594925
v -0.152125 4.023922 3.594925
v -0.075185 4.230694 3.418269
v -0.075185 4.230694 3.418269
v -0.277024 4.471802 3.324370
v -0.051799 3.956203 3.445191
v -1.904192 6.285420 2.625096
v -1.904192 6.285420 2.625096
v -1.661625 6.510003 2.591375
v -1.670884 6.710138 2.595660
v -1.670884 6.710138 2.595660
v -1.670884 6.710138 2.595660
v -1.251710 6.057195 2.905943
v -1.474577 6.268252 2.797521
v -2.695656 8.027112 2.797636
v -1.877819 7.210896 3.266433
v -1.735090 7.024607 3.349481
v 0.571220 4.120466 3.255804
v 1.033846 3.247786 3.284442
v 1.053918 3.669712 3.188552
v -0.879039 6.041626 2.811199
v -0.677746 5.405851 3.273296
v -0.546884 5.750530 3.196810
v -0.227825 4.884355 3.224475
v 0.049298 5.595653 3.280402
v 0.106910 4.366751 3.377748
v 0.106910 4.366751 3.377748
v -0.016777 4.858344 3.249424
v 0.311124 4.369245 3.366935
v 0.311124 4.369245 3.366935
v -1.671040 7.172658 2.400312
v -1.671040 7.172658 2.400312
v -1.136392 6.656118 2.520967
v -1.699876 7.223543 2.594435
v -1.461970 6.989046 2.964488
v -1.364838 7.224639 3.008137
v -2.574315 8.108255 2.356984
v -2.443832 7.965316 2.725872
v -1.949714 8.077436 2.708136
v -1.949714 8.077436 2.708136
v -2.200699 8.061624 2.715263
v -1.650002 7.654696 3.098734
v 0.549425 4.424829 3.141126
v 0.744793 4.767483 3.168031
v 0.744793 4.767483 3.168031
v 0.744793 4.767483 3.168031
v 0.997444 4.179810 3.085703
v 0.973428 4.507082 3.103420
v 1.401291 3.497428 3.108083
v 0.328429 5.397851 3.267449
v 0.373558 4.773102 3.157476
v 0.373558 4.773102 3.157476
v 0.573567 5.122777 3.038284
v 0.715911 4.827523 3.106021
v 0.715911 4.827523 3.106021
v -0.655994 6.742018 2.592928
v -0.382957 6.303549 2.909631
v 0.492328 5.932764 2.967034
v -1.952150 7.902164 2.420179
v -1.952150 7.902164 2.420179
v -1.787645 7.790735 2.334129
v -1.835905 7.639703 2.353044
v -1.835905 7.639703 2.353044
v -1.902405 7.663982 2.454474
v -1.902405 7.663982 2.454474
v -1.841899 7.598569 2.567366
v -1.663144 7.470666 2.257745
v -1.306805 7.149507 2.443561
v -2.232964 8.103103 2.386882
v -2.054428 8.037458 2.494081
v -2.054428 8.037458 2.494081
v -1.784380 7.946293 2.841376
v -1.784380 7.946293 2.841376
v -2.006090 8.009995 2.219250
v -2.006090 8.009995 2.219250
v -2.006090 8.009995 2.219250
v -1.612639 7.857596 2.834370
v -1.612639 7.857596 2.834370
v -1.356643 7.552243 3.050120
v 1.310282 4.165606 3.029467
v 1.167089 4.440731 3.335366
v 1.597494 3.771767 3.075532
v 1.405779 4.073580 3.345289
v 1.667413 3.676095 3.408367
v 1.385869 4.122221 3.894811
v 0.727253 5.695333 2.916522
v 0.817919 5.056316 3.094844
v 0.817919 5.056316 3.094844
v 0.868848 4.980444 3.180973
v 0.868848 4.980444 3.180973
v 0.803973 4.729477 3.589883
v 0.803973 4.729477 3.589883
v 0.824410 4.884905 3.702243
v 0.824410 4.884905 3.702243
v 0.978388 5.162605 3.708568
v 1.121482 4.420759 3.867562
v -0.820066 7.010850 2.452180
v -0.486372 6.899907 2.439961
v -0.348703 6.840567 2.638734
v 0.870038 4.812261 3.953167
v 0.870038 4.812261 3.953167
v 1.117985 4.480718 3.959821
v 1.117985 4.480718 3.959821
v 1.344443 5.159448 4.171921
v 1.459936 4.173067 4.076608
v 1.459936 4.173067 4.076608
v 1.897639 3.434060 4.198724
v 1.897639 3.434060 4.198724
v -1.426591 8.148250 2.217278
v -1.419448 7.801767 2.264172
v -0.736796 7.479095 2.345318
v -0.671925 7.748898 2.348037
v 1.557349 4.967925 4.205743
v 0.623456 5.938242 2.794386
v 0.839557 6.006869 2.906307
v 1.070653 5.538099 2.895015
v -0.076270 7.051309 2.532077
v 0.142579 6.645098 2.610735
v 0.985027 6.318814 2.593595
v 0.784860 6.839587 2.509146
v 0.812374 6.146531 2.742347
v 1.300525 5.581316 3.070820
v 1.187691 5.580187 3.350859
v -0.971294 8.186341 2.335971
v -0.259073 8.059476 2.308822
v 1.384930 5.492761 3.951787
v 1.194597 6.157711 2.924645
v 1.266289 6.319549 2.582035
v 1.116706 5.894263 2.972237
v 1.323104 5.707773 2.916646
v 1.323104 5.707773 2.916646
v 1.333275 5.854311 2.842813
v 1.333275 5.854311 2.842813
v 0.025299 7.673143 2.539144
v 0.488615 7.352301 2.445299
v 1.305847 5.865400 3.215945
v 1.581600 6.313008 3.273196
v 1.634009 5.388000 4.120395
v 2.066890 4.856367 4.237511
v 2.269755 3.723307 4.317038
v 2.645077 5.499183 3.880005
v 2.330394 4.878988 4.163832
v 1.145345 7.194499 2.449674
v 1.439421 5.989635 2.752017
v 1.439421 5.989635 2.752017
v 1.383647 6.130965 2.639939
v 1.674671 6.156785 2.790551
v 1.655559 6.315698 3.047452
v 1.628214 6.436303 2.489566
v 1.683594 6.186360 2.657824
v 1.683594 6.186360 2.657824
v 0.960782 7.549636 2.304566
v 1.388183 5.833271 3.597275
v 1.882008 5.911011 3.925418
v 1.698211 6.133994 3.585483
v 1.895609 6.423917 3.456723
v 2.293632 6.096739 3.707603
v 1.429032 6.772959 2.616348
v 1.899508 6.310733 2.615565
v 1.899508 6.310733 2.615565
v 1.899508 6.310733 2.615565
v 1.945972 6.219666 2.699893
v 1.914402 6.800943 2.507130
v 2.035400 6.390981 2.805824
v 1.588477 7.633865 2.359260
v 1.532471 7.199531 2.438611
v 1.903535 7.606096 2.516052
v 0.579304 8.121374 2.317160
v 2.180660 6.580174 3.345622
v 2.609719 4.642868 4.222363
v 3.017165 5.171068 3.823800
v 2.275134 7.049955 2.486469
v 2.255634 6.374796 2.746604
v 2.255634 6.374796 2.746604
v 2.139705 6.540356 2.720859
v 2.499750 6.573722 2.591821
v 2.296807 6.825487 2.766230
v 2.495124 6.599254 3.147154
v 2.495124 6.599254 3.147154
v 2.531480 6.198005 2.752003
v 2.531480 6.198005 2.752003
v 1.318421 8.117158 2.294940
v 1.901982 7.148409 2.490780
v 3.413639 4.757885 3.757864
v 3.413639 4.757885 3.757864
v 3.400134 5.390542 3.553214
v 3.152407 6.040411 3.506401
v 2.718546 6.316292 3.474287
v 2.547916 6.719162 3.342365
v 2.291540 7.485076 2.372046
v 2.413199 7.246821 2.481742
v 2.667558 6.290373 2.749565
v 2.667558 6.290373 2.749565
v 2.678588 6.534299 3.096984
v 2.678588 6.534299 3.096984
v 3.263112 5.670723 2.990656
v 2.813089 6.055968 2.929502
v 2.813089 6.055968 2.929502
v 2.970580 6.330137 3.163415
v 2.970580 6.330137 3.163415
v 3.255764 5.705750 2.900641
v 3.255764 5.705750 2.900641
v 3.147057 6.084701 2.783421
v 3.463852 5.838467 3.145321
v 3.601458 5.781220 2.922657
v 3.654504 6.034476 2.834543
v 3.699955 5.416860 2.974637
v 3.699955 5.416860 2.974637
v 3.723042 5.508988 2.892790
v 1.823191 7.777136 2.439537
v 2.050151 8.090261 2.359105
v 1.622522 8.115818 2.261249
v 2.501488 7.204770 2.806621
v 2.696466 6.558125 3.000398
v 2.696466 6.558125 3.000398
v 2.696466 6.558125 3.000398
v 2.689834 6.755551 2.974339
v 2.689834 6.755551 2.974339
v 3.307180 7.163625 3.174892
v 3.018897 7.273660 3.061568
v 3.018897 7.273660 3.061568
v 2.772535 6.559443 3.092108
v 2.772535 6.559443 3.092108
v 2.772535 6.559443 3.092108
v 2.677639 6.654295 3.265630
v 3.175760 6.339946 3.041870
v 3.503201 5.850492 3.290855
v 3.503987 5.729421 3.440048
v 2.662016 7.361400 2.399969
v 2.495495 7.653832 2.366683
v 3.374303 6.364779 2.785684
v 3.964633 6.102848 3.033313
v 3.863093 5.407697 3.003777
v 3.863093 5.407697 3.003777
v 3.863093 5.407697 3.003777
v 4.293175 5.645521 2.966305
v 2.472271 8.131371 2.274842
v 2.861104 7.795916 2.342290
v 3.465289 7.100496 3.087810
v 3.939484 5.551150 3.335350
v 3.939484 5.551150 3.335350
v 3.736809 6.579568 2.714025
v 4.015108 6.247549 2.787290
v 4.021678 6.506341 2.625741
v 4.336883 6.341053 2.690391
v 4.328632 5.777478 2.824166
v 4.300415 5.932435 2.756033
v 2.899697 8.072124 2.197058
v 3.118455 7.799312 2.537460
v 3.034235 7.836350 2.736308
v 3.637548 7.044462 2.718297
v 4.157509 6.678864 2.709898
v 2.945078 7.595497 2.889911
v 3.133539 7.491840 2.998622
v 3.133539 7.491840 2.998622
v 3.133539 7.491840 2.998622
v 3.329230 7.431564 3.022855
v 3.329230 7.431564 3.022855
v 3.469177 7.313300 2.990242
v 3.469177 7.313300 2.990242
v 4.586311 6.411179 2.810199
v 3.247941 8.033928 2.226580
v 3.247941 8.033928 2.226580
v 3.258753 7.874760 2.320149
v 3.258753 7.874760 2.320149
v 3.439075 8.239453 2.428080
v 3.484572 7.784995 2.536397
v 3.530515 7.472957 2.584133
v 3.530515 7.472957 2.584133
v 3.758069 7.509048 2.551968
v 4.272671 7.068891 2.625162
v 4.743269 6.923285 2.670190
v 4.216241 7.667744 2.410123
v 3.796994 8.174821 2.226608
v 3.786289 7.905141 2.422348
v 4.071609 8.155437 2.300545
v 4.659485 8.164312 2.194980
v 5.345326 7.421343 2.535593
v 5.138274 8.109665 2.198063
v 5.574469 7.742435 2.408781
v 6.174031 7.021976 2.407038
v 6.163520 6.631435 2.527019
v 5.592994 8.022108 2.218695
v 5.813745 7.728309 2.307889
v 6.266350 7.641473 2.252116
v 6.402598 8.038327 2.182725
v 6.715705 7.402562 2.371754
v 6.715705 7.402562 2.371754
v 6.893371 7.769439 2.279804
v 6.893371 7.769439 2.279804
v 6.772387 8.068179 2.295306
v 4.178729 -3.310233 0.045198
v 3.690887 -2.209403 0.126225
v 2.898076 -1.973224 0.286665
v 2.894832 -1.495807 0.432597
v 4.259778 -2.901995 0.062594
v 2.707570 -1.077987 0.617420
v 2.707570 -1.077987 0.617420
v 2.296610 -0.874133 0.648328
v 2.296610 -0.874133 0.648328
v 2.163723 -0.865027 0.636931
v 2.163723 -0.865027 0.636931
v 1.823286 -0.736776 0.645734
v 1.823286 -0.736776 0.645734
v 1.475521 0.070969 2.014172
v 2.110344 -0.522123 1.258568
v 1.874894 0.408771 2.402874
v 2.371930 -0.161049 1.904227
v 1.514654 0.992540 2.805502
v 1.514654 0.992540 2.805502
v 1.168987 1.444803 2.967810
v 1.168987 1.444803 2.967810
v 0.672307 2.319019 3.075375
v 1.002582 2.456965 3.264294
v 1.433877 1.822453 3.200058
v 4.749570 -2.256908 0.149805
v 4.334092 -4.030159 0.409201
v 3.223910 -1.144434 0.633561
v 3.223910 -1.144434 0.633561
v 2.593419 -0.426244 1.684079
v 3.076267 -0.901851 1.082030
v 3.003621 -0.086775 2.150257
v 2.549344 0.306511 2.547366
v 1.794472 1.185758 3.084607
v 4.662120 -3.798117 0.195908
v 3.349937 -1.422934 0.568152
v 4.051184 -1.617213 0.433586
v 3.746384 -1.277688 0.558396
v 3.746384 -1.277688 0.558396
v 3.994140 -1.127260 1.094301
v 3.937816 -0.790245 1.548611
v 3.223877 -0.585448 1.652384
v 3.360311 0.163980 2.762066
v 2.315704 0.964971 3.068619
v 2.315704 0.964971 3.068619
v 2.071757 0.802175 2.842821
v 2.071757 0.802175 2.842821
v 2.742283 0.865748 3.079003
v 2.742283 0.865748 3.079003
v 2.654479 1.712880 3.300593
v 2.134228 1.888792 3.355874
v 1.584177 2.084827 3.263630
v 4.967093 -2.668213 0.183176
v 5.169179 -2.795314 0.182567
v 4.870191 -1.553993 0.315787
v 4.870191 -1.553993 0.315787
v 4.414273 -1.285953 0.405848
v 4.414273 -1.285953 0.405848
v 4.283101 -1.362903 0.471447
v 4.283101 -1.362903 0.471447
v 4.311187 -0.935441 1.245601
v 4.211130 -0.558785 1.870292
v 3.728339 -0.414105 2.068265
v 3.262743 0.593847 3.141528
v 3.262743 0.593847 3.141528
v 3.043251 1.140573 3.245476
v 2.815006 2.915694 3.173560
v 4.712405 -1.192729 0.389206
v 4.712405 -1.192729 0.389206
v 5.284482 -1.955287 0.252869
v 5.403034 -2.285318 0.204033
v 5.551435 -2.595528 0.253520
v 5.687091 -3.068085 0.315682
v 4.576440 -0.980149 0.485327
v 4.574071 -1.076276 0.438622
v 4.574071 -1.076276 0.438622
v 4.574071 -1.076276 0.438622
v 4.813205 -0.940757 1.376084
v 4.227582 -0.307480 2.420235
v 3.843901 0.200455 2.993254
v 3.843901 0.200455 2.993254
v 4.274428 -0.051969 2.728647
v 4.274428 -0.051969 2.728647
v 4.958597 -0.154325 2.566943
v 4.958597 -0.154325 2.566943
v 4.873676 -0.558937 2.184073
v 3.782820 0.878976 3.285162
v 4.039669 0.461361 3.139768
v 3.560274 1.373715 3.241928
v 3.299310 1.566352 3.274940
v 5.992864 -2.207157 0.189704
v 5.936463 -2.676161 0.233020
v 5.809674 -2.525763 0.284318
v 5.216954 -1.225788 0.383852
v 5.282695 -1.353322 0.370505
v 5.282695 -1.353322 0.370505
v 5.537158 -1.466035 0.380390
v 5.537158 -1.466035 0.380390
v 5.029249 -1.065867 0.937945
v 5.486036 -0.535667 2.321080
v 5.414554 -1.016299 1.519879
v 4.905798 0.154465 2.766544
v 3.989551 1.416627 3.160982
v 3.874242 1.570288 3.293174
v 6.196435 -2.287820 0.098668
v 6.656676 -2.793964 0.216548
v 6.247099 -2.214690 0.256227
v 5.485238 -1.286162 0.483378
v 5.485238 -1.286162 0.483378
v 5.739358 -1.355295 0.364632
v 5.739358 -1.355295 0.364632
v 5.906025 -1.831393 0.413433
v 6.243206 -1.643822 0.580243
v 6.381144 -2.135728 0.750554
v 5.854079 -1.061353 1.056414
v 5.847928 -1.288673 0.405143
v 6.343853 -1.906845 0.815603
v 6.724067 -2.389020 0.399853
v 5.786992 -1.186888 0.794456
v 5.688622 -1.050275 1.421840
v 5.577160 -0.860158 1.741517
v 5.789542 -0.687781 1.752107
v 5.723082 -0.492675 2.224343
v 5.193955 0.297973 2.673295
v 5.225954 -0.156296 2.479613
v 5.225954 -0.156296 2.479613
v 4.901728 0.691017 2.958705
v 4.547724 1.509214 3.085925
v 4.434079 0.819104 3.174261
v 3.755703 1.995942 3.168854
v 6.852967 -2.524798 0.094034
v 6.185214 -1.403024 0.430771
v 6.185214 -1.403024 0.430771
v 6.130331 -1.234830 1.016826
v 6.646604 -1.766115 0.887406
v 6.646604 -1.766115 0.887406
v 6.455591 -1.364203 0.522288
v 6.698931 -2.070650 0.876696
v 6.671452 -1.698282 0.668811
v 6.671452 -1.698282 0.668811
v 5.943491 -0.744117 1.213847
v 6.419731 -1.016306 1.252511
v 6.050306 -0.565293 1.234358
v 5.902611 -0.151613 2.283467
v 6.031532 -0.191977 1.554982
v 5.627066 0.300797 2.440092
v 5.627066 0.300797 2.440092
v 5.529947 0.123208 2.439756
v 5.529947 0.123208 2.439756
v 5.802400 0.300545 2.352694
v 5.802400 0.300545 2.352694
v 6.087181 0.280758 2.134243
v 6.087181 0.280758 2.134243
v 5.285965 0.718449 2.772749
v 5.635188 0.456043 2.692206
v 5.626417 1.488012 2.733223
v 5.247427 1.735455 2.859738
v 4.280935 2.093955 3.063688
v 4.220224 2.469227 2.928465
v 4.536297 2.306278 2.990858
v 3.723150 2.669124 3.111667
v 6.723102 -1.574745 0.597754
v 6.723102 -1.574745 0.597754
v 6.723102 -1.574745 0.597754
v 6.820328 -1.463566 0.592416
v 7.099752 -1.879734 0.699337
v 7.273634 -1.800410 0.462447
v 7.273634 -1.800410 0.462447
v 7.273634 -1.800410 0.462447
v 7.099086 -1.636030 0.481237
v 7.099086 -1.636030 0.481237
v 6.920557 -1.308421 1.260061
v 7.250399 -1.430535 1.195160
v 6.993361 -0.886745 1.507411
v 6.907569 -0.430585 1.679357
v 6.420677 -0.233530 1.534490
v 6.207076 0.322587 1.780528
v 5.964487 0.232848 2.267847
v 5.964487 0.232848 2.267847
v 5.964487 0.232848 2.267847
v 5.747049 0.667045 2.456792
v 5.709311 0.855974 2.519191
v 5.922520 0.420066 2.600584
v 5.922520 0.420066 2.600584
v 5.966411 0.632592 2.587393
v 5.966411 0.632592 2.587393
v 6.056512 0.746726 2.680964
v 6.056512 0.746726 2.680964
v 5.112953 2.251514 2.811836
v 4.705222 2.307924 2.884274
v 4.394578 3.344278 2.714628
v 4.132687 3.198053 2.892794
v 4.634583 2.749967 2.665966
v 7.324720 -1.536594 0.353901
v 7.324720 -1.536594 0.353901
v 7.441637 -1.535097 0.353641
v 7.441637 -1.535097 0.353641
v 7.325253 -1.482213 0.629890
v 7.457171 -1.560589 0.618018
v 7.457171 -1.560589 0.618018
v 7.398068 -1.151312 1.290021
v 7.368164 -0.993962 1.333837
v 7.284383 -0.997437 1.584802
v 7.279783 -0.662793 1.877594
v 6.482995 0.260685 1.895766
v 6.482995 0.260685 1.895766
v 6.512351 -0.001411 1.633316
v 6.957603 0.002460 1.834591
v 6.957603 0.002460 1.834591
v 7.537808 -0.853753 1.833665
v 6.220649 0.396993 2.183228
v 6.220649 0.396993 2.183228
v 6.114917 0.484608 2.323944
v 6.423587 0.382728 2.100566
v 6.423587 0.382728 2.100566
v 6.012432 1.046249 2.484621
v 6.012432 1.046249 2.484621
v 6.357813 0.782325 2.296774
v 6.327792 0.824840 2.516708
v 4.841827 3.284038 2.603275
v 4.794760 2.826904 2.675969
v 4.852524 2.543297 2.935868
v 5.327460 2.730433 2.647519
v 5.445317 2.300341 2.630583
v 7.713125 -0.793384 1.582140
v 7.411924 -0.263617 1.974096
v 7.411924 -0.263617 1.974096
v 7.324144 -0.044439 1.946347
v 7.324144 -0.044439 1.946347
v 7.709353 -0.527782 1.931368
v 7.709353 -0.527782 1.931368
v 6.675802 0.225692 1.907034
v 6.675802 0.225692 1.907034
v 6.579829 0.682216 2.245875
v 7.044425 0.779196 2.081495
v 6.235986 1.180233 2.363556
v 6.235986 1.180233 2.363556
v 6.299084 1.459291 2.424734
v 6.299084 1.459291 2.424734
v 6.725024 1.335964 2.336376
v 5.896465 2.013136 2.559938
v 5.979382 2.335002 2.513456
v 6.268387 1.774657 2.510547
v 6.268387 1.774657 2.510547
v 4.669092 3.752765 2.606549
v 7.926421 -0.537933 1.791635
v 7.926421 -0.537933 1.791635
v 7.988520 -0.171784 2.131306
v 8.183054 -0.679554 1.802305
v 8.183054 -0.679554 1.802305
v 8.183054 -0.679554 1.802305
v 8.411241 0.163490 2.157066
v 7.452036 0.526473 2.103104
v 7.516230 0.085517 2.049885
v 7.645307 0.098141 2.135213
v 7.513865 0.431641 2.315736
v 7.558448 -0.068865 2.100788
v 6.598215 1.723042 2.345454
v 7.035575 1.617125 2.377527
v 5.645732 3.253722 2.523750
v 6.185408 2.008021 2.644009
v 6.472321 1.851064 2.522029
v 6.472321 1.851064 2.522029
v 6.522049 2.108885 2.624696
v 6.522049 2.108885 2.624696
v 6.858860 1.754247 2.581189
v 5.059953 4.164476 2.578147
v 5.687322 4.008645 2.523518
v 7.915729 -0.836824 1.648805
v 7.915729 -0.836824 1.648805
v 7.538061 0.888188 2.219955
v 7.743928 0.570562 2.165683
v 7.832917 0.434174 2.152296
v 8.265874 0.208216 2.278242
v 7.085522 1.319846 2.350635
v 7.110672 1.839737 2.597010
v 7.495249 1.440589 2.363037
v 7.961073 0.665394 2.355570
v 6.520575 2.442967 2.572089
v 6.520575 2.442967 2.572089
v 6.792921 2.415755 2.534178
v 6.529070 2.886395 2.633015
v 6.529070 2.886395 2.633015
v 6.189223 3.404551 2.536256
v 8.731934 -0.179526 2.253350
v 8.452642 0.389643 2.376590
v 8.336916 0.306246 2.394507
v 8.766558 0.056541 2.276413
v 8.161777 1.026937 2.452591
v 8.706952 0.227456 2.489246
v 7.161585 2.554835 2.523958
v 7.600981 1.971224 2.534869
v 7.704581 2.689422 2.468040
v 6.522914 3.784437 2.463863
v 6.522914 3.784437 2.463863
v 6.286593 4.042266 2.424818
v 6.286593 4.042266 2.424818
v 6.645691 3.594702 2.460476
v 6.645691 3.594702 2.460476
v 7.216163 3.107601 2.544334
v 9.166418 0.096680 2.260230
v 8.964569 0.620750 2.398149
v 8.723569 0.833522 2.505810
v 8.358263 1.543907 2.513870
v 7.983831 1.254129 2.384451
v 6.268651 4.350054 2.452188
v 6.268651 4.350054 2.452188
v 7.169091 3.759567 2.477621
v 7.116604 3.595302 2.384740
v 9.419628 0.493493 2.166123
v 9.739595 0.380148 2.141449
v 9.695096 0.849873 2.361590
v 9.302087 1.098154 2.555044
v 8.076623 3.255708 2.344784
v 8.030170 2.459970 2.385400
v 8.875005 2.347396 2.430181
v 9.024316 1.822622 2.588452
v 6.950906 4.031857 2.462729
v 7.485337 4.068173 2.393707
v 7.786013 3.653762 2.349472
v 5.220289 -5.211758 0.055627
v 5.220289 -5.211758 0.055627
v 5.059572 -5.621079 -0.078171
v 5.452060 -5.544273 -0.068768
v 5.452060 -5.544273 -0.068768
v 4.659700 -4.495832 0.677411
v 4.885212 -5.076822 0.689465
v 4.988165 -4.943166 0.409912
v 5.206954 -4.821202 0.243471
v 4.883779 -4.299338 0.256911
v 5.317942 -5.043902 0.097445
v 5.535209 -4.801688 0.294073
v 5.415802 -5.375920 -0.011412
v 5.415802 -5.375920 -0.011412
v 5.897036 -5.172574 0.019462
v 5.775546 -5.495639 -0.016111
v 5.930515 -5.567457 -0.187221
v 6.258680 -5.589672 -0.268805
v 6.423312 -4.889915 0.129261
v 6.125474 -4.813294 0.241365
v 6.707986 -5.652131 -0.275020
v 7.188807 -5.677201 -0.275777
v 6.814216 -4.871301 0.106966
v 6.507908 -4.117188 0.228787
v 5.692265 -3.689052 0.297141
v 7.465204 -5.240724 -0.044326
v 6.615497 -3.332824 0.270245
v 8.039234 -5.619240 -0.200924
v 8.080424 -5.066474 0.006525
v 8.700322 -5.350826 -0.141172
v 7.387537 -3.207679 0.241962
v 7.408534 -4.129978 0.215045
v 7.952161 -3.253497 0.215706
v 7.897753 -3.766910 0.196607
v 8.495229 -4.236733 0.106403
v 8.641174 -3.653664 0.185768
v 8.778211 -4.516045 0.114348
v 8.555060 -4.740965 0.089716
v 8.753394 -5.638581 -0.191135
v 9.236850 -5.678375 -0.169061
v 9.069289 -5.376725 -0.077563
v 9.381553 -5.261025 -0.079160
v 7.254812 -2.530025 0.103549
v 6.991551 -2.422470 0.452377
v 6.827929 -2.109143 0.688751
v 9.128335 -5.186279 0.097827
v 9.314246 -4.979983 0.198463
v 9.121758 -4.760242 0.228465
v 9.727920 -5.660342 -0.154211
v 7.502115 -2.757791 0.132308
v 7.320374 -2.302705 0.224458
v 7.821821 -2.640547 0.065212
v 7.563677 -3.112154 0.408682
v 7.822915 -2.768811 0.309610
v 8.071192 -3.016507 0.176498
v 9.409324 -4.026295 0.273568
v 9.444371 -4.714088 0.127708
v 9.665443 -5.073538 0.143664
v 9.607458 -4.736786 0.097050
v 9.790060 -5.453580 -0.158736
v 10.215943 -5.511598 -0.177290
v 8.223272 -2.646360 0.035441
v 8.726976 -3.325921 0.221169
v 8.743551 -2.956342 0.230729
v 8.994005 -3.903922 0.250664
v 9.333398 -3.905929 0.358651
v 9.568149 -4.302447 0.172869
v 9.962056 -4.971871 0.108258
v 7.932185 -2.371508 0.339596
v 7.559309 -1.893552 0.282871
v 7.559309 -1.893552 0.282871
v 7.462605 -1.686614 0.323923
v 7.595843 -1.482350 0.867545
v 7.595843 -1.482350 0.867545
v 8.610294 -2.668839 0.181949
v 9.068429 -3.635828 0.182361
v 9.314751 -3.632159 0.198111
v 9.587424 -3.927202 0.213197
v 9.887165 -4.636102 0.230147
v 10.135350 -4.311788 0.215958
v 10.125212 -4.686084 0.094864
v 10.675776 -4.467523 0.087526
v 10.675776 -4.467523 0.087526
v 10.478207 -5.469769 -0.138370
v 10.682416 -5.528114 -0.151980
v 8.591979 -2.510345 0.458522
v 8.555681 -2.318693 0.554068
v 7.833570 -2.032310 0.321387
v 7.833570 -2.032310 0.321387
v 7.790890 -1.699729 0.241304
v 8.086993 -1.700907 0.978421
v 8.090099 -1.952884 0.317501
v 8.090099 -1.952884 0.317501
v 8.224026 -1.823920 0.411889
v 8.197851 -1.776923 0.612715
v 7.785904 -1.142595 1.219826
v 7.785904 -1.142595 1.219826
v 7.763361 -1.419744 1.057438
v 7.763361 -1.419744 1.057438
v 7.686570 -1.165726 1.331586
v 7.686570 -1.165726 1.331586
v 7.945738 -1.184290 1.208457
v 8.218786 -1.545795 1.153567
v 7.896879 -1.180774 1.332716
v 7.896382 -1.020634 1.549335
v 7.896382 -1.020634 1.549335
v 9.511934 -2.831856 0.130495
v 9.586081 -3.604518 0.350113
v 9.764421 -3.714957 0.247734
v 10.344929 -3.530888 0.217932
v 10.344929 -3.530888 0.217932
v 11.232649 -5.173757 -0.025374
v 11.232649 -5.173757 -0.025374
v 11.107844 -4.762059 0.074762
v 11.107844 -4.762059 0.074762
v 11.108668 -5.047646 -0.011409
v 11.108668 -5.047646 -0.011409
v 8.842542 -2.265937 0.191163
v 8.823054 -1.923075 0.399355
v 8.823054 -1.923075 0.399355
v 9.129290 -2.694460 0.192482
v 8.962402 -2.294434 0.252008
v 8.687443 -1.918021 0.565103
v 8.687443 -1.918021 0.565103
v 8.524276 -1.741233 0.669039
v 8.486246 -1.548325 0.977998
v 8.708850 -1.539534 0.903723
v 8.217850 -0.970663 0.948727
v 8.373721 -1.228011 1.031948
v 8.255548 -0.848775 1.042531
v 8.373114 -0.900279 1.547531
v 8.373114 -0.900279 1.547531
v 8.298481 -0.851584 1.743986
v 8.298481 -0.851584 1.743986
v 10.629865 -3.931307 0.167724
v 10.629865 -3.931307 0.167724
v 11.741945 -4.463559 -0.017186
v 8.888124 -1.939923 0.278093
v 8.888124 -1.939923 0.278093
v 9.087270 -2.124512 0.114343
v 9.578797 -2.382218 0.250305
v 9.426275 -2.150868 0.139758
v 9.909995 -2.858824 0.134603
v 9.815428 -2.057537 0.167656
v 9.815428 -2.057537 0.167656
v 10.276917 -2.656772 0.146807
v 10.276917 -2.656772 0.146807
v 10.022039 -2.110376 0.191137
v 10.022039 -2.110376 0.191137
v 9.245911 -1.897836 0.614109
v 9.311446 -2.058340 0.457547
v 9.311446 -2.058340 0.457547
v 9.578787 -2.074231 0.244389
v 9.578787 -2.074231 0.244389
v 8.576237 -0.998021 0.774033
v 8.898540 -1.442934 0.756193
v 9.023113 -1.622707 0.767939
v 9.309024 -1.283397 0.826421
v 8.497038 -0.993380 0.966311
v 8.497038 -0.993380 0.966311
v 8.448133 -0.787430 1.256227
v 8.448133 -0.787430 1.256227
v 8.703277 -0.831613 1.094156
v 8.703277 -0.831613 1.094156
v 8.757316 -0.630931 2.008677
v 11.399353 -4.325297 0.165397
v 9.801832 -1.938590 0.252934
v 9.801832 -1.938590 0.252934
v 9.654927 -2.053170 0.421323
v 9.654927 -2.053170 0.421323
v 9.761756 -1.855203 0.461615
v 9.753045 -1.607877 0.654008
v 9.492591 -1.489383 0.659906
v 9.661763 -0.896908 1.000473
v 8.764499 -0.806290 0.795804
v 8.764499 -0.806290 0.795804
v 9.085383 -0.488919 1.036654
v 8.913730 -0.820365 0.814499
v 8.913730 -0.820365 0.814499
v 9.138035 -0.599900 0.944081
v 9.138035 -0.599900 0.944081
v 9.462230 -0.716415 1.036699
v 8.985674 -0.552661 1.541727
v 9.043619 -0.396210 2.050302
v 9.035297 -0.178638 2.292247
v 10.872115 -2.245902 0.286688
v 10.379129 -1.713714 0.361991
v 10.586976 -2.572948 0.128485
v 11.089282 -2.985093 0.091649
v 11.479414 -3.656641 0.096237
v 12.138528 -3.514686 -0.095135
v 9.919256 -1.373582 0.651946
v 10.153001 -1.837881 0.387959
v 10.223860 -1.636662 0.639585
v 9.487789 -0.335391 1.224862
v 9.487789 -0.335391 1.224862
v 9.426624 -0.464434 1.086582
v 9.426624 -0.464434 1.086582
v 9.685397 -0.490261 1.146143
v 9.952703 -0.673838 0.895112
v 9.117316 -0.393171 1.402940
v 9.578094 -0.273623 1.579883
v 9.578094 -0.273623 1.579883
v 9.263391 0.013921 1.712891
v 9.302894 0.139934 2.109018
v 11.714140 -3.208343 0.018065
v 10.519410 -1.136815 0.775900
v 10.703700 -1.249945 0.567600
v 10.340583 -0.686512 1.300467
v 10.255944 -0.523867 1.784165
v 9.651594 -0.088037 1.898516
v 9.905560 -0.321557 1.913784
v 9.905560 -0.321557 1.913784
v 9.569304 0.124831 2.258811
v 9.791074 0.148057 2.061254
v 10.114099 -0.126915 1.994592
v 10.114099 -0.126915 1.994592
v 0.557948 2.515737 3.202091
v 1.414605 2.577603 3.211265
v 1.550289 3.162497 3.204239
v 1.820963 2.794643 3.226757
v 2.360671 2.762854 3.217786
v 2.072662 3.307855 3.039973
v 2.072662 3.307855 3.039973
v 2.122671 3.343469 3.219355
v 2.110409 3.163717 3.514513
v 2.110409 3.163717 3.514513
v 2.175012 3.116421 3.652873
v 2.175012 3.116421 3.652873
v 2.293120 3.219164 3.347499
v 2.293120 3.219164 3.347499
v 2.155519 3.238932 3.846821
v 2.155519 3.238932 3.846821
v 1.989714 3.427823 4.239821
v 1.989714 3.427823 4.239821
v 1.989714 3.427823 4.239821
v 2.259095 3.583459 4.292502
v 2.288243 3.316150 3.061329
v 2.288243 3.316150 3.061329
v 2.288243 3.316150 3.061329
v 2.288243 3.316150 3.061329
v 2.744503 3.439265 2.914736
v 2.744503 3.439265 2.914736
v 2.772275 3.397749 3.285113
v 2.944395 3.211890 3.021250
v 2.838569 3.937893 4.029733
v 2.454637 4.402227 4.233149
v 2.705689 3.513267 2.931415
v 2.705689 3.513267 2.931415
v 3.390059 2.965854 3.062855
v 2.805273 3.619062 3.666664
v 2.688393 4.122807 4.198481
v 3.142003 3.796269 2.910787
v 3.142003 3.796269 2.910787
v 3.256007 3.871640 2.864009
v 3.256007 3.871640 2.864009
v 3.518763 3.642614 2.947855
v 3.775314 2.985855 2.985716
v 3.223837 3.793146 3.120097
v 3.366641 4.197966 3.718403
v 3.194097 4.029470 2.861282
v 3.194097 4.029470 2.861282
v 3.276895 4.249568 3.896988
v 2.953388 4.441318 4.026534
v 3.470687 4.233800 2.916164
v 3.470687 4.233800 2.916164
v 4.065709 3.943586 2.937427
v 4.182289 3.794567 2.909674
v 3.613882 4.209427 3.160751
v 3.881287 4.543238 2.856770
v 4.428094 4.084630 2.803423
v 3.805463 4.508886 2.913232
v 3.805463 4.508886 2.913232
v 3.917592 4.559054 3.050498
v 3.661202 4.498354 3.583386
v 4.024882 5.123641 3.304144
v 4.024882 5.123641 3.304144
v 3.866837 5.042741 3.485139
v 3.866837 5.042741 3.485139
v 4.659711 4.118926 2.831467
v 4.834391 4.363429 2.748106
v 4.552421 4.523276 2.740479
v 3.947462 5.299412 2.962724
v 3.947462 5.299412 2.962724
v 3.859861 4.809981 2.864955
v 3.859861 4.809981 2.864955
v 3.934046 4.784011 2.769028
v 4.233589 4.341317 2.937431
v 4.432078 4.634764 2.820018
v 5.029306 4.589729 2.497399
v 4.563578 5.298678 2.809554
v 4.461857 5.297638 2.943535
v 5.051619 4.906418 2.528774
v 4.634158 5.315900 2.850077
v 4.550983 5.499737 2.717095
v 4.709760 5.684493 2.657535
v 5.527452 4.959846 2.482389
v 5.836866 4.476057 2.455992
v 4.955294 5.264394 2.548633
v 5.006930 5.499867 2.716475
v 5.208168 5.142329 2.666419
v 5.572959 5.204791 2.594899
v 4.826973 5.974042 2.818547
v 5.419807 5.960894 2.781841
v 6.021982 4.849174 2.558371
v 5.423417 5.526521 2.778424
v 6.784416 5.535731 2.594083
v 6.344300 5.192396 2.521905
v 6.344300 5.192396 2.521905
v 6.897388 4.948728 2.511722
v 7.010669 4.569763 2.561619
v 5.955198 5.701132 2.683265
v 9.985609 1.410781 2.410600
v 9.636825 1.782598 2.511315
v 8.999380 3.449254 2.541347
v 8.739332 3.043843 2.487462
v 8.696443 4.252779 2.610579
v 9.344464 2.131490 2.429714
v 9.411511 2.796561 2.594751
v 10.003153 1.986259 2.519909
v 10.249178 0.909325 2.210004
v 10.977841 1.535970 2.225646
v 9.220251 3.729707 2.658539
v 9.965687 2.961446 2.684895
v 10.722117 2.514866 2.476259
v 9.951799 3.128229 2.758442
v 9.800698 3.472088 2.705081
v 11.273934 2.032637 2.364376
v 10.243321 3.258741 2.769779
v 10.636245 3.308045 2.782204
v 11.706275 2.196059 2.157668
v 11.575716 2.417016 2.363674
v 11.417947 2.428848 2.472870
v 11.717906 2.716847 2.602419
v 11.855030 2.877108 2.067962
v 11.957606 3.198469 1.983113
v 12.288056 3.044001 1.644421
v 11.783724 -2.676114 0.165026
v 12.189313 -3.183995 -0.079042
v 11.441216 -2.051813 0.438990
v 11.036844 -1.642570 0.564882
v 11.504230 -1.376236 0.577635
v 10.572464 -0.948277 0.958178
v 10.474671 -0.674133 1.331306
v 10.679558 -0.508801 1.270248
v 10.553746 -0.497422 1.663949
v 10.043494 0.416663 2.030898
v 10.460504 0.039336 2.028559
v 10.460504 0.039336 2.028559
v 10.435749 0.557506 2.076939
v 10.590676 -0.178737 1.965903
v 12.370845 -2.358855 0.124372
v 12.255986 -2.162075 0.255552
v 11.994246 -1.898950 0.342557
v 11.033817 -0.684576 0.685401
v 11.743781 -0.905419 0.550623
v 10.850276 -0.202497 1.227028
v 11.159904 -0.212832 0.916750
v 10.842619 0.054253 1.802722
v 10.842619 0.054253 1.802722
v 10.952075 0.006301 1.756297
v 10.952075 0.006301 1.756297
v 10.664042 0.032217 1.997767
v 10.664042 0.032217 1.997767
v 11.407612 -0.044381 1.717869
v 10.789572 0.464071 1.968855
v 12.426456 -1.819504 0.074755
v 12.422612 -1.734058 0.141082
v 12.017388 -1.258366 0.456050
v 11.709937 -0.716644 0.816957
v 11.613259 -0.358964 0.886360
v 11.589650 -0.142326 0.999472
v 11.113691 0.284538 1.822896
v 11.569429 0.289143 1.804848
v 11.118484 0.661683 2.028764
v 11.199223 0.566984 1.871135
v 11.345293 0.657037 2.038347
v 12.543319 -1.198619 0.199575
v 12.562868 -1.026573 0.359258
v 11.988945 -0.486229 0.691822
v 11.822316 -0.102964 0.781075
v 11.977718 0.685620 0.981406
v 11.742452 0.748195 1.975793
v 12.020126 0.831014 1.896523
v 11.448627 1.737178 2.261045
v 11.919166 1.330703 2.188852
v 12.553184 -0.609739 0.323457
v 12.627368 -0.479745 0.473533
v 12.629671 -0.027410 0.662323
v 11.878969 0.391902 0.702396
v 12.715958 0.296869 0.663944
v 12.704446 -0.232913 0.407832
v 11.961269 0.690747 1.292918
v 11.702656 1.801923 2.284722
v 12.153111 1.190463 2.040162
v 12.289804 1.324137 1.723624
v 12.218158 0.566148 0.757488
v 12.486448 0.844037 0.663005
v 12.191681 1.305936 1.042690
v 12.247999 1.484345 1.863270
v 12.016774 2.012281 1.940918
v 12.497529 1.595366 1.456800
v 12.492694 1.509956 1.145727
v 12.445698 1.204669 0.794591
v 12.603747 1.495259 0.919981
v 12.603328 2.110754 1.255985
v 12.777855 2.162908 1.033989
v 12.416855 2.221407 1.544551
v 12.785682 1.925268 0.935963
v 12.271207 2.635761 1.720932
v 12.643486 2.689164 1.093634
v 12.601464 2.962575 1.118177
v 7.363722 4.317653 2.627128
v 6.596371 6.564302 2.505056
v 6.596371 6.564302 2.505056
v 6.298177 5.872277 2.646389
v 6.298177 5.872277 2.646389
v 6.640595 6.304268 2.537241
v 6.640595 6.304268 2.537241
v 7.651545 4.809525 2.612739
v 7.713449 4.544312 2.432336
v 7.988554 4.893647 2.499373
v 7.243989 5.399724 2.566440
v 7.995543 5.511545 2.539752
v 7.624944 5.843987 2.512879
v 8.322906 5.323920 2.509511
v 7.064832 6.165566 2.563464
v 6.886992 6.920268 2.558919
v 6.886992 6.920268 2.558919
v 9.158277 4.711999 2.704327
v 8.727201 5.002656 2.564224
v 9.466851 4.293402 2.770498
v 8.352998 5.564349 2.551303
v 8.210205 5.785418 2.609339
v 7.785303 6.514430 2.752509
v 8.229606 6.380903 2.780517
v 7.551215 7.098563 2.591819
v 7.141363 7.779589 2.281564
v 7.141363 7.779589 2.281564
v 9.902823 3.767742 2.813859
v 10.047806 3.863459 2.799159
v 8.663264 5.512666 2.861581
v 8.854294 5.213861 2.821764
v 9.023032 5.149733 3.016324
v 9.518780 4.851235 3.109069
v 9.849623 4.210359 3.016699
v 8.798942 5.982593 2.792754
v 8.523621 6.281152 2.724698
v 9.111640 5.759345 2.976085
v 8.161639 6.608435 2.653841
v 7.189600 8.057942 2.218644
v 7.189600 8.057942 2.218644
v 10.653690 4.026195 2.879748
v 11.229837 3.087918 2.666775
v 10.160563 4.215696 3.094878
v 9.508148 5.615767 3.204701
v 9.715925 5.255596 3.210429
v 8.198020 7.220803 2.510248
v 8.039459 7.750900 2.351136
v 7.734572 7.675278 2.250407
v 8.662016 6.789322 2.546752
v 9.132183 6.317157 2.714168
v 7.952398 8.002390 2.123087
v 8.463400 8.027224 2.194082
v 11.453478 3.748036 2.816661
v 11.865121 3.120048 2.652297
v 10.447136 4.330368 3.059556
v 10.992499 4.028160 2.947912
v 9.439576 5.981564 2.870274
v 10.325163 4.776441 3.091290
v 10.024897 5.236373 3.104710
v 10.588325 5.287395 2.839756
v 10.929169 4.403632 3.035572
v 8.924061 7.700365 2.385186
v 8.861537 7.374442 2.491334
v 9.224712 6.847072 2.513481
v 8.815845 7.962285 2.216984
v 12.159712 3.858208 2.407503
v 12.024512 3.751343 2.600965
v 11.466889 4.084753 2.792764
v 12.361343 3.896156 2.165318
v 10.076399 5.776110 2.793629
v 9.723677 6.544078 2.515327
v 11.316617 4.767535 2.740519
v 11.951279 4.300150 2.450552
v 9.149415 7.236187 2.421509
v 9.562162 7.127999 2.469115
v 9.242923 7.823118 2.207287
v 9.101630 7.958546 2.338699
v 12.607529 3.743215 1.831652
v 12.525715 3.515280 1.697737
v 10.292477 6.187138 2.561676
v 10.771315 6.004476 2.647047
v 11.389214 5.082203 2.646082
v 12.102178 4.858443 2.287215
v 10.096335 6.841245 2.340754
v 9.782307 7.436483 2.329800
v 10.069678 7.892696 2.244274
v 12.679837 3.951788 1.653281
v 12.692222 3.754716 1.411802
v 11.957856 5.290924 2.435736
v 12.409952 4.593358 1.926044
v 12.492654 4.397743 1.663515
v 12.665187 4.157974 1.433123
v 12.620401 4.553276 1.513353
v 12.403378 5.134977 1.964095
v 10.516730 7.440198 2.272974
v 10.977008 7.114053 2.363151
v 10.928257 7.889838 2.246167
v 11.356646 6.696211 2.455570
v 11.500004 7.373295 2.354807
v 11.832225 6.053478 2.388772
v 12.539198 5.233957 1.566239
v 11.923567 6.602172 2.456129
v 12.548070 6.550648 2.087293
v 12.275648 6.097001 2.241685
v 12.457416 5.658348 2.074354
v 12.603595 6.108825 1.971300
v 12.692104 5.864263 1.834633
v 12.584256 5.513069 1.711853
v 12.710229 5.620488 1.796228
v 12.677618 6.289578 1.809016
v 11.412452 7.839336 2.266443
v 11.547703 7.262746 2.316690
v 12.632613 7.179542 2.138325
v 12.343447 7.261419 2.160197
v 12.555311 6.852977 1.977395
v 11.967383 7.342473 2.367024
v 12.054879 7.920423 2.295979
v 12.344558 7.853198 2.190986
v 12.298008 6.854354 2.337506
v 12.453809 7.541028 2.057529
v 12.687980 3.366157 1.276996
vn -0.8647 -0.1416 0.4820
vn -0.7654 -0.2151 0.6066
vn -0.6228 -0.1492 0.7680
vn -0.7586 -0.1662 0.6300
vn -0.5003 -0.1466 0.8533
vn -0.4709 -0.0965 0.8769
vn -0.5998 -0.0951 0.7945
vn -0.6461 0.0369 0.7624
vn -0.4812 -0.0937 0.8716
vn -0.3929 0.0034 0.9196
vn -0.4029 0.0163 0.9151
vn -0.6282 -0.1444 0.7645
vn -0.4255 -0.0288 0.9045
vn -0.5904 -0.1852 0.7856
vn -0.5191 -0.1481 0.8418
vn -0.4508 -0.0520 0.8911
vn -0.5103 -0.2628 0.8189
vn -0.5312 -0.1732 0.8294
vn -0.5942 -0.1431 0.7915
vn -0.6740 0.0975 0.7323
vn -0.4394 0.0423 0.8973
vn -0.4327 -0.1084 0.8950
vn -0.4940 0.2111 0.8434
vn -0.6048 0.1664 0.7788
vn -0.4194 0.2022 0.8850
vn -0.3856 0.0413 0.9217
vn -0.3586 0.0223 0.9332
vn -0.4141 -0.2268 0.8815
vn -0.8974 -0.3652 0.2476
vn -0.3164 -0.1821 0.9310
vn -0.1967 -0.2185 0.9558
vn -0.2342 -0.3150 0.9197
vn -0.1393 -0.2205 0.9654
vn -0.5572 -0.0451 0.8291
vn -0.5411 -0.2061 0.8153
vn -0.5371 -0.1739 0.8254
vn -0.5208 -0.0832 0.8496
vn -0.1693 -0.0236 0.9853
vn -0.2073 -0.0602 0.9764
vn -0.1144 -0.2942 0.9489
vn -0.1483 -0.5189 0.8419
vn -0.1616 -0.2046 0.9654
vn -0.1247 -0.3297 0.9358
vn -0.3100 -0.3442 0.8862
vn -0.4751 -0.2359 0.8477
vn -0.4487 -0.1878 0.8737
vn -0.5809 -0.3922 0.7133
vn -0.6471 -0.2679 0.7138
vn -0.6373 -0.3707 0.6756
vn -0.6653 -0.1473 0.7319
vn -0.2013 -0.6890 0.6962
vn -0.1758 -0.5489 0.8172
vn -0.1195 -0.6561 0.7451
vn -0.1100 -0.2450 0.9633
vn -0.1165 -0.0326 0.9927
vn -0.0827 -0.3094 0.9473
vn -0.1171 -0.4210 0.8995
vn -0.3851 -0.2463 0.8894
vn -0.2812 -0.2170 0.9348
vn -0.3465 -0.2131 0.9135
vn -0.3254 -0.2081 0.9224
vn -0.5880 -0.2036 0.7829
vn -0.6983 -0.1478 0.7004
vn -0.6674 -0.2873 0.6871
vn -0.6407 -0.4010 0.6548
vn -0.6357 -0.3890 0.6667
vn -0.5921 -0.4666 0.6570
vn -0.5880 -0.2036 0.7828
vn -0.7531 -0.3618 0.5495
vn -0.6907 -0.3652 0.6241
vn 0.1384 -0.1232 0.9827
vn 0.0593 -0.2351 0.9702
vn -0.1245 -0.3267 0.9369
vn 0.0863 -0.0404 0.9954
vn -0.0140 -0.1097 0.9939
vn -0.0882 -0.1415 0.9860
vn 0.2413 -0.0259 0.9701
vn -0.1347 -0.2456 0.9600
vn -0.3320 -0.5038 0.7975
vn -0.4676 -0.5680 0.6773
vn -0.5712 -0.2612 0.7781
vn -0.3535 -0.2516 0.9010
vn -0.1502 -0.2331 0.9608
vn -0.4447 -0.2660 0.8553
vn -0.1723 -0.2734 0.9463
vn -0.2109 -0.2265 0.9509
vn -0.1105 -0.2348 0.9657
vn -0.2050 -0.4128 0.8874
vn -0.1881 -0.2070 0.9601
vn -0.6917 -0.3104 0.6521
vn -0.6167 -0.6497 0.4445
vn 0.1818 -0.3927 0.9015
vn -0.0651 -0.5864 0.8074
vn 0.1310 -0.5192 0.8446
vn 0.2033 -0.1935 0.9598
vn -0.0525 -0.4007 0.9147
vn -0.0596 -0.3130 0.9479
vn 0.0761 -0.1890 0.9790
vn 0.0002 -0.5409 0.8411
vn 0.1562 -0.5196 0.8400
vn 0.0420 -0.4063 0.9128
vn 0.3429 -0.4664 0.8154
vn 0.2869 -0.2389 0.9277
vn -0.0103 0.3340 0.9425
vn -0.0333 0.5584 0.8289
vn 0.2527 -0.0475 0.9664
vn -0.2716 -0.6425 0.7166
vn -0.1347 -0.2455 0.9600
vn -0.2716 -0.6424 0.7166
vn 0.2409 -0.4696 0.8494
vn 0.0033 -0.2336 0.9723
vn -0.0703 -0.2666 0.9612
vn -0.8571 -0.0689 0.5106
vn -0.8005 -0.2782 0.5308
vn -0.0071 -0.5062 0.8624
vn 0.1487 -0.4740 0.8679
vn 0.1513 -0.2338 0.9604
vn 0.0411 -0.4016 0.9149
vn 0.0609 -0.3510 0.9344
vn 0.1053 0.0055 0.9944
vn 0.2226 0.1589 0.9619
vn 0.0570 -0.1838 0.9813
vn 0.1972 0.1720 0.9651
vn 0.2341 0.5815 0.7791
vn 0.3875 -0.1455 0.9103
vn 0.2984 -0.0673 0.9521
vn 0.1948 0.1053 0.9752
vn 0.1773 0.2431 0.9537
vn 0.5308 -0.0991 0.8417
vn 0.2540 -0.2041 0.9454
vn 0.1242 -0.2713 0.9544
vn 0.3507 -0.2930 0.8895
vn 0.3584 -0.2010 0.9117
vn 0.0107 -0.3929 0.9195
vn -0.0195 -0.3030 0.9528
vn 0.0127 -0.1079 0.9941
vn -0.1540 -0.0047 0.9881
vn -0.6149 0.2807 0.7370
vn -0.0294 -0.0552 0.9980
vn -0.5553 0.1114 0.8242
vn 0.0806 -0.3181 0.9446
vn -0.1523 -0.3153 0.9367
vn -0.0061 -0.3704 0.9289
vn 0.1333 -0.2911 0.9474
vn -0.0524 0.0107 0.9986
vn -0.0342 0.1413 0.9894
vn 0.1498 -0.0512 0.9874
vn 0.0485 0.1654 0.9850
vn 0.4058 -0.1441 0.9025
vn 0.4558 0.0957 0.8849
vn 0.1616 -0.1905 0.9683
vn 0.3050 0.4701 0.8283
vn 0.3119 -0.1872 0.9315
vn 0.4019 -0.1811 0.8976
vn 0.3068 -0.2187 0.9263
vn 0.0360 -0.3504 0.9359
vn 0.3843 -0.2155 0.8977
vn 0.2274 -0.4975 0.8371
vn -0.0033 -0.4287 0.9034
vn 0.0573 -0.2573 0.9646
vn -0.2403 -0.2629 0.9344
vn -0.3700 -0.2517 0.8943
vn -0.2582 -0.1515 0.9541
vn 0.0542 -0.3920 0.9184
vn -0.4273 -0.1346 0.8941
vn 0.0652 -0.1650 0.9841
vn 0.0359 -0.1842 0.9822
vn 0.0992 -0.0352 0.9944
vn 0.0859 -0.0416 0.9954
vn -0.0339 0.0739 0.9967
vn -0.0876 -0.0160 0.9960
vn 0.0674 -0.0980 0.9929
vn -0.0910 -0.7876 0.6094
vn 0.4283 -0.3114 0.8483
vn 0.0524 -0.5022 0.8631
vn 0.0291 -0.3931 0.9190
vn 0.3068 -0.2186 0.9263
vn -0.0990 -0.3859 0.9172
vn 0.0408 -0.1197 0.9920
vn -0.0790 -0.3569 0.9308
vn -0.1129 0.0210 0.9934
vn 0.0314 -0.2010 0.9791
vn -0.0826 -0.3690 0.9258
vn 0.1112 -0.1016 0.9886
vn 0.0978 0.0531 0.9938
vn -0.0266 0.0266 0.9993
vn -0.0709 -0.0439 0.9965
vn -0.0147 -0.0539 0.9984
vn 0.1051 -0.2258 0.9685
vn 0.1161 -0.1653 0.9794
vn 0.2645 -0.1048 0.9587
vn 0.0215 -0.3516 0.9359
vn 0.0408 -0.1503 0.9878
vn 0.3941 -0.2731 0.8776
vn 0.0652 -0.3408 0.9379
vn -0.0936 -0.7259 0.6814
vn -0.2951 -0.8201 0.4902
vn -0.3684 -0.6203 0.6924
vn -0.0544 -0.5199 0.8525
vn -0.4484 -0.7310 0.5144
vn 0.2059 -0.2511 0.9458
vn -0.5090 -0.4456 0.7365
vn -0.4801 -0.8770 0.0186
vn -0.1863 -0.8661 0.4639
vn -0.6918 -0.6987 0.1823
vn -0.5125 -0.7983 0.3163
vn -0.6801 -0.7169 0.1530
vn -0.3933 -0.7161 0.5766
vn -0.0010 0.1296 0.9916
vn -0.0611 0.0031 0.9981
vn -0.5227 -0.3702 0.7679
vn -0.0010 0.1295 0.9916
vn -0.6261 -0.6447 0.4386
vn -0.7425 -0.5286 0.4113
vn -0.5368 -0.8291 0.1564
vn -0.0822 -0.7589 0.6460
vn -0.0765 -0.9164 0.3928
vn -0.5726 -0.6660 0.4782
vn -0.4790 -0.2399 0.8444
vn -0.1324 -0.1618 0.9779
vn -0.0325 -0.0299 0.9990
vn 0.1051 -0.2257 0.9685
vn -0.7357 -0.5459 0.4009
vn -0.2396 -0.8359 0.4938
vn -0.2188 -0.8826 0.4161
vn -0.3702 -0.3495 0.8607
vn -0.3726 0.0049 0.9280
vn -0.4003 -0.2980 0.8666
vn -0.5929 -0.3345 0.7325
vn -0.7169 -0.3574 0.5985
vn -0.2775 -0.8372 0.4712
vn -0.2756 -0.7028 0.6558
vn -0.3187 -0.8160 0.4822
vn -0.4746 -0.8324 0.2861
vn -0.1421 -0.9549 0.2608
vn -0.6643 -0.4294 0.6119
vn -0.8161 -0.3157 0.4841
vn -0.5366 -0.2286 0.8123
vn -0.7828 -0.1905 0.5924
vn -0.8864 -0.4142 0.2065
vn -0.8170 -0.2134 0.5357
vn -0.3832 -0.5605 0.7342
vn -0.8037 -0.1939 0.5626
vn -0.7898 0.0564 0.6108
vn -0.0449 -0.8092 0.5858
vn -0.5009 -0.1741 0.8478
vn -0.6036 0.0637 0.7947
vn -0.2762 -0.4177 0.8656
vn -0.3021 -0.1325 0.9440
vn 0.0825 -0.6549 0.7512
vn 0.0055 -0.0620 0.9981
vn -0.0274 -0.0328 0.9991
vn -0.0151 -0.1981 0.9801
vn 0.0357 -0.0452 0.9983
vn -0.0781 0.0431 0.9960
vn -0.0358 -0.1173 0.9924
vn -0.0903 -0.0510 0.9946
vn -0.0577 -0.9093 0.4121
vn -0.1385 -0.8731 0.4674
vn -0.0643 -0.9133 0.4021
vn -0.0367 -0.9420 0.3336
vn -0.0458 -0.8919 0.4499
vn -0.1860 -0.7928 0.5805
vn -0.1787 -0.9236 0.3392
vn -0.1600 -0.9757 0.1498
vn -0.2297 -0.9038 0.3610
vn -0.2710 -0.5836 0.7655
vn 0.0061 -0.9814 0.1920
vn -0.1799 -0.7695 0.6128
vn -0.2418 -0.6012 0.7617
vn -0.4507 -0.5692 0.6877
vn -0.0057 -0.6812 0.7321
vn -0.3669 -0.2872 0.8848
vn -0.2710 -0.5835 0.7656
vn -0.1923 -0.1839 0.9640
vn -0.6905 0.0650 0.7204
vn -0.1407 -0.0636 0.9880
vn -0.3203 0.1284 0.9386
vn -0.1582 -0.2258 0.9612
vn 0.1096 -0.6645 0.7392
vn 0.0143 -0.0098 0.9998
vn -0.0169 -0.0986 0.9950
vn -0.2323 0.0081 0.9726
vn -0.0424 -0.1984 0.9792
vn -0.0184 -0.4183 0.9081
vn 0.0811 -0.0543 0.9952
vn -0.2444 -0.7709 0.5882
vn -0.3054 -0.9182 0.2522
vn -0.3626 -0.8720 0.3290
vn -0.3031 -0.8258 0.4755
vn 0.1383 -0.8866 0.4415
vn -0.0431 -0.7993 0.5993
vn -0.0466 -0.6803 0.7314
vn -0.1163 -0.4194 0.9003
vn -0.0050 -0.6070 0.7947
vn -0.3170 -0.1127 0.9417
vn -0.0894 -0.3381 0.9368
vn -0.0417 -0.2586 0.9651
vn -0.2031 -0.0462 0.9781
vn -0.0448 -0.3174 0.9472
vn -0.0585 -0.2653 0.9624
vn 0.0575 -0.1501 0.9870
vn -0.1520 -0.5175 0.8421
vn 0.0532 -0.0307 0.9981
vn 0.2232 -0.1141 0.9681
vn 0.0605 -0.2349 0.9701
vn 0.0374 0.0458 0.9983
vn -0.1524 -0.0882 0.9844
vn 0.0812 -0.0543 0.9952
vn 0.0379 -0.9375 0.3458
vn -0.1616 -0.8693 0.4671
vn -0.2324 -0.8861 0.4009
vn 0.0106 -0.9286 0.3710
vn 0.0625 -0.9174 0.3930
vn -0.0865 -0.8966 0.4343
vn -0.2962 -0.8922 0.3410
vn -0.0863 -0.8621 0.4993
vn -0.3112 -0.7796 0.5436
vn -0.2531 -0.3611 0.8975
vn -0.2159 -0.0751 0.9735
vn -0.3831 -0.4134 0.8260
vn -0.3112 -0.7795 0.5436
vn -0.1913 -0.0932 0.9771
vn -0.2042 -0.1321 0.9700
vn -0.2474 -0.1773 0.9525
vn -0.4292 -0.2433 0.8698
vn -0.3983 -0.2417 0.8848
vn 0.1093 -0.1521 0.9823
vn 0.0544 -0.0071 0.9985
vn -0.0384 -0.0683 0.9969
vn -0.1338 -0.2759 0.9518
vn -0.3465 -0.7404 0.5760
vn -0.1286 -0.2612 0.9567
vn -0.1148 -0.8026 0.5854
vn -0.0117 0.0235 0.9997
vn -0.2005 0.1537 0.9676
vn 0.0311 -0.1499 0.9882
vn -0.1534 -0.6969 0.7006
vn -0.0283 -0.7804 0.6246
vn -0.3001 -0.5871 0.7518
vn -0.1944 -0.7781 0.5973
vn 0.1510 -0.8900 0.4303
vn 0.3196 -0.8687 0.3785
vn 0.2604 -0.8707 0.4173
vn -0.4553 -0.1752 0.8729
vn 0.4127 -0.7934 0.4474
vn -0.0702 -0.5439 0.8362
vn -0.2425 -0.3028 0.9217
vn -0.3637 -0.1812 0.9137
vn -0.2261 -0.1659 0.9599
vn -0.2550 -0.2155 0.9426
vn -0.2270 -0.1201 0.9665
vn -0.2022 -0.2334 0.9511
vn -0.1917 -0.1941 0.9621
vn -0.3378 -0.2283 0.9131
vn 0.0282 -0.4407 0.8972
vn -0.0135 -0.0645 0.9978
vn -0.0768 -0.5281 0.8457
vn 0.1826 -0.4135 0.8920
vn 0.0518 -0.3436 0.9377
vn -0.0836 -0.2031 0.9756
vn -0.6898 -0.5794 0.4340
vn -0.1132 -0.7400 0.6630
vn -0.1584 -0.8319 0.5319
vn -0.2723 -0.7736 0.5721
vn 0.1387 -0.9330 0.3320
vn 0.0787 -0.8019 0.5923
vn 0.3901 -0.7869 0.4782
vn 0.2046 -0.8931 0.4005
vn 0.2385 -0.8529 0.4644
vn 0.2041 -0.7241 0.6588
vn -0.0936 -0.5285 0.8437
vn 0.1500 -0.8418 0.5185
vn 0.4614 -0.6117 0.6426
vn -0.3181 -0.2133 0.9237
vn -0.4363 -0.1278 0.8907
vn -0.4779 -0.1567 0.8643
vn -0.1884 -0.1576 0.9694
vn 0.1526 0.1010 0.9831
vn -0.2578 -0.1232 0.9583
vn -0.2878 -0.1615 0.9440
vn -0.3508 -0.0012 0.9365
vn -0.2910 -0.1591 0.9434
vn -0.4287 0.0418 0.9025
vn -0.3979 0.1277 0.9085
vn -0.2075 -0.2849 0.9358
vn -0.2576 -0.2192 0.9411
vn -0.1958 -0.1828 0.9635
vn -0.4303 -0.3600 0.8278
vn -0.6216 -0.2692 0.7356
vn -0.6743 -0.1039 0.7311
vn -0.4191 0.0164 0.9078
vn -0.3783 -0.0202 0.9255
vn -0.1251 -0.1981 0.9722
vn -0.2670 0.0310 0.9632
vn -0.2526 -0.2177 0.9428
vn -0.2605 -0.1387 0.9555
vn -0.4346 -0.1344 0.8905
vn -0.2004 -0.3992 0.8947
vn -0.5261 0.0706 0.8475
vn -0.1963 -0.1300 0.9719
vn -0.4178 -0.1111 0.9017
vn -0.3944 -0.1102 0.9123
vn -0.3151 -0.0587 0.9472
vn -0.4493 0.0401 0.8925
vn -0.2900 0.0639 0.9549
vn -0.3434 -0.0571 0.9375
vn -0.2961 0.1935 0.9354
vn -0.1870 -0.3639 0.9125
vn -0.1359 -0.2443 0.9601
vn -0.2008 -0.2256 0.9533
vn -0.4021 0.5037 0.7646
vn -0.2616 0.1989 0.9445
vn -0.1906 0.1177 0.9746
vn -0.0994 -0.0158 0.9949
vn -0.1062 -0.3652 0.9249
vn -0.3059 0.0064 0.9520
vn 0.0443 0.2742 0.9607
vn -0.1708 0.3246 0.9303
vn -0.1378 0.3218 0.9367
vn -0.0211 0.3394 0.9404
vn -0.0731 0.2688 0.9604
vn -0.0989 -0.3594 0.9279
vn -0.2880 0.0928 0.9531
vn -0.0760 -0.0619 0.9952
vn -0.2736 0.0164 0.9617
vn -0.3230 -0.1692 0.9312
vn -0.3798 0.0374 0.9243
vn -0.1777 -0.2577 0.9497
vn -0.3399 -0.0307 0.9399
vn -0.3825 -0.0551 0.9223
vn -0.2666 0.0055 0.9638
vn -0.2510 -0.0470 0.9668
vn -0.4840 -0.2588 0.8359
vn -0.9174 -0.1564 0.3659
vn -0.4841 -0.2588 0.8359
vn -0.8980 -0.4375 0.0460
vn -0.7459 -0.3695 0.5542
vn -0.0251 -0.3333 0.9425
vn 0.0970 0.3594 0.9281
vn 0.6126 -0.6918 0.3822
vn 0.3743 -0.0105 0.9273
vn -0.0835 -0.2031 0.9756
vn -0.6012 0.0953 0.7934
vn 0.0971 0.3594 0.9281
vn 0.0599 0.1932 0.9793
vn -0.5878 -0.2866 0.7565
vn -0.5348 -0.1153 0.8371
vn -0.0740 -0.6972 0.7130
vn 0.1143 -0.9212 0.3720
vn -0.1836 -0.8395 0.5114
vn -0.2342 -0.7577 0.6092
vn -0.2171 -0.7138 0.6658
vn 0.0531 -0.8448 0.5325
vn 0.4256 -0.8092 0.4051
vn 0.4445 -0.7990 0.4051
vn 0.0022 -0.8190 0.5738
vn 0.3907 -0.7211 0.5722
vn 0.6567 -0.5779 0.4846
vn 0.0895 -0.2648 0.9601
vn -0.0463 -0.2040 0.9779
vn 0.3329 -0.4249 0.8418
vn -0.3247 -0.0401 0.9450
vn -0.3021 -0.0878 0.9492
vn -0.2913 -0.0001 0.9566
vn -0.4052 -0.1840 0.8955
vn -0.0127 -0.2756 0.9612
vn -0.2587 -0.1386 0.9560
vn -0.5994 0.1887 0.7779
vn -0.7069 -0.0643 0.7044
vn -0.3075 0.3384 0.8893
vn -0.8322 0.2528 0.4934
vn -0.0489 -0.9311 0.3616
vn 0.0279 -0.9845 0.1731
vn -0.2215 -0.7603 0.6106
vn 0.1311 -0.1650 0.9775
vn -0.2123 -0.7204 0.6602
vn 0.0049 -0.7191 0.6949
vn -0.1392 -0.6590 0.7392
vn 0.2461 -0.7555 0.6072
vn 0.6567 -0.5779 0.4845
vn 0.1957 -0.6542 0.7305
vn 0.3219 -0.6523 0.6862
vn 0.0724 -0.6720 0.7370
vn 0.1759 -0.7201 0.6712
vn 0.0625 -0.4380 0.8968
vn 0.1416 -0.2038 0.9687
vn -0.0300 -0.0925 0.9953
vn -0.0674 0.0226 0.9975
vn 0.1484 0.0150 0.9888
vn -0.2538 -0.5124 0.8204
vn -0.3837 -0.6145 0.6893
vn -0.5487 0.5009 0.6693
vn 0.5760 -0.0902 0.8124
vn 0.7616 0.6315 0.1454
vn 0.2758 0.7183 0.6388
vn 0.7228 0.6883 -0.0611
vn 0.6118 0.5798 -0.5381
vn 0.6162 0.3239 0.7179
vn 0.7229 0.6883 -0.0611
vn -0.0956 -0.8841 0.4575
vn -0.0955 -0.9486 0.3018
vn -0.0254 -0.6919 0.7215
vn 0.0859 -0.4539 0.8869
vn 0.3156 -0.2508 0.9151
vn 0.5820 -0.5758 0.5742
vn 0.1124 -0.0397 0.9929
vn 0.3157 -0.2508 0.9151
vn 0.2010 0.0299 0.9791
vn 0.4949 -0.2218 0.8402
vn 0.2496 -0.2250 0.9419
vn 0.4261 -0.6277 0.6515
vn 0.8286 -0.1685 0.5339
vn 0.4085 -0.5080 0.7583
vn 0.1677 -0.2411 0.9559
vn 0.0219 -0.0881 0.9959
vn -0.2145 0.1123 0.9702
vn 0.1721 -0.0456 0.9840
vn 0.1881 0.0818 0.9787
vn 0.2778 0.0339 0.9600
vn 0.3403 0.1000 0.9350
vn 0.1676 -0.2411 0.9559
vn 0.3007 -0.0604 0.9518
vn 0.6163 0.3240 0.7178
vn -0.3324 -0.4027 0.8529
vn 0.1289 -0.2701 0.9542
vn 0.2553 -0.4960 0.8300
vn 0.6369 -0.6323 0.4411
vn -0.2729 -0.6689 0.6914
vn -0.1281 -0.8353 0.5346
vn -0.2729 -0.6690 0.6914
vn 0.5216 -0.8523 -0.0384
vn 0.3338 -0.9422 -0.0302
vn 0.3167 -0.8316 0.4562
vn 0.1701 -0.9594 0.2248
vn 0.2920 -0.7608 0.5796
vn 0.1310 -0.3985 0.9078
vn 0.1311 -0.1651 0.9775
vn 0.5179 0.0070 0.8554
vn 0.7206 -0.5945 0.3569
vn -0.4048 -0.7731 0.4883
vn 0.7205 -0.5946 0.3569
vn 0.0983 0.0497 0.9939
vn 0.8076 -0.5714 -0.1459
vn 0.1852 -0.2917 0.9384
vn 0.4200 -0.2613 0.8691
vn 0.2363 -0.2194 0.9466
vn 0.5821 -0.5758 0.5742
vn 0.7656 -0.1159 0.6328
vn 0.8927 -0.1453 0.4266
vn 0.8735 -0.2756 0.4014
vn -0.6011 -0.5208 0.6061
vn -0.5568 -0.6727 0.4872
vn -0.2488 -0.6469 0.7208
vn 0.2919 -0.7608 0.5796
vn 0.0177 -0.6764 0.7363
vn 0.2834 -0.4586 0.8423
vn -0.3307 -0.5966 0.7312
vn 0.1807 -0.2396 0.9539
vn 0.3880 -0.2405 0.8897
vn -0.0611 -0.6662 0.7432
vn 0.2920 -0.2734 0.9165
vn 0.1383 -0.3352 0.9319
vn 0.1166 -0.0743 0.9904
vn 0.4247 -0.1219 0.8971
vn 0.6095 -0.3057 0.7315
vn -0.1470 -0.2290 0.9623
vn 0.6597 -0.1997 0.7245
vn 0.7501 -0.1047 0.6530
vn 0.7900 -0.1766 0.5871
vn 0.8734 -0.2756 0.4014
vn 0.4000 -0.4180 0.8157
vn 0.3250 -0.5000 0.8027
vn 0.3381 -0.4453 0.8291
vn 0.1979 -0.0071 0.9802
vn 0.4092 -0.2004 0.8902
vn 0.2195 -0.1490 0.9642
vn 0.3958 -0.0972 0.9132
vn 0.4134 -0.5861 0.6968
vn 0.0570 -0.7908 0.6095
vn 0.1370 -0.1457 0.9798
vn 0.6623 -0.2512 0.7059
vn -0.3267 -0.0113 0.9451
vn -0.1549 0.0636 0.9859
vn -0.2646 -0.2726 0.9250
vn 0.5857 -0.1848 0.7892
vn 0.2150 -0.3249 0.9210
vn 0.2522 -0.2910 0.9229
vn 0.0807 -0.6830 0.7260
vn 0.2215 -0.4113 0.8842
vn -0.2553 -0.2216 0.9411
vn -0.0932 -0.6473 0.7566
vn -0.1616 -0.7524 0.6386
vn -0.0071 -0.8918 0.4525
vn -0.3599 -0.7878 0.4998
vn -0.2172 -0.2645 0.9396
vn 0.3813 0.0438 0.9234
vn 0.3265 -0.0358 0.9445
vn 0.1230 0.1255 0.9844
vn 0.7486 0.0612 0.6602
vn 0.3342 0.1517 0.9302
vn 0.0480 0.4688 0.8820
vn -0.1428 -0.0275 0.9894
vn -0.2351 0.0487 0.9708
vn -0.4235 -0.2076 0.8818
vn 0.7784 0.0149 0.6276
vn 0.7423 -0.3393 0.5778
vn 0.8822 0.0444 0.4687
vn 0.8822 0.0445 0.4687
vn 0.4055 0.0135 0.9140
vn 0.5095 -0.2698 0.8171
vn 0.4250 -0.3530 0.8335
vn 0.8822 0.0443 0.4688
vn 0.4864 -0.3598 0.7962
vn 0.5069 -0.0568 0.8601
vn 0.0754 -0.2228 0.9719
vn -0.2438 -0.3476 0.9054
vn 0.2574 -0.4359 0.8624
vn 0.2575 -0.4359 0.8624
vn 0.7791 0.0418 0.6255
vn 0.7335 0.0352 0.6788
vn 0.6145 0.2183 0.7581
vn 0.8354 -0.0893 0.5423
vn 0.9189 0.3132 0.2400
vn -0.0991 0.4070 0.9080
vn 0.1512 0.2847 0.9466
vn -0.3081 0.4626 0.8313
vn 0.7826 -0.0490 0.6206
vn -0.3081 0.4627 0.8313
vn 0.3649 -0.0932 0.9264
vn 0.1521 -0.5619 0.8131
vn 0.3427 0.2338 0.9099
vn 0.4482 -0.2560 0.8565
vn 0.4434 -0.5125 0.7354
vn 0.6623 0.2828 0.6938
vn 0.5815 0.2199 0.7832
vn 0.8930 0.2558 0.3702
vn 0.6500 0.6986 0.2991
vn 0.5252 -0.0939 0.8458
vn 0.5279 0.4727 0.7056
vn 0.6294 0.2189 0.7456
vn 0.4378 0.5385 0.7200
vn 0.9111 0.2842 0.2984
vn 0.1454 -0.7405 0.6562
vn 0.9118 0.0774 0.4032
vn 0.3945 -0.0703 0.9162
vn 0.7901 0.1229 0.6005
vn 0.3042 0.1786 0.9357
vn -0.0492 -0.3938 0.9179
vn -0.1914 -0.4805 0.8558
vn 0.6900 0.1898 0.6985
vn -0.2029 -0.5794 0.7894
vn -0.0182 -0.4011 0.9159
vn -0.3167 -0.5553 0.7690
vn 0.6782 -0.5726 0.4605
vn 0.4518 -0.5512 0.7014
vn 0.6415 0.1649 0.7492
vn 0.8264 0.4067 0.3896
vn 0.5667 0.5879 0.5772
vn 0.6939 0.4197 0.5851
vn 0.7795 0.4239 0.4612
vn 0.8264 0.4066 0.3896
vn 0.3712 -0.0720 0.9257
vn 0.4086 0.0216 0.9125
vn 0.0640 -0.5316 0.8446
vn 0.3086 0.3957 0.8650
vn -0.2946 -0.7417 0.6026
vn -0.1340 -0.6569 0.7420
vn 0.1454 -0.7404 0.6562
vn -0.3754 -0.6578 0.6530
vn -0.2740 -0.5468 0.7912
vn -0.2740 -0.5320 0.8012
vn 0.6415 0.1650 0.7492
vn 0.2842 0.1238 0.9507
vn 0.5646 0.5831 0.5842
vn 0.4325 0.3709 0.8218
vn 0.8682 -0.4495 0.2101
vn -0.0763 -0.5590 0.8257
vn 0.4781 -0.0189 0.8781
vn 0.4777 -0.2398 0.8452
vn 0.6153 -0.3452 0.7087
vn -0.0762 -0.6551 0.7517
vn 0.4963 -0.0021 0.8681
vn -0.2762 -0.7946 0.5407
vn -0.2950 -0.7895 0.5383
vn -0.3921 -0.7720 0.5002
vn 0.0639 -0.5316 0.8446
vn -0.2358 -0.7913 0.5641
vn -0.2730 -0.7889 0.5505
vn 0.4621 -0.0773 0.8834
vn 0.2842 0.1237 0.9507
vn 0.0799 -0.3636 0.9281
vn -0.2287 -0.6852 0.6915
vn -0.2425 -0.8516 0.4647
vn -0.3574 -0.7671 0.5328
vn 0.2842 0.1237 0.9508
vn -0.3554 -0.8066 0.4723
vn 0.0556 -0.7187 0.6931
vn -0.2255 -0.7988 0.5577
vn -0.1507 -0.5551 0.8180
vn 0.1229 -0.7076 0.6958
vn 0.3079 -0.4871 0.8173
vn 0.1693 -0.4675 0.8677
vn -0.0650 -0.6745 0.7354
vn 0.3837 -0.5724 0.7247
vn 0.3106 -0.3316 0.8908
vn 0.1061 -0.3665 0.9243
vn 0.0037 -0.4076 0.9132
vn 0.3553 -0.7878 0.5032
vn 0.0413 -0.5321 0.8457
vn 0.1938 -0.6180 0.7619
vn 0.1272 -0.4078 0.9042
vn 0.2011 -0.5273 0.8256
vn 0.2706 -0.3377 0.9015
vn -0.7880 -0.1028 0.6071
vn 0.3539 -0.7884 0.5032
vn 0.0483 -0.9022 0.4287
vn -0.9283 -0.2033 0.3114
vn -0.4747 -0.3859 0.7911
vn -0.6107 -0.3849 0.6920
vn -0.6550 -0.3630 0.6627
vn -0.3222 -0.2936 0.9000
vn -0.4747 -0.3859 0.7910
vn -0.3222 -0.2935 0.9000
vn -0.4469 -0.3389 0.8279
vn -0.3308 0.1702 0.9282
vn -0.2524 0.0521 0.9662
vn -0.2652 -0.0414 0.9633
vn -0.3385 0.0693 0.9384
vn -0.2714 0.1569 0.9496
vn -0.3238 0.0775 0.9429
vn -0.2999 0.1443 0.9430
vn -0.1623 -0.2247 0.9608
vn -0.0084 -0.2308 0.9730
vn 0.0197 0.2120 0.9771
vn -0.1648 -0.0386 0.9856
vn -0.1180 0.2967 0.9477
vn -0.2431 0.0143 0.9699
vn 0.0146 0.2070 0.9782
vn -0.1144 0.4065 0.9065
vn -0.0643 0.5408 0.8387
vn -0.0192 0.3835 0.9233
vn -0.2773 0.1011 0.9555
vn -0.1931 0.2746 0.9420
vn -0.2711 0.1033 0.9570
vn -0.3287 0.0800 0.9411
vn 0.0337 0.4327 0.9009
vn -0.0690 0.3214 0.9444
vn -0.2563 -0.0242 0.9663
vn -0.2322 0.3764 0.8969
vn -0.0675 0.1822 0.9809
vn -0.0302 0.2957 0.9548
vn -0.0914 0.2941 0.9514
vn -0.2128 0.1708 0.9621
vn 0.0765 0.2438 0.9668
vn 0.0671 0.2949 0.9532
vn 0.0121 0.3293 0.9441
vn 0.0941 0.3081 0.9467
vn -0.0776 0.4514 0.8889
vn -0.0589 0.4951 0.8668
vn -0.1401 0.4176 0.8978
vn -0.1285 0.4123 0.9019
vn -0.1450 0.3192 0.9365
vn 0.0206 0.3972 0.9175
vn -0.0433 0.3090 0.9501
vn -0.0345 0.4053 0.9135
vn -0.0682 0.2551 0.9645
vn -0.1634 0.2087 0.9642
vn -0.0314 0.6266 0.7787
vn 0.0187 0.3613 0.9323
vn -0.1624 0.1911 0.9680
vn -0.1069 0.2523 0.9617
vn -0.0912 0.2592 0.9615
vn -0.1285 0.4123 0.9020
vn -0.2336 0.3955 0.8882
vn -0.1348 0.1120 0.9845
vn -0.2731 0.5492 0.7898
vn -0.1370 0.2506 0.9584
vn -0.2834 0.4542 0.8447
vn -0.1684 0.1439 0.9752
vn -0.1592 0.1577 0.9746
vn -0.0082 0.4260 0.9047
vn -0.0116 0.1107 0.9938
vn -0.0677 0.2024 0.9770
vn -0.1508 0.1988 0.9684
vn -0.1806 0.6364 0.7500
vn -0.0985 0.3922 0.9146
vn -0.2331 0.5031 0.8322
vn -0.3126 0.6350 0.7064
vn -0.0496 0.3118 0.9489
vn 0.1563 0.2838 0.9461
vn 0.0838 0.2931 0.9524
vn 0.1963 0.4659 0.8628
vn 0.2037 0.3840 0.9006
vn 0.1479 0.4210 0.8949
vn 0.1199 0.4293 0.8952
vn -0.0750 0.7216 0.6882
vn -0.1411 0.7720 0.6198
vn -0.0103 0.7042 0.7099
vn 0.0333 0.3224 0.9460
vn 0.0433 0.3012 0.9526
vn -0.0509 0.4219 0.9052
vn 0.0867 0.3615 0.9283
vn 0.0785 0.3861 0.9191
vn 0.1697 0.4306 0.8864
vn -0.3532 -0.1330 0.9261
vn -0.3803 0.0081 0.9248
vn -0.2236 -0.2970 0.9283
vn -0.1950 -0.2249 0.9547
vn -0.0275 0.0228 0.9994
vn -0.1120 0.2745 0.9550
vn -0.1009 -0.0727 0.9922
vn -0.3550 0.0502 0.9335
vn -0.2146 0.0280 0.9763
vn -0.3769 -0.2907 0.8795
vn -0.0931 0.0255 0.9953
vn -0.2790 0.1342 0.9509
vn -0.1088 -0.3720 0.9218
vn 0.0913 -0.1013 0.9907
vn -0.4212 -0.2335 0.8764
vn -0.1807 0.4225 0.8882
vn -0.2603 -0.0291 0.9651
vn -0.2198 0.0746 0.9727
vn -0.3829 0.1428 0.9127
vn -0.2457 -0.0232 0.9691
vn -0.6135 0.3179 0.7229
vn -0.2568 0.4161 0.8723
vn -0.1350 -0.3313 0.9338
vn -0.0931 -0.3952 0.9139
vn 0.1503 -0.0046 0.9886
vn -0.2354 -0.3739 0.8971
vn 0.2321 -0.2994 0.9255
vn -0.5230 -0.0890 0.8477
vn -0.1773 -0.1810 0.9674
vn -0.1634 0.0593 0.9848
vn -0.1784 0.1345 0.9747
vn -0.3679 0.2684 0.8903
vn 0.4989 -0.4769 0.7236
vn 0.2952 0.0404 0.9546
vn 0.1742 -0.1022 0.9794
vn 0.3418 -0.1377 0.9296
vn -0.6224 0.6811 0.3857
vn -0.6503 0.3262 0.6861
vn -0.5613 0.3402 0.7544
vn -0.0360 -0.2604 0.9648
vn 0.2581 -0.4145 0.8727
vn -0.3027 0.5028 0.8097
vn 0.3478 -0.1056 0.9316
vn -0.2516 -0.1115 0.9614
vn 0.5353 0.0339 0.8440
vn 0.7309 -0.2678 0.6277
vn 0.7683 0.1859 0.6125
vn -0.4577 0.5217 0.7199
vn -0.6874 0.6145 0.3872
vn 0.6971 0.0237 0.7166
vn 0.8023 0.2194 0.5551
vn -0.4637 0.8802 0.1013
vn -0.0065 0.8783 -0.4781
vn 0.1824 0.2715 0.9450
vn 0.1293 0.7191 0.6828
vn -0.2830 0.7028 0.6526
vn 0.7261 0.3331 0.6015
vn -0.4311 0.7413 0.5144
vn 0.4588 -0.0897 0.8840
vn 0.3154 0.5448 0.7770
vn -0.4017 0.2262 0.8874
vn 0.3928 0.1857 0.9007
vn -0.2651 0.5021 0.8232
vn 0.3633 -0.2362 0.9012
vn 0.8559 -0.0432 0.5154
vn 0.5945 0.2258 0.7718
vn 0.8558 -0.0432 0.5154
vn -0.3808 0.1819 0.9066
vn 0.4308 -0.0396 0.9016
vn 0.8465 0.0336 0.5314
vn 0.8476 0.0988 0.5214
vn 0.5945 0.2258 0.7717
vn 0.4308 -0.0397 0.9016
vn 0.8476 0.0988 0.5213
vn -0.2369 0.0579 0.9698
vn 0.0933 0.1267 0.9875
vn -0.0435 -0.2069 0.9774
vn 0.2411 0.5387 0.8073
vn -0.1512 0.0207 0.9883
vn 0.2228 0.0231 0.9746
vn 0.2585 0.0272 0.9656
vn 0.2680 0.1053 0.9576
vn 0.1085 0.0234 0.9938
vn 0.3082 0.0812 0.9478
vn 0.2680 0.1053 0.9577
vn 0.2023 0.0899 0.9752
vn 0.8324 0.1147 0.5422
vn -0.1150 -0.2368 0.9647
vn 0.0199 0.2957 0.9551
vn 0.5531 0.2793 0.7849
vn 0.1041 0.1732 0.9794
vn 0.6414 -0.0099 0.7671
vn 0.4563 -0.1854 0.8703
vn 0.2410 0.5387 0.8073
vn 0.5885 -0.5608 0.5823
vn 0.8464 0.0336 0.5314
vn 0.4307 -0.0396 0.9016
vn 0.2383 -0.1334 0.9620
vn 0.3870 -0.4807 0.7869
vn -0.0898 0.0213 0.9957
vn 0.0214 0.0820 0.9964
vn -0.0042 0.0015 1.0000
vn 0.0728 0.1827 0.9805
vn 0.1863 -0.1519 0.9707
vn 0.0039 0.1002 0.9950
vn 0.0445 -0.0967 0.9943
vn -0.1148 0.0313 0.9929
vn 0.0023 0.1976 0.9803
vn -0.0349 0.1137 0.9929
vn -0.1826 -0.3545 0.9171
vn -0.2089 -0.1332 0.9688
vn -0.1522 -0.1798 0.9719
vn -0.0385 -0.1938 0.9803
vn 0.2153 -0.2805 0.9354
vn 0.1138 -0.2092 0.9712
vn 0.4440 -0.1030 0.8901
vn 0.0632 -0.0401 0.9972
vn 0.1142 0.1419 0.9833
vn 0.0068 -0.1278 0.9918
vn 0.0362 0.2610 0.9647
vn 0.1261 0.3226 0.9381
vn -0.2734 0.4282 0.8613
vn 0.5656 -0.0150 0.8245
vn 0.1330 0.3905 0.9109
vn -0.0749 0.0510 0.9959
vn -0.0115 -0.0442 0.9990
vn -0.0172 -0.3280 0.9445
vn -0.0277 -0.1512 0.9881
vn 0.2486 0.0382 0.9679
vn 0.2156 0.2162 0.9523
vn 0.2345 0.0698 0.9696
vn 0.1336 0.1116 0.9847
vn -0.0420 -0.0154 0.9990
vn -0.9936 -0.0916 -0.0655
vn -0.7933 -0.2642 -0.5485
vn -0.8633 0.0107 0.5046
vn 0.0903 -0.0341 0.9953
vn -0.6063 -0.7877 0.1088
vn 0.2001 0.4655 0.8621
vn 0.0995 0.6233 0.7756
vn -0.0172 -0.3279 0.9446
vn 0.0198 -0.1296 0.9914
vn -0.9322 -0.2852 0.2230
vn -0.1663 -0.0979 0.9812
vn 0.5096 -0.8481 0.1447
vn 0.2210 -0.0933 0.9708
vn 0.4110 -0.1412 0.9006
vn 0.0888 0.1891 0.9779
vn 0.1301 0.0877 0.9876
vn -0.9321 -0.2852 0.2231
vn -0.9936 -0.0916 -0.0656
vn -0.6478 0.4949 0.5791
vn -0.0930 0.1898 0.9774
vn 0.8351 -0.4826 0.2640
vn 0.1264 0.3277 0.9363
vn 0.0022 0.3541 0.9352
vn 0.2156 0.2163 0.9522
vn 0.2705 -0.3377 0.9016
vn 0.0059 -0.3021 0.9533
vn -0.0047 0.2412 0.9705
vn -0.0184 0.1741 0.9846
vn -0.0331 0.0916 0.9952
vn 0.1216 0.0068 0.9926
vn 0.2967 0.0240 0.9547
vn 0.1850 0.1507 0.9711
vn 0.2759 0.5316 0.8008
vn -0.6479 0.4949 0.5791
vn 0.1554 0.9835 0.0926
vn 0.2372 0.0816 0.9680
vn 0.1430 0.5549 0.8195
vn -0.3305 0.2692 0.9046
vn 0.0767 0.5090 0.8573
vn 0.3949 0.0716 0.9159
vn 0.3471 -0.4711 0.8109
vn 0.0212 0.2569 0.9662
vn 0.2115 0.2126 0.9540
vn 0.0453 0.2903 0.9559
vn -0.1574 0.2307 0.9602
vn -0.0557 0.1297 0.9900
vn -0.0105 -0.2404 0.9706
vn 0.3775 -0.2177 0.9001
vn 0.2359 -0.3072 0.9219
vn 0.3916 -0.3204 0.8626
vn -0.4554 -0.0537 0.8887
vn -0.0460 -0.1618 0.9858
vn -0.0183 0.1741 0.9846
vn -0.3957 -0.4376 0.8074
vn -0.0898 -0.3873 0.9176
vn 0.1555 0.0901 0.9837
vn -0.0759 0.0205 0.9969
vn 0.1543 0.2073 0.9660
vn -0.1745 0.6533 0.7367
vn -0.0352 0.8599 0.5093
vn -0.0460 -0.1618 0.9857
vn -0.9731 0.2298 0.0140
vn -0.7196 -0.1775 0.6713
vn -0.6610 0.7094 0.2445
vn -0.5653 -0.5824 0.5842
vn -0.0980 0.1957 0.9758
vn 0.2967 0.1281 0.9463
vn 0.2115 0.2125 0.9540
vn 0.1850 0.1508 0.9711
vn -0.1185 0.3394 0.9332
vn -0.1664 0.1011 0.9809
vn 0.0784 -0.0682 0.9946
vn -0.3430 0.2037 0.9170
vn -0.1771 0.6672 0.7235
vn -0.1545 -0.4379 0.8856
vn -0.1170 -0.1784 0.9770
vn -0.2247 -0.0194 0.9742
vn -0.5817 -0.4878 0.6509
vn -0.4427 0.1336 0.8867
vn 0.3735 0.5467 0.7494
vn 0.0298 0.5784 0.8152
vn -0.9260 0.2695 0.2644
vn -0.7100 0.2576 0.6554
vn 0.6207 -0.0321 0.7834
vn -0.0639 -0.9131 0.4026
vn -0.1236 -0.1682 0.9780
vn 0.1275 0.3167 0.9399
vn 0.0374 0.1886 0.9813
vn 0.0080 0.0920 0.9957
vn -0.2518 -0.1388 0.9578
vn 0.1113 0.3174 0.9417
vn 0.0510 0.4472 0.8930
vn 0.0641 0.8604 0.5057
vn -0.9538 0.0859 0.2878
vn -0.6701 0.3768 0.6395
vn -0.2203 -0.4125 0.8839
vn 0.0127 0.4295 0.9030
vn -0.0638 -0.9131 0.4026
vn 0.8349 0.0407 0.5489
vn 0.0920 -0.0737 0.9930
vn 0.1724 0.0525 0.9836
vn -0.3727 -0.3788 0.8471
vn 0.3143 -0.0352 0.9487
vn -0.1130 -0.2512 0.9613
vn -0.1871 0.1553 0.9700
vn -0.1680 -0.1442 0.9752
vn -0.8915 -0.3967 0.2187
vn -0.6878 -0.6989 -0.1963
vn -0.9143 -0.3737 -0.1562
vn -0.5700 -0.7450 -0.3465
vn -0.8429 -0.5379 0.0140
vn -0.3919 -0.8670 0.3077
vn -0.3727 -0.3789 0.8471
vn -0.0101 -0.8878 0.4602
vn -0.1173 0.5166 0.8482
vn 0.0525 0.6805 0.7308
vn 0.0302 0.7614 0.6476
vn -0.1982 0.7327 0.6510
vn -0.7983 0.4554 0.3941
vn -0.7210 0.1810 0.6689
vn -0.8429 -0.5379 0.0139
vn -0.8350 -0.0988 0.5413
vn -0.9385 -0.2317 0.2559
vn 0.1683 -0.2041 0.9644
vn 0.1292 0.3072 0.9428
vn -0.9385 -0.2317 0.2560
vn 0.1239 -0.7981 0.5897
vn 0.0899 0.1840 0.9788
vn 0.0869 -0.1412 0.9862
vn 0.2310 -0.3978 0.8879
vn -0.1234 -0.4101 0.9036
vn -0.1776 -0.4269 0.8867
vn -0.1717 -0.2870 0.9424
vn -0.1352 -0.4167 0.8989
vn -0.0820 -0.2347 0.9686
vn -0.0144 -0.4773 0.8786
vn 0.0719 -0.0790 0.9943
vn -0.1592 -0.1948 0.9678
vn -0.0609 -0.3405 0.9383
vn -0.0696 -0.3380 0.9386
vn 0.0319 -0.1568 0.9871
vn -0.0334 -0.4579 0.8884
vn 0.0414 -0.2661 0.9631
vn -0.0609 -0.3392 0.9387
vn -0.0136 0.0423 0.9990
vn -0.1547 -0.0625 0.9860
vn -0.0411 -0.2296 0.9724
vn -0.0576 -0.3790 0.9236
vn -0.0328 -0.2745 0.9610
vn -0.0767 0.0413 0.9962
vn -0.0330 0.0237 0.9992
vn -0.0282 -0.2823 0.9589
vn 0.0115 -0.2193 0.9756
vn -0.0022 -0.2539 0.9672
vn -0.8048 0.1831 0.5646
vn -0.4331 -0.1802 0.8832
vn -0.9472 0.0305 0.3191
vn -0.5048 -0.2843 0.8151
vn 0.0485 -0.2361 0.9705
vn 0.0062 -0.2900 0.9570
vn -0.0334 -0.2674 0.9630
vn -0.1616 -0.4404 0.8832
vn -0.1816 -0.1769 0.9673
vn -0.8145 0.0452 0.5784
vn 0.0557 -0.6548 0.7537
vn 0.1568 -0.6022 0.7828
vn 0.0839 -0.1622 0.9832
vn -0.6635 -0.7401 -0.1096
vn -0.4331 -0.1802 0.8831
vn -0.1616 -0.4405 0.8831
vn -0.8981 -0.4375 0.0460
vn -0.4101 -0.3751 0.8313
vn -0.6634 -0.7402 -0.1096
vn -0.6865 -0.4954 0.5322
vn -0.2116 -0.7943 -0.5695
vn -0.7867 -0.0624 0.6142
vn -0.6958 -0.5825 -0.4202
vn -0.0628 -0.0042 0.9980
vn 0.5103 0.4035 0.7595
vn -0.2698 -0.4288 0.8622
vn -0.7866 -0.0624 0.6143
vn 0.1535 -0.1603 0.9751
vn 0.3326 -0.6475 0.6857
vn -0.0021 -0.2539 0.9672
vn 0.6179 -0.5569 0.5551
vn 0.3287 0.5201 0.7883
vn 0.6616 -0.6988 -0.2721
vn 0.5103 0.4034 0.7595
vn 0.6948 -0.3443 0.6315
vn 0.1961 -0.5039 0.8412
vn 0.1075 0.6023 0.7910
vn 0.3029 -0.4793 0.8237
vn 0.8405 0.2852 0.4607
vn 0.0478 0.4525 0.8905
vn -0.3029 -0.2060 0.9305
vn 0.0496 -0.7666 0.6402
vn 0.0773 -0.0433 0.9961
vn -0.0077 -0.1563 0.9877
vn -0.0358 -0.1335 0.9904
vn -0.1972 -0.1822 0.9633
vn 0.7498 0.1686 0.6398
vn -0.3325 -0.2212 0.9168
vn 0.4383 -0.2478 0.8640
vn 0.2148 -0.7657 0.6063
vn 0.3475 0.1486 0.9258
vn 0.0079 -0.3491 0.9371
vn 0.7498 0.1686 0.6399
vn -0.0049 0.2230 0.9748
vn 0.4566 0.7827 0.4230
vn 0.3448 0.9363 -0.0674
vn 0.7453 0.6056 0.2789
vn 0.8091 -0.4671 -0.3566
vn 0.5422 -0.0480 0.8389
vn 0.5422 -0.0479 0.8389
vn 0.6568 0.5086 0.5567
vn 0.0632 -0.1633 0.9846
vn -0.1140 -0.1347 0.9843
vn -0.0953 -0.2181 0.9713
vn 0.0749 -0.2522 0.9648
vn -0.0520 -0.2816 0.9581
vn 0.0511 -0.3848 0.9216
vn -0.1521 -0.2390 0.9590
vn 0.2139 -0.2190 0.9520
vn 0.5133 -0.6145 0.5991
vn 0.5343 -0.2873 0.7950
vn -0.0145 -0.3977 0.9174
vn 0.0542 -0.2649 0.9628
vn 0.1676 -0.1074 0.9800
vn -0.4175 -0.2110 0.8838
vn -0.4121 -0.3255 0.8510
vn -0.2671 -0.2208 0.9380
vn 0.0943 0.3592 0.9285
vn -0.0299 0.7027 0.7108
vn 0.4494 0.8925 0.0381
vn 0.3292 0.8901 0.3152
vn 0.3913 0.6980 0.5998
vn 0.4382 -0.2479 0.8640
vn 0.6619 -0.6535 -0.3672
vn 0.6659 -0.5005 -0.5532
vn 0.4652 0.4354 0.7707
vn -0.3324 -0.4028 0.8528
vn -0.6194 -0.4515 0.6422
vn -0.5482 -0.5478 0.6320
vn -0.2640 -0.6860 0.6780
vn -0.1966 -0.2423 0.9501
vn 0.2659 -0.1770 0.9476
vn -0.2098 -0.1602 0.9645
vn -0.1500 -0.1380 0.9790
vn 0.5026 0.5147 0.6946
vn 0.0027 0.4999 0.8661
vn 0.0597 -0.2935 0.9541
vn 0.3034 -0.0886 0.9487
vn -0.0438 -0.4412 0.8963
vn -0.0054 -0.4500 0.8930
vn 0.2947 -0.4405 0.8480
vn 0.0596 -0.2935 0.9541
vn 0.0981 -0.1238 0.9874
vn -0.0602 0.0755 0.9953
vn -0.2640 -0.6860 0.6781
vn -0.4668 -0.5050 0.7260
vn 0.0635 -0.7505 0.6578
vn -0.6084 -0.4475 0.6554
vn 0.3897 -0.6205 0.6805
vn 0.2901 -0.5447 0.7869
vn 0.0353 -0.1997 0.9792
vn 0.1065 -0.3095 0.9449
vn 0.0791 -0.2741 0.9585
vn -0.0481 -0.1701 0.9842
vn 0.1489 -0.2810 0.9481
vn 0.1167 -0.3304 0.9366
vn 0.0705 -0.1689 0.9831
vn -0.0570 -0.0181 0.9982
vn 0.0879 -0.0693 0.9937
vn 0.2888 -0.2281 0.9298
vn 0.3646 -0.3980 0.8418
vn 0.4871 -0.3611 0.7952
vn 0.6137 -0.5958 0.5181
vn 0.3646 -0.3981 0.8418
vn 0.5582 -0.7304 0.3936
vn 0.2767 -0.4102 0.8690
vn 0.3169 -0.4300 0.8454
vn -0.0295 -0.1997 0.9794
vn -0.0353 -0.2745 0.9609
vn 0.1229 -0.0183 0.9923
vn -0.0055 -0.0831 0.9965
vn 0.0171 -0.0132 0.9998
vn -0.0559 -0.0172 0.9983
vn 0.2211 -0.0733 0.9725
vn 0.0395 -0.2053 0.9779
vn 0.6387 -0.4799 0.6014
vn 0.7271 -0.4194 0.5435
vn -0.0808 -0.1824 0.9799
vn 0.1343 0.1605 0.9779
vn 0.0801 -0.1969 0.9771
vn 0.2873 0.0755 0.9549
vn 0.1675 0.0298 0.9854
vn 0.1346 -0.0960 0.9862
vn 0.2586 -0.0747 0.9631
vn 0.7803 -0.4899 0.3887
vn 0.2686 -0.2928 0.9177
vn -0.0931 -0.1664 0.9816
vn 0.7781 -0.3557 0.5177
vn 0.1346 -0.1834 0.9738
vn 0.2687 -0.2928 0.9176
vn 0.4695 -0.3523 0.8096
vn 0.7541 -0.4936 0.4333
vn 0.4316 -0.6274 0.6481
vn 0.0272 -0.1462 0.9889
vn -0.0789 -0.2425 0.9669
vn -0.0696 -0.1440 0.9871
vn 0.0892 -0.0523 0.9946
vn 0.0375 0.0308 0.9988
vn 0.0071 -0.0528 0.9986
vn -0.0008 -0.5267 0.8501
vn -0.0446 -0.2875 0.9567
vn -0.7925 -0.1417 0.5931
vn -0.6313 -0.5192 0.5762
vn -0.4124 -0.2547 0.8747
vn 0.3668 -0.8273 0.4255
vn 0.1351 -0.2115 0.9680
vn -0.0697 -0.1238 0.9899
vn 0.0905 -0.4335 0.8966
vn 0.6758 -0.5695 0.4679
vn 0.3218 -0.2964 0.8992
vn 0.0347 -0.2259 0.9735
vn 0.1070 -0.1593 0.9814
vn 0.1481 -0.0849 0.9853
vn 0.0701 -0.1761 0.9819
vn 0.0492 0.0433 0.9978
vn 0.0534 -0.1136 0.9921
vn 0.3296 -0.3778 0.8652
vn -0.4743 -0.1444 0.8684
vn 0.0772 -0.5116 0.8557
vn -0.3230 -0.1378 0.9363
vn -0.0452 -0.1173 0.9921
vn 0.2506 -0.2968 0.9215
vn -0.0940 -0.2274 0.9693
vn -0.4120 -0.5770 0.7052
vn -0.5239 0.8510 -0.0360
vn -0.8964 0.0380 0.4417
vn -0.3801 0.1248 0.9165
vn 0.3444 -0.4534 0.8221
vn 0.0216 -0.0738 0.9970
vn 0.0315 -0.1414 0.9895
vn 0.0201 -0.2077 0.9780
vn -0.0654 -0.1834 0.9809
vn 0.5127 -0.8155 0.2684
vn 0.5304 -0.7440 0.4063
vn 0.6706 -0.3261 0.6663
vn -0.0251 -0.5581 0.8294
vn 0.2665 0.2106 0.9405
vn -0.2361 0.9712 -0.0330
vn 0.1246 -0.3980 0.9089
vn 0.2506 -0.2967 0.9215
vn 0.1207 -0.1247 0.9848
vn 0.6745 -0.2310 0.7012
vn -0.1725 -0.3058 0.9363
vn 0.2493 -0.0916 0.9641
vn -0.6427 0.0967 0.7600
vn 0.2194 0.0966 0.9708
vn -0.0338 0.2255 0.9737
vn 0.4535 -0.2462 0.8566
vn 0.2194 0.0967 0.9708
vn 0.2150 -0.2434 0.9458
vn 0.3033 -0.1754 0.9366
vn 0.5565 0.4179 0.7181
vn -0.0480 0.9432 0.3289
vn 0.3034 -0.1754 0.9366
vn 0.1985 -0.3046 0.9316
vn -0.1060 -0.0882 0.9904
vn 0.0246 -0.3555 0.9344
vn 0.3997 -0.4365 0.8061
vn 0.0790 -0.0148 0.9968
vn 0.2769 -0.2206 0.9352
vn 0.4992 0.8164 0.2903
vn 0.1262 -0.2723 0.9539
vn -0.1079 -0.5744 0.8114
vn 0.2665 0.2107 0.9405
vn 0.5195 0.8306 0.2007
vn 0.7241 0.5020 0.4729
vn 0.7370 0.0004 0.6759
vn -0.0081 -0.3529 0.9356
vn 0.1259 0.0104 0.9920
vn -0.0534 -0.3622 0.9306
vn 0.1328 0.0556 0.9896
vn 0.1256 -0.1898 0.9738
vn -0.2370 -0.5922 0.7702
vn -0.1618 -0.4918 0.8556
vn 0.0397 -0.0630 0.9972
vn 0.0890 -0.0567 0.9944
vn 0.0025 -0.0034 1.0000
vn -0.0398 -0.1235 0.9915
vn 0.0317 -0.1188 0.9924
vn 0.0730 -0.2012 0.9768
vn -0.0073 -0.1335 0.9910
vn -0.0455 -0.1318 0.9902
vn -0.0962 -0.3122 0.9451
vn -0.0107 -0.1815 0.9833
vn 0.0450 -0.3370 0.9404
vn -0.1857 -0.3597 0.9144
vn 0.0229 -0.6040 0.7967
vn -0.7324 -0.5584 0.3896
vn -0.5106 -0.3452 0.7875
vn -0.0766 -0.1806 0.9806
vn -0.1857 -0.3596 0.9144
vn -0.4520 -0.8059 0.3824
vn -0.7776 -0.5168 -0.3580
vn -0.7324 -0.5583 0.3896
vn -0.2602 -0.1738 0.9498
vn -0.2817 -0.3375 0.8982
vn -0.1536 0.5105 0.8461
vn -0.2365 -0.8885 0.3933
vn -0.3524 -0.7870 0.5064
vn -0.1940 -0.8196 0.5391
vn -0.4340 -0.4141 0.8001
vn -0.4161 -0.7547 0.5073
vn -0.1420 -0.7366 0.6613
vn -0.1699 -0.4654 0.8686
vn -0.0617 -0.8831 0.4651
vn -0.5151 -0.2312 0.8254
vn -0.6403 -0.2408 0.7294
vn -0.5957 -0.0111 0.8031
vn -0.1410 0.0675 0.9877
vn -0.7077 0.2670 0.6541
vn 0.0454 -0.0742 0.9962
vn 0.0703 -0.1574 0.9850
vn 0.0534 -0.1698 0.9840
vn 0.1625 -0.4742 0.8653
vn 0.1003 -0.3107 0.9452
vn -0.0398 -0.4718 0.8808
vn 0.1405 -0.0621 0.9881
vn -0.2112 0.1654 0.9633
vn 0.1780 -0.1764 0.9681
vn -0.3448 -0.8339 0.4310
vn -0.1681 -0.8936 0.4161
vn -0.1717 -0.8300 0.5307
vn -0.0873 -0.7072 0.7016
vn -0.3328 -0.4970 0.8014
vn -0.5434 -0.0503 0.8380
vn -0.3632 -0.4202 0.8316
vn -0.7835 -0.1013 0.6131
vn -0.8226 -0.1745 0.5411
vn -0.7880 -0.1028 0.6070
vn 0.0729 -0.1137 0.9908
vn 0.0384 -0.0456 0.9982
vn -0.2388 0.3507 0.9055
vn -0.2838 0.3414 0.8961
vn -0.1861 0.3000 0.9356
vn 0.0031 -0.2823 0.9593
vn -0.0190 -0.2945 0.9555
vn 0.0558 -0.2362 0.9701
vn -0.2260 -0.6191 0.7521
vn -0.3027 -0.4545 0.8377
vn -0.3190 -0.7885 0.5258
vn -0.1837 -0.8372 0.5151
vn -0.0326 -0.9034 0.4276
vn -0.3623 -0.7593 0.5406
vn -0.2163 -0.4807 0.8498
vn -0.1671 -0.3923 0.9045
vn -0.2127 -0.3806 0.8999
vn -0.6108 -0.3849 0.6920
vn 0.0896 -0.2428 0.9659
vn -0.1588 -0.3685 0.9160
vn 0.0276 -0.6406 0.7674
vn -0.5559 0.0252 0.8309
vn 0.0631 -0.7987 0.5984
vn 0.0276 -0.4479 0.8936
vn 0.2955 -0.3443 0.8911
vn -0.5558 0.0252 0.8309
vn 0.0275 -0.6406 0.7674
vn 0.0776 -0.2334 0.9693
vn -0.2260 -0.8779 0.4222
vn -0.2654 -0.7796 0.5673
vn -0.2535 -0.8273 0.5012
vn -0.1608 -0.8277 0.5376
vn -0.3301 -0.6723 0.6626
vn -0.1529 -0.5410 0.8270
vn -0.1983 -0.6727 0.7128
vn 0.1094 -0.8208 0.5606
vn -0.0483 0.0298 0.9984
vn 0.3125 -0.7135 0.6271
vn -0.2441 -0.6953 0.6760
vn -0.4644 -0.5901 0.6604
vn -0.0339 -0.9108 0.4114
vn 0.0195 -0.8178 0.5752
vn -0.2327 -0.3929 0.8897
vn 0.2582 -0.9233 0.2844
vn 0.1504 -0.7042 0.6939
vn -0.0110 -0.2953 0.9553
vn -0.2437 -0.1766 0.9536
vn -0.2590 0.3643 0.8945
vn -0.2285 0.4326 0.8722
vn 0.0556 -0.6710 0.7394
vn 0.1477 0.1965 0.9693
vn -0.0080 -0.6009 0.7993
vn 0.1860 -0.8912 0.4138
vn 0.5927 -0.4341 0.6784
vn 0.5612 0.1084 0.8205
vn -0.1178 -0.0041 0.9930
vn -0.1199 -0.0801 0.9896
vn -0.1912 -0.0000 0.9815
vn -0.1199 -0.0801 0.9895
vn 0.0687 -0.0479 0.9965
vn -0.1917 -0.2897 0.9377
vn -0.1570 0.2735 0.9490
vn -0.2518 -0.1387 0.9578
vn -0.1478 0.2651 0.9528
vn -0.0658 0.2370 0.9693
vn -0.4276 0.2395 0.8717
vn 0.0139 -0.6082 0.7936
vn 0.0641 0.8604 0.5056
vn -0.2958 0.7608 0.5777
vn 0.2720 0.9611 0.0475
vn -0.1196 0.2588 0.9585
vn 0.6074 0.2959 0.7372
vn 0.0517 0.8089 0.5857
vn -0.2953 0.8459 0.4441
vn -0.7983 0.4555 0.3941
vn -0.0261 0.6216 0.7829
vn 0.1875 0.4929 0.8496
vn 0.0071 0.5024 0.8646
vn -0.1055 0.3593 0.9272
vn 0.5031 -0.2398 0.8303
vn -0.1918 -0.2897 0.9377
vn -0.3093 -0.0030 0.9510
vn 0.0897 -0.0683 0.9936
vn -0.0124 -0.1358 0.9907
vn -0.1286 0.3785 0.9166
vn -0.1975 0.3086 0.9305
vn 0.3723 0.1922 0.9080
vn -0.2312 0.2404 0.9427
vn -0.2349 0.2802 0.9308
vn -0.9029 -0.1814 0.3898
vn -0.2432 0.2851 0.9271
vn -0.0426 -0.0572 0.9975
vn 0.4141 0.0605 0.9082
vn 0.0288 0.0286 0.9992
vn -0.0592 0.1052 0.9927
vn 0.3027 -0.1621 0.9392
vn 0.0113 -0.6172 0.7867
vn -0.0833 0.3134 0.9460
vn -0.0562 0.3476 0.9360
vn 0.9135 -0.3999 0.0754
vn 0.1184 0.3310 0.9362
vn 0.7505 -0.6174 0.2358
vn 0.7197 -0.6201 0.3121
vn 0.6490 -0.7229 0.2370
vn -0.1101 0.8193 0.5626
vn 0.6202 -0.1873 0.7618
vn -0.0898 0.4612 0.8828
vn 0.2625 0.2019 0.9436
vn -0.2781 0.1957 0.9404
vn -0.2297 0.4301 0.8731
vn 0.0991 0.0101 0.9950
vn 0.1095 0.2636 0.9584
vn 0.1381 0.0636 0.9884
vn 0.1390 0.2809 0.9496
vn 0.3527 0.1562 0.9226
vn -0.1843 0.4428 0.8775
vn -0.0194 0.3714 0.9283
vn 0.0240 0.3647 0.9308
vn 0.9029 -0.4294 0.0186
vn 0.9134 -0.3999 0.0754
vn -0.0174 0.7398 0.6726
vn -0.1544 0.9374 0.3120
vn 0.0729 0.6849 0.7250
vn 0.3101 0.1472 0.9392
vn 0.1381 0.0043 0.9904
vn 0.2308 0.2594 0.9378
vn 0.3217 0.0178 0.9467
vn 0.2663 0.1557 0.9512
vn -0.5398 -0.1192 0.8333
vn -0.2418 0.4258 0.8719
vn -0.2341 0.4301 0.8719
vn -0.0203 0.4932 0.8697
vn 0.7493 0.2252 -0.6227
vn 0.8972 0.1302 -0.4221
vn 0.9311 0.3561 0.0785
vn 0.5035 0.3514 0.7893
vn 0.0050 0.2076 0.9782
vn 0.6904 0.2118 0.6917
vn -0.1488 0.6597 0.7367
vn 0.1939 0.9755 0.1042
vn 0.2737 0.6202 0.7351
vn 0.3328 0.2406 0.9118
vn 0.2738 0.6202 0.7351
vn 0.8330 0.4563 0.3128
vn -0.0103 0.5235 0.8520
vn 0.1081 0.7149 0.6908
vn 0.7364 0.5459 -0.3996
vn 0.8768 0.3556 0.3238
vn 0.9612 -0.0419 -0.2728
vn -0.2746 -0.4423 0.8538
vn -0.8186 -0.5742 0.0150
vn -0.7215 -0.6904 0.0530
vn -0.3619 -0.2576 0.8959
vn 0.2572 0.2126 0.9427
vn 0.4145 -0.0065 0.9100
vn -0.1396 0.3238 0.9358
vn -0.8123 0.5430 0.2129
vn -0.0789 0.2993 0.9509
vn -0.8460 -0.5236 0.1008
vn -0.7655 -0.6420 0.0430
vn -0.1399 0.3503 0.9261
vn 0.0257 0.2633 0.9644
vn -0.7455 0.0102 0.6665
vn -0.9320 0.3538 0.0785
vn -0.3087 -0.1243 0.9430
vn -0.4820 -0.1524 0.8628
vn -0.8079 -0.5742 0.1323
vn -0.7625 -0.6252 0.1666
vn -0.0396 0.1005 0.9941
vn -0.1682 0.0829 0.9823
vn -0.1252 0.0467 0.9910
vn -0.0997 0.1582 0.9824
vn -0.0872 0.2482 0.9648
vn 0.1871 0.4715 0.8618
vn 0.2846 0.5048 0.8150
vn -0.1020 0.1162 0.9880
vn -0.0189 0.5007 0.8654
vn 0.1478 0.3571 0.9223
vn 0.0008 0.4674 0.8840
vn 0.0828 0.2389 0.9675
vn -0.8098 0.5464 0.2138
vn -0.8594 0.4811 -0.1732
vn -0.8778 0.4559 0.1473
vn -0.0657 0.3409 0.9378
vn -0.0802 -0.0274 0.9964
vn -0.4726 0.2271 0.8515
vn -0.7454 0.0102 0.6665
vn -0.3088 -0.1243 0.9430
vn -0.1314 -0.0998 0.9863
vn -0.3251 0.3581 0.8752
vn 0.2235 0.6278 0.7456
vn 0.0012 0.2952 0.9554
vn -0.4435 0.5351 0.7190
vn 0.0565 -0.0052 0.9984
vn -0.0759 0.2157 0.9735
vn 0.5952 0.2612 0.7599
vn -0.8123 0.5430 0.2128
vn -0.0135 0.1972 0.9803
vn 0.1740 0.1400 0.9747
vn -0.0609 0.3362 0.9398
vn -0.6099 0.5525 0.5681
vn -0.1038 0.0022 0.9946
vn -0.0171 0.1242 0.9921
vn 0.2050 0.3194 0.9252
vn 0.2504 0.5186 0.8175
vn -0.0878 0.5539 0.8279
vn -0.8667 0.4919 -0.0833
vn -0.5965 0.7576 -0.2650
vn -0.3984 0.8358 0.3777
vn 0.0066 0.1412 0.9900
vn -0.1017 0.2304 0.9678
vn -0.8816 0.4658 -0.0761
vn -0.7640 0.6386 0.0919
vn -0.7605 0.5148 0.3957
vn -0.3863 0.6441 0.6603
vn 0.0468 0.4534 0.8901
vn 0.2742 0.3264 0.9046
vn 0.0241 0.0969 0.9950
vn -0.3649 0.3813 0.8494
vn 0.0450 0.1040 0.9936
vn -0.4099 0.8795 -0.2417
vn -0.2967 0.8998 -0.3199
vn -0.0318 0.1125 0.9931
vn -0.1730 0.1729 0.9696
vn -0.1155 0.2325 0.9657
vn 0.1249 0.1882 0.9742
vn -0.2868 0.9338 0.2141
vn -0.1761 0.7301 0.6603
vn 0.2412 0.3001 0.9229
vn 0.4019 0.2677 0.8757
vn -0.0751 0.1522 0.9855
vn 0.2565 0.9550 0.1489
vn -0.3094 0.2317 0.9223
vn -0.5399 0.4284 0.7245
vn -0.6337 -0.0304 0.7730
vn -0.3284 -0.2252 0.9173
vn 0.1886 0.9649 -0.1830
vn 0.1182 0.0833 0.9895
vn 0.0053 0.8603 -0.5097
vn 0.3925 0.2551 0.8837
vn 0.3824 0.4041 0.8309
vn 0.1400 0.5169 0.8445
vn -0.0068 0.7540 0.6568
vn 0.1420 0.5219 0.8411
vn 0.1155 0.1385 0.9836
vn -0.6368 0.7211 0.2729
vn -0.9213 0.1871 0.3408
vn 0.1886 0.9648 -0.1830
vn -0.2590 0.7661 -0.5883
vn 0.2081 0.3963 0.8942
vn 0.2148 -0.0855 0.9729
vn 0.9213 0.3465 0.1764
vn -0.2573 0.1287 0.9577
vn -0.1377 0.3200 0.9373
vn 0.4697 0.7564 -0.4552
vn -0.1136 0.1101 0.9874
vn -0.0404 0.1990 0.9792
vn -0.0579 0.1241 0.9906
vn -0.0628 0.4355 0.8980
vn -0.6278 0.4048 0.6648
vn -0.4859 0.1518 0.8608
vn -0.8052 -0.3326 0.4910
vn -0.3059 0.2448 0.9201
vn -0.4091 0.2316 0.8826
vn -0.4859 0.1518 0.8607
vn -0.3059 0.2448 0.9200
vn -0.8052 -0.3325 0.4910
vn 0.9044 0.3593 0.2300
vn 0.5855 0.7454 0.3188
vn 0.9044 0.3594 0.2300
vn 0.6556 0.7282 0.1999
vn 0.4334 0.5184 -0.7372
vn 0.4886 0.5670 -0.6631
vn 0.0730 0.2032 0.9764
vn -0.3344 0.4789 0.8117
vn 0.6031 -0.3548 0.7144
vn 0.5398 -0.1688 0.8247
vn 0.0732 0.1689 0.9829
vn 0.0621 0.0806 0.9948
vn 0.7713 -0.2117 0.6003
vn 0.3772 0.3260 0.8668
vn 0.7701 0.6014 0.2126
vn 0.0907 0.3078 0.9471
vn 0.1758 0.4738 0.8629
vn 0.1043 0.1015 0.9894
vn 0.4789 0.1047 0.8716
vn 0.1125 0.2374 0.9649
vn -0.1949 0.4849 0.8526
vn 0.0535 0.9678 0.2459
vn -0.4435 0.8378 0.3185
vn 0.1875 0.1943 0.9629
vn 0.0617 0.3431 0.9373
vn 0.5157 0.0900 0.8520
vn -0.4422 0.4579 0.7712
vn -0.1013 0.4997 0.8602
vn -0.1013 0.4997 0.8603
vn 0.8156 0.3765 0.4393
vn -0.1512 0.0927 0.9841
vn 0.0011 0.1221 0.9925
vn 0.0964 0.1449 0.9847
vn -0.0277 0.1267 0.9916
vn 0.1389 0.7618 0.6328
vn -0.4839 0.2779 0.8298
vn -0.0226 0.3295 0.9439
vn -0.2373 0.1843 0.9538
vn 0.4475 0.5994 0.6637
vn 0.0556 0.2866 0.9564
vn 0.1524 0.2808 0.9476
vn 0.5291 0.7016 0.4772
vn 0.2176 0.3499 0.9112
vn 0.0488 0.3479 0.9363
vn 0.0945 0.2236 0.9701
vn 0.1160 0.3202 0.9402
vn 0.1042 0.3157 0.9431
vn 0.0568 0.3002 0.9522
vn 0.0158 0.4286 0.9034
vn 0.1042 0.2061 0.9730
vn 0.2413 0.3132 0.9185
vn 0.0630 0.3676 0.9278
vn 0.2534 0.3192 0.9132
vn 0.0042 0.2390 0.9710
vn -0.0595 0.1181 0.9912
vn -0.0509 0.2955 0.9540
vn -0.0438 -0.0694 0.9966
vn 0.0978 -0.2065 0.9735
vn 0.0041 -0.0766 0.9971
vn 0.0084 -0.3257 0.9454
vn -0.1854 -0.6753 0.7139
vn -0.0759 -0.4650 0.8821
vn -0.2430 -0.6811 0.6907
vn -0.2198 -0.8601 0.4603
vn -0.1691 -0.7674 0.6185
vn -0.2015 -0.6750 0.7098
vn -0.2343 -0.6108 0.7564
vn -0.1106 -0.2711 0.9562
vn 0.2119 -0.4025 0.8906
vn -0.2379 -0.2678 0.9336
vn -0.1761 -0.1679 0.9700
vn -0.2571 -0.3822 0.8876
vn -0.1236 0.0401 0.9915
vn -0.0759 -0.4650 0.8820
vn -0.2594 -0.8408 0.4751
vn -0.0993 -0.6964 0.7108
vn -0.2305 -0.8151 0.5314
vn -0.2329 -0.8479 0.4763
vn -0.2433 -0.7119 0.6588
vn -0.1715 -0.3021 0.9377
vn -0.1861 -0.3946 0.8998
vn -0.0353 0.1518 0.9878
vn -0.1646 -0.7730 0.6126
vn -0.0369 -0.4324 0.9009
vn -0.0406 -0.7275 0.6849
vn 0.0740 -0.3491 0.9342
vn 0.0252 -0.2666 0.9635
vn -0.1646 -0.7731 0.6126
vn -0.1902 -0.7995 0.5697
vn -0.2302 -0.7760 0.5872
vn -0.2713 -0.7504 0.6028
vn -0.2560 -0.5118 0.8201
vn -0.2385 -0.6524 0.7193
vn -0.1234 -0.3815 0.9161
vn -0.0043 -0.1069 0.9943
vn -0.0915 0.0258 0.9955
vn -0.0255 -0.0311 0.9992
vn -0.1395 0.0075 0.9902
vn -0.1296 0.0363 0.9909
vn -0.0294 -0.2136 0.9765
vn 0.1983 -0.1858 0.9624
vn 0.0447 -0.1984 0.9791
vn 0.3715 -0.7793 0.5046
vn -0.1040 -0.8775 0.4682
vn 0.1746 -0.9375 0.3010
vn -0.0634 -0.8307 0.5531
vn -0.2173 -0.4609 0.8604
vn -0.2560 -0.5117 0.8201
vn 0.0884 0.1606 0.9830
vn -0.0901 -0.2077 0.9740
vn -0.0154 -0.0180 0.9997
vn 0.0866 -0.9581 0.2731
vn 0.1982 -0.1858 0.9624
vn 0.3213 -0.3941 0.8611
vn -0.1226 -0.8668 0.4834
vn -0.1243 -0.8103 0.5727
vn -0.2033 -0.8140 0.5441
vn 0.0167 -0.6900 0.7236
vn -0.1082 -0.8204 0.5615
vn 0.1303 -0.6332 0.7630
vn 0.1782 -0.4274 0.8863
vn 0.0237 -0.1283 0.9915
vn -0.1077 -0.5978 0.7944
vn -0.1113 -0.1525 0.9820
vn -0.0944 0.1103 0.9894
vn -0.0194 0.0557 0.9983
vn 0.0973 0.1701 0.9806
vn 0.2032 0.0658 0.9769
vn 0.0337 -0.2549 0.9664
vn -0.2410 -0.7709 0.5896
vn -0.1617 -0.2293 0.9598
vn -0.1539 -0.1666 0.9739
vn 0.3211 -0.3941 0.8611
vn -0.1443 -0.9738 0.1760
vn -0.1341 -0.8944 0.4267
vn -0.1077 -0.9406 0.3221
vn -0.0137 -0.7524 0.6586
vn 0.2470 -0.4451 0.8607
vn 0.1303 -0.6331 0.7630
vn 0.0619 0.0728 0.9954
vn 0.0606 -0.0315 0.9977
vn 0.1669 0.0198 0.9858
vn 0.1605 0.0701 0.9845
vn 0.0161 -0.1519 0.9883
vn 0.0837 0.1947 0.9773
vn -0.4715 -0.7831 0.4055
vn -0.0387 -0.2312 0.9721
vn -0.0962 -0.8952 0.4352
vn -0.4212 -0.3632 0.8311
vn 0.0712 -0.8915 0.4474
vn -0.1130 -0.9278 0.3555
vn -0.1950 -0.9254 0.3249
vn 0.4422 -0.7964 0.4126
vn 0.3483 -0.7931 0.4998
vn 0.5904 -0.6436 0.4870
vn 0.1945 -0.3743 0.9067
vn 0.3550 -0.3824 0.8531
vn 0.2388 -0.0325 0.9705
vn 0.3627 -0.1527 0.9193
vn 0.2864 0.0538 0.9566
vn 0.1365 0.1644 0.9769
vn -0.2667 0.4165 0.8691
vn -0.1058 0.3424 0.9336
vn -0.2363 -0.9026 0.3598
vn -0.1634 0.2442 0.9559
vn -0.2425 -0.8974 0.3686
vn 0.8332 -0.4601 0.3066
vn -0.2832 -0.3718 0.8841
vn 0.6052 -0.4075 0.6839
vn 0.7249 -0.3140 0.6131
vn 0.3104 -0.3194 0.8953
vn 0.3663 -0.2049 0.9077
vn 0.4124 -0.0955 0.9060
vn 0.4877 -0.2458 0.8377
vn 0.3663 -0.2049 0.9076
vn 0.3629 -0.6333 0.6836
vn 0.3217 0.0853 0.9430
vn 0.2029 0.3608 0.9103
vn 0.3507 0.2134 0.9118
vn 0.2320 0.2185 0.9479
vn 0.2205 0.1551 0.9630
vn 0.0263 0.2967 0.9546
vn 0.6063 -0.0908 0.7901
vn -0.0260 -0.3692 0.9290
vn 0.0263 0.2966 0.9546
vn -0.0260 -0.3691 0.9290
vn -0.1687 -0.9387 0.3008
vn -0.1639 -0.7487 0.6424
vn -0.0037 -0.9311 0.3646
vn -0.2658 -0.3753 0.8880
vn -0.3328 -0.4568 0.8250
vn -0.4451 -0.3344 0.8307
vn -0.2391 -0.4219 0.8746
vn 0.2800 0.0543 0.9585
vn 0.2818 -0.1544 0.9470
vn 0.0781 -0.5375 0.8396
vn 0.3732 0.0786 0.9244
vn 0.1721 0.2369 0.9562
vn 0.4175 0.0383 0.9079
vn 0.4458 0.0221 0.8949
vn 0.6063 -0.0907 0.7900
vn -0.3222 -0.8329 0.4499
vn -0.1009 -0.9506 0.2934
vn 0.0396 -0.6968 0.7161
vn -0.0496 -0.9162 0.3976
vn -0.3052 -0.2581 0.9166
vn -0.1948 -0.5504 0.8119
vn -0.3868 -0.3316 0.8605
vn 0.1945 -0.7059 0.6811
vn 0.2277 -0.6219 0.7492
vn 0.3040 -0.8976 0.3192
vn 0.1749 -0.0491 0.9834
vn 0.3042 0.0410 0.9517
vn 0.5601 -0.4304 0.7078
vn 0.6161 0.2831 0.7351
vn 0.1779 0.2351 0.9555
vn 0.0954 0.3216 0.9421
vn 0.0358 0.4098 0.9115
vn 0.1381 -0.7682 0.6251
vn 0.1611 -0.4833 0.8605
vn 0.2400 -0.7076 0.6646
vn 0.0217 -0.5215 0.8529
vn -0.2312 -0.6903 0.6856
vn 0.2417 -0.2743 0.9308
vn 0.2277 -0.6220 0.7492
vn 0.0442 -0.3677 0.9289
vn 0.0218 -0.5215 0.8530
vn 0.3725 -0.0851 0.9241
vn 0.3082 -0.0577 0.9496
vn 0.1242 -0.1870 0.9745
vn 0.3595 -0.1633 0.9187
vn 0.3019 0.1274 0.9448
vn 0.2244 0.1340 0.9652
vn 0.1170 0.0699 0.9907
vn 0.3042 -0.1574 0.9395
vn 0.2421 0.2044 0.9485
vn 0.0247 -0.3889 0.9210
vn 0.0957 -0.5636 0.8205
vn -0.3238 -0.3638 0.8734
vn -0.1602 -0.4332 0.8869
vn -0.3052 -0.2581 0.9167
vn -0.3709 -0.1204 0.9208
vn -0.3406 -0.1827 0.9223
vn -0.5662 -0.1955 0.8008
vn 0.0067 -0.2874 0.9578
vn -0.2467 -0.0747 0.9662
vn -0.2876 -0.1204 0.9502
vn -0.2467 -0.2286 0.9417
vn 0.0502 -0.4055 0.9127
vn 0.0513 0.0322 0.9982
vn -0.0890 -0.0528 0.9946
vn -0.0560 0.0404 0.9976
vn 0.2711 -0.1707 0.9473
vn -0.0395 -0.5630 0.8255
vn 0.0477 -0.0140 0.9988
vn -0.1384 -0.6146 0.7766
vn 0.1982 -0.0089 0.9801
vn -0.3026 -0.4125 0.8592
vn -0.1225 -0.2967 0.9471
vn -0.3169 -0.0620 0.9464
vn -0.1453 -0.2079 0.9673
vn -0.2231 -0.4156 0.8818
vn -0.0537 -0.3129 0.9483
vn -0.0977 -0.4240 0.9004
vn -0.3591 -0.2250 0.9058
vn -0.0057 0.0770 0.9970
vn 0.1858 -0.0122 0.9825
vn 0.0398 0.1246 0.9914
vn -0.2281 -0.2810 0.9322
vn -0.2052 -0.2947 0.9333
vn -0.0389 -0.3308 0.9429
vn -0.0390 -0.3129 0.9490
vn 0.0728 -0.0400 0.9965
vn 0.0716 0.0458 0.9964
vn 0.0704 -0.1135 0.9910
vn 0.0825 0.0908 0.9924
vn -0.0342 -0.0210 0.9992
vn 0.0894 0.0823 0.9926
vn 0.1043 0.1035 0.9891
vn -0.0056 0.0770 0.9970
vn 0.1005 0.0131 0.9949
vn 0.1230 0.1029 0.9871
vn 0.2823 -0.3297 0.9009
vn 0.5936 -0.2880 0.7515
vn -0.2547 -0.1002 0.9618
vn -0.0710 -0.1041 0.9920
vn 0.0851 -0.2778 0.9569
vn -0.2032 -0.2214 0.9538
vn -0.0720 0.0425 0.9965
vn 0.0975 0.1383 0.9856
vn 0.2015 -0.2698 0.9416
vn 0.1347 -0.1569 0.9784
vn 0.2377 -0.3828 0.8927
vn 0.0187 0.0680 0.9975
vn 0.1864 0.0427 0.9815
vn -0.0180 0.0763 0.9969
vn -0.0882 0.0288 0.9957
vn -0.0026 -0.1463 0.9892
vn -0.0761 -0.0606 0.9953
vn 0.2135 -0.5968 0.7735
vn -0.0092 -0.3074 0.9515
vn 0.0226 -0.4805 0.8767
vn -0.1391 0.4942 0.8581
vn 0.8017 0.2393 0.5477
vn 0.7061 0.2803 0.6503
vn 0.3480 -0.0261 0.9371
vn 0.5378 0.2296 0.8112
vn 0.3050 -0.4321 0.8487
vn -0.0039 -0.0975 0.9952
vn 0.4463 -0.8764 0.1809
vn 0.0204 -0.2468 0.9688
vn 0.1579 -0.4030 0.9015
vn 0.4393 0.4609 0.7711
vn 0.1044 -0.4728 0.8750
vn 0.0914 -0.3942 0.9145
vn 0.1490 -0.2747 0.9499
vn 0.0480 -0.4900 0.8704
vn 0.0622 -0.0658 0.9959
vn -0.0157 -0.4531 0.8913
vn 0.0386 -0.2747 0.9608
vn -0.0362 -0.0008 0.9993
vn 0.0540 0.0288 0.9981
vn 0.0578 -0.1110 0.9921
vn 0.0913 -0.0745 0.9930
vn 0.0488 -0.1289 0.9905
vn 0.0071 -0.3315 0.9434
vn -0.0291 -0.0808 0.9963
vn -0.0517 -0.1165 0.9918
vn -0.1545 -0.2307 0.9607
vn 0.0371 -0.2155 0.9758
vn -0.0729 -0.2293 0.9706
vn -0.0693 -0.3502 0.9341
vn 0.0058 -0.3544 0.9351
vn -0.0282 -0.4054 0.9137
vn 0.0892 -0.0160 0.9959
vn -0.0051 0.0026 1.0000
vn -0.2480 -0.8639 0.4383
vn -0.1143 -0.5396 0.8341
vn 0.4057 -0.6245 0.6674
vn 0.1798 -0.7111 0.6797
vn -0.4041 -0.7625 0.5052
vn 0.0596 -0.4001 0.9145
vn -0.1676 -0.4488 0.8778
vn 0.3985 -0.3210 0.8592
vn -0.0081 -0.2515 0.9678
vn 0.0428 -0.1127 0.9927
vn -0.2599 0.4607 0.8487
vn -0.1051 -0.0027 0.9945
vn 0.2381 0.3974 0.8862
vn -0.1672 0.0139 0.9858
vn 0.0399 0.2166 0.9754
vn 0.6166 0.0313 0.7867
vn 0.0585 0.5427 0.8379
vn 0.1514 -0.3859 0.9100
vn 0.0424 -0.4338 0.9000
vn -0.0802 -0.3624 0.9286
vn 0.0638 -0.1081 0.9921
vn -0.1949 -0.4681 0.8619
vn 0.0442 -0.1633 0.9856
vn 0.0284 -0.0097 0.9995
vn 0.0194 0.0249 0.9995
vn -0.1703 -0.0823 0.9820
vn -0.0999 -0.0775 0.9920
vn 0.0311 -0.1726 0.9845
vn -0.0190 0.2116 0.9772
vn -0.1133 -0.1219 0.9861
vn 0.1527 -0.3271 0.9326
vn 0.1630 -0.3954 0.9039
vn 0.0790 -0.0668 0.9946
vn -0.1204 -0.8573 0.5006
vn 0.8626 -0.4590 0.2127
vn -0.6787 -0.6795 0.2786
vn -0.0910 -0.8149 0.5725
vn -0.0749 0.1397 0.9874
vn -0.0550 0.0697 0.9960
vn 0.2177 -0.2126 0.9526
vn -0.0213 -0.1715 0.9850
vn 0.0405 -0.2127 0.9763
vn 0.1079 -0.3207 0.9410
vn -0.0802 -0.2208 0.9720
vn 0.2904 -0.6697 0.6835
vn -0.0248 -0.0784 0.9966
vn -0.1892 -0.8152 0.5474
vn -0.1818 -0.9204 0.3461
vn -0.1754 0.1536 0.9724
vn -0.3144 -0.0074 0.9493
vn -0.3748 -0.7298 0.5718
vn -0.0466 -0.9619 0.2694
vn -0.2474 -0.0021 0.9689
vn -0.2254 -0.4574 0.8602
vn -0.0910 -0.8148 0.5725
vn -0.0768 -0.8037 0.5901
vn 0.1950 -0.5866 0.7861
vn -0.3616 -0.5057 0.7833
vn 0.3122 -0.1513 0.9379
vn -0.2679 -0.6601 0.7018
vn 0.4311 -0.8933 0.1271
vn -0.0084 0.0298 0.9995
vn 0.0443 -0.0269 0.9987
vn -0.0476 0.1181 0.9919
vn 0.0792 -0.0076 0.9968
vn -0.0287 -0.0921 0.9953
vn 0.0831 -0.0917 0.9923
vn 0.0709 0.0443 0.9965
vn 0.0767 -0.2136 0.9739
vn -0.0096 -0.1675 0.9858
vn 0.6589 -0.3171 0.6822
vn 0.4808 -0.6814 0.5518
vn -0.0396 -0.4200 0.9066
vn 0.0399 -0.7536 0.6561
vn -0.0396 -0.4200 0.9067
vn 0.2198 -0.8747 0.4320
vn 0.4646 0.2327 0.8544
vn 0.1525 -0.2747 0.9494
vn 0.5646 -0.0542 0.8236
vn 0.4999 -0.8616 0.0881
vn -0.0933 -0.6930 0.7149
vn 0.4797 -0.8755 0.0587
vn -0.0052 -0.7577 0.6526
vn -0.0933 -0.6931 0.7148
vn 0.3052 -0.1152 0.9453
vn -0.0036 -0.7204 0.6936
vn 0.0068 0.0789 0.9969
vn 0.0226 -0.1133 0.9933
vn 0.0368 -0.0377 0.9986
vn 0.0115 -0.1387 0.9903
vn -0.0363 -0.0482 0.9982
vn 0.0557 0.0499 0.9972
vn 0.1293 -0.5323 0.8366
vn 0.4808 -0.6814 0.5519
vn -0.1491 -0.9039 0.4010
vn 0.0760 -0.1966 0.9775
vn 0.0446 -0.3412 0.9389
vn 0.3740 0.0908 0.9230
vn 0.3242 -0.7041 0.6318
vn 0.3241 -0.7041 0.6318
vn 0.5136 -0.8285 0.2233
vn 0.3600 -0.9184 0.1643
vn 0.2528 -0.8344 0.4898
vn -0.3347 -0.3162 0.8877
vn 0.1062 -0.0763 0.9914
vn 0.0327 -0.2472 0.9684
vn 0.2471 -0.9251 0.2884
vn 0.3482 -0.7332 0.5842
vn 0.3482 -0.7331 0.5842
vn -0.1491 -0.9039 0.4009
vn 0.2215 -0.4904 0.8429
vn 0.1891 -0.4067 0.8938
vn -0.2159 -0.2211 0.9511
vn 0.2548 0.0081 0.9670
vn -0.0864 -0.2488 0.9647
vn -0.2228 -0.3688 0.9024
vn 0.4843 -0.8205 0.3037
vn -0.1505 -0.2813 0.9477
vn 0.2318 -0.3843 0.8936
vn 0.5441 -0.8277 0.1374
vn 0.8315 -0.5105 0.2192
vn 0.2160 -0.3776 0.9004
vn -0.0060 -0.0889 0.9960
vn -0.1197 -0.3316 0.9358
vn -0.0275 -0.2659 0.9636
vn 0.0632 -0.0735 0.9953
vn 0.0816 -0.0100 0.9966
vn 0.0447 -0.0086 0.9990
vn 0.1147 -0.6156 0.7797
vn 0.1200 -0.4239 0.8977
vn -0.2080 -0.4786 0.8531
vn -0.2080 -0.4785 0.8531
vn -0.3160 -0.8568 0.4075
vn -0.0731 -0.5482 0.8331
vn 0.0113 -0.9437 0.3305
vn 0.5579 -0.7667 0.3177
vn -0.3497 -0.8300 0.4345
vn 0.4558 -0.7513 0.4773
vn -0.1451 -0.7808 0.6077
vn -0.0460 -0.4127 0.9097
vn 0.1711 -0.3846 0.9071
vn 0.1029 -0.4741 0.8744
vn -0.1797 -0.8488 0.4972
vn -0.3146 -0.8933 0.3209
vn -0.3002 -0.7178 0.6282
vn -0.3434 -0.6532 0.6749
vn 0.0694 -0.3756 0.9242
vn 0.1647 -0.2566 0.9524
vn -0.0889 -0.2241 0.9705
vn 0.0213 -0.1072 0.9940
vn 0.0175 0.0207 0.9996
vn -0.0206 0.0466 0.9987
vn -0.0042 0.1542 0.9880
vn 0.0372 0.2704 0.9620
vn 0.2007 0.1927 0.9605
vn 0.1494 0.1670 0.9746
vn -0.4313 -0.3708 0.8225
vn 0.3640 -0.8889 0.2781
vn -0.6870 -0.7150 -0.1295
vn 0.1282 -0.9420 -0.3101
vn 0.3640 -0.8889 0.2782
vn 0.4977 -0.7224 0.4801
vn -0.7711 -0.6367 -0.0066
vn -0.1655 -0.2797 0.9457
vn -0.5102 -0.8323 -0.2166
vn 0.2115 -0.9503 -0.2283
vn 0.5796 -0.8123 0.0645
vn -0.7625 -0.6251 0.1666
vn 0.5269 -0.6527 0.5444
vn 0.5780 -0.5265 0.6235
vn 0.2026 0.0823 0.9758
vn 0.2114 -0.9504 -0.2283
vn 0.0343 0.2984 0.9538
vn 0.4677 -0.8738 -0.1331
vn 0.1153 0.2476 0.9620
vn 0.4277 -0.0419 0.9030
vn 0.5866 -0.6769 0.4446
vn 0.3563 0.2225 0.9075
vn 0.4678 -0.8738 -0.1331
vn -0.0236 0.2841 0.9585
vn 0.0225 0.1383 0.9901
vn -0.0557 0.1352 0.9893
vn 0.1298 0.1217 0.9840
vn 0.6483 -0.7527 -0.1144
vn 0.7204 -0.6930 0.0268
vn 0.6898 -0.5930 0.4153
vn 0.7972 -0.5979 -0.0831
vn 0.4513 0.0894 0.8879
vn 0.2047 -0.0140 0.9787
vn 0.6819 -0.7248 -0.0979
vn 0.7418 -0.6643 0.0924
vn 0.4684 0.1461 0.8713
vn -0.0781 0.0888 0.9930
vn 0.0118 0.1093 0.9939
vn 0.9125 -0.3930 0.1138
vn 0.7311 -0.6264 -0.2704
vn 0.4569 0.1478 0.8772
vn 0.7620 -0.3474 0.5464
vn 0.9874 -0.0951 0.1266
vn 0.4184 -0.0788 0.9048
vn 0.3538 -0.3011 0.8855
vn 0.5045 -0.2146 0.8363
vn 0.9849 -0.1106 -0.1332
vn 0.0352 -0.1604 0.9864
vn 0.2104 0.0124 0.9775
vn 0.1822 0.0798 0.9800
vn 0.2532 0.0589 0.9656
vn 0.3980 0.0521 0.9159
vn 0.3505 0.2460 0.9037
vn 0.4764 -0.1200 0.8710
vn 0.1708 -0.1441 0.9747
vn 0.2367 0.1432 0.9610
vn 0.5045 -0.2145 0.8363
vn 0.2367 0.1431 0.9610
vn 0.3589 0.0934 0.9287
vn 0.2400 -0.2120 0.9473
vn 0.4087 0.3539 0.8413
vn 0.0052 -0.2189 0.9757
vn 0.2148 -0.2798 0.9357
vn 0.4175 -0.0553 0.9070
vn -0.0612 -0.1413 0.9881
vn -0.0542 -0.3875 0.9203
vn -0.0196 -0.1264 0.9918
vn 0.0558 -0.2398 0.9692
vn 0.1364 0.1464 0.9798
vn -0.0544 -0.0646 0.9964
vn 0.0223 -0.0179 0.9996
vn -0.0020 -0.1482 0.9890
vn 0.0964 -0.2072 0.9735
vn 0.0828 -0.3091 0.9474
vn -0.0769 -0.0368 0.9964
vn 0.0790 -0.1548 0.9848
vn -0.1127 -0.1242 0.9858
vn -0.1224 -0.0103 0.9924
vn 0.1287 -0.2386 0.9625
vn 0.1820 0.0106 0.9832
vn -0.0007 0.0289 0.9996
vn -0.1599 -0.0362 0.9865
vn -0.2075 -0.1148 0.9715
vn -0.1798 -0.0722 0.9810
vn -0.0538 -0.0043 0.9985
vn 0.1195 0.0303 0.9924
vn -0.1778 -0.1549 0.9718
vn 0.0777 -0.1697 0.9824
vn 0.2221 -0.1977 0.9548
vn 0.2142 -0.2883 0.9333
vn 0.1346 -0.2320 0.9634
vn -0.2200 -0.1174 0.9684
vn 0.0818 -0.2571 0.9629
vn -0.1515 -0.0969 0.9837
vn -0.1389 -0.0909 0.9861
vn 0.0542 -0.2198 0.9740
vn 0.1268 -0.2285 0.9653
vn -0.0163 -0.2524 0.9675
vn 0.0207 -0.2125 0.9769
vn 0.7413 -0.4010 0.5382
vn 0.0172 -0.3267 0.9450
vn 0.6457 -0.4296 0.6313
vn 0.7972 -0.1251 0.5906
vn 0.6111 0.0078 0.7915
vn 0.7262 -0.2714 0.6316
vn 0.8385 -0.3912 0.3792
vn 0.1329 -0.1103 0.9850
vn 0.0894 -0.3055 0.9480
vn 0.2893 -0.0549 0.9557
vn 0.2273 -0.1827 0.9565
vn 0.1888 0.0335 0.9814
vn 0.0888 -0.3184 0.9438
vn -0.1022 -0.2420 0.9649
vn 0.2123 -0.7618 0.6120
vn 0.6942 -0.4990 0.5187
vn 0.3732 -0.8111 0.4503
vn 0.6795 -0.6130 0.4032
vn -0.0456 -0.3609 0.9315
vn 0.1551 -0.2531 0.9549
vn 0.0725 -0.0912 0.9932
vn 0.0930 -0.1816 0.9790
vn 0.5415 -0.5336 0.6497
vn 0.2562 -0.2960 0.9202
vn 0.3710 -0.1323 0.9192
vn 0.2379 -0.3884 0.8902
vn 0.2172 -0.4759 0.8523
vn 0.2083 -0.1449 0.9673
vn 0.1507 -0.3985 0.9047
vn 0.5632 -0.5306 0.6335
vn 0.6792 -0.6224 0.3890
vn 0.5068 -0.1608 0.8469
vn 0.5068 -0.1607 0.8470
vn 0.2173 -0.2472 0.9443
vn 0.4015 -0.2004 0.8937
vn 0.3415 -0.0936 0.9352
vn 0.6053 0.0105 0.7959
vn 0.3614 -0.1581 0.9189
vn 0.1739 -0.3738 0.9111
vn 0.2898 -0.1891 0.9382
vn 0.1865 -0.7628 0.6191
vn 0.0788 -0.2827 0.9560
vn 0.0344 -0.8866 0.4613
vn 0.6092 -0.6968 0.3786
vn 0.1404 -0.5327 0.8346
vn -0.0029 -0.2544 0.9671
vn 0.3626 -0.2544 0.8966
vn 0.3328 -0.2673 0.9043
vn 0.3079 -0.0112 0.9514
vn 0.2924 -0.4149 0.8616
vn 0.8167 -0.4936 0.2990
vn 0.6567 -0.5898 0.4700
vn 0.1882 -0.4238 0.8860
vn 0.2818 -0.1474 0.9481
vn 0.1410 -0.4907 0.8598
vn 0.4779 -0.1575 0.8642
vn 0.6488 -0.3009 0.6989
vn 0.2359 -0.1356 0.9623
vn 0.8645 -0.5026 0.0024
vn -0.0020 -0.2282 0.9736
vn 0.7475 -0.5619 0.3543
vn 0.8820 -0.2047 0.4244
vn 0.3502 -0.0193 0.9365
vn 0.3971 -0.4784 0.7832
vn 0.3095 -0.2190 0.9253
vn 0.7454 0.1043 0.6585
vn 0.7589 -0.2337 0.6079
vn 0.8753 -0.4819 0.0399
vn 0.6566 0.1181 0.7449
vn 0.5594 -0.3895 0.7317
vn 0.7972 -0.4953 0.3450
vn 0.4773 -0.1300 0.8691
vn 0.6664 -0.5041 0.5494
vn 0.8258 -0.5143 0.2313
vn 0.9142 -0.1140 0.3890
vn 0.7913 0.0713 0.6073
vn 0.9000 -0.1361 0.4140
vn 0.6091 -0.2852 0.7401
vn 0.8204 -0.0983 0.5633
vn 0.7395 0.0355 0.6722
vn 0.8399 0.1069 0.5321
vn 0.8471 -0.0899 0.5238
vn 0.1496 -0.2099 0.9662
vn 0.0714 0.1179 0.9905
vn 0.1221 0.1807 0.9759
vn 0.0928 0.0252 0.9954
vn 0.0602 -0.0164 0.9981
vn 0.4833 -0.3460 0.8042
vn -0.0072 0.0291 0.9996
vn 0.0422 -0.0294 0.9987
vn -0.0216 -0.0945 0.9953
vn -0.2219 -0.1444 0.9643
vn -0.0559 -0.0197 0.9982
vn -0.0426 -0.1039 0.9937
vn -0.1327 0.2891 0.9481
vn -0.1425 0.0294 0.9894
vn -0.1566 0.2009 0.9670
vn -0.4655 -0.2824 0.8388
vn -0.2522 -0.0786 0.9645
vn -0.3495 -0.2154 0.9118
vn -0.2266 -0.1215 0.9664
vn -0.4974 -0.3691 0.7851
vn -0.1340 -0.0456 0.9899
vn -0.0642 -0.0879 0.9941
vn -0.1301 -0.1157 0.9847
vn -0.1159 -0.3552 0.9276
vn -0.4802 -0.2347 0.8452
vn -0.5977 -0.4596 0.6569
vn 0.0011 -0.1050 0.9945
vn -0.0040 0.1691 0.9856
vn 0.1244 0.2961 0.9470
vn 0.1172 0.2036 0.9720
vn 0.0519 0.1558 0.9864
vn -0.0075 -0.3142 0.9493
vn 0.0194 -0.2717 0.9622
vn -0.2522 -0.2348 0.9388
vn -0.4168 -0.4678 0.7794
vn 0.0041 -0.2803 0.9599
vn -0.0003 0.2980 0.9546
vn 0.1014 -0.1221 0.9873
vn -0.3155 0.3006 0.9001
vn 0.0014 0.3565 0.9343
vn 0.0001 0.3988 0.9170
vn -0.0008 0.3097 0.9508
vn -0.1271 0.4079 0.9041
vn 0.0641 0.2287 0.9714
vn 0.0424 0.3531 0.9346
vn -0.0517 0.4609 0.8859
vn 0.1382 -0.1543 0.9783
vn 0.0746 -0.2247 0.9716
vn 0.6355 -0.2726 0.7224
vn 0.1003 0.5228 0.8465
vn -0.2199 0.2466 0.9438
vn 0.1557 0.0986 0.9829
vn 0.3204 0.2242 0.9204
vn 0.2901 0.2747 0.9167
vn 0.3083 0.1543 0.9387
vn 0.1185 -0.2810 0.9524
vn 0.1468 0.1709 0.9743
vn -0.1124 0.4198 0.9006
vn 0.0231 0.4156 0.9093
vn 0.4992 0.0999 0.8607
vn 0.8615 -0.1177 0.4940
vn 0.1845 0.3443 0.9206
vn 0.2492 0.4327 0.8664
vn 0.4424 0.1348 0.8866
vn 0.4401 0.2020 0.8749
vn 0.5832 0.1729 0.7937
vn 0.1091 0.2295 0.9672
vn 0.0624 0.2576 0.9642
vn 0.1269 0.2377 0.9630
vn 0.1150 0.2689 0.9563
vn -0.0057 0.3399 0.9404
vn 0.0658 0.1329 0.9890
vn 0.7336 -0.2390 0.6362
vn 0.7982 -0.3860 0.4625
vn 0.8350 -0.2446 0.4928
vn 0.1921 0.1871 0.9634
vn 0.0066 0.3185 0.9479
vn 0.3240 0.1358 0.9363
vn 0.0632 0.2021 0.9773
vn 0.9312 0.1060 0.3487
vn 0.5962 0.0191 0.8026
vn 0.4095 0.0348 0.9116
vn 0.8058 0.0944 0.5847
vn 0.1001 0.2189 0.9706
vn 0.0234 0.1162 0.9929
vn 0.9282 0.1688 0.3315
vn 0.9002 -0.0068 0.4353
vn 0.9363 0.1556 0.3148
vn 0.9519 -0.1467 0.2690
vn 0.8376 -0.0803 0.5403
vn -0.0626 0.1976 0.9783
vn 0.0581 0.1491 0.9871
vn 0.2216 0.0370 0.9744
vn 0.5130 -0.0367 0.8576
vn 0.1942 -0.0015 0.9810
vn 0.7076 -0.1511 0.6902
vn 0.7293 -0.0367 0.6832
vn 0.8648 -0.3388 0.3705
vn 0.6419 -0.4211 0.6408
vn -0.0317 0.1147 0.9929
vn -0.0382 0.1162 0.9925
vn 0.9482 -0.0297 0.3163
vn 0.6716 -0.0500 0.7392
vn 0.7485 -0.0850 0.6576
vn 0.9149 0.0573 0.3997
vn -0.0518 0.1633 0.9852
vn 0.0037 0.1323 0.9912
vn 0.2002 0.0946 0.9752
vn -0.0243 0.1319 0.9910
vn 0.0522 0.1313 0.9900
vn 0.5130 0.0582 0.8564
vn 0.4837 -0.0075 0.8752
vn 0.5509 0.0810 0.8306
vn 0.4720 0.1337 0.8714
vn 0.8115 -0.3464 0.4705
vn -0.4553 0.0150 0.8902
vn 0.2595 -0.2262 0.9389
vn 0.6819 -0.7249 -0.0979
vn 0.5508 -0.1120 0.8271
vn 0.5416 -0.7621 0.3548
vn 0.3022 -0.5515 0.7775
vn 0.4462 -0.8764 0.1810
vn 0.6314 -0.4476 0.6332
vn 0.6088 -0.4514 0.6523
vn 0.8632 -0.4151 0.2872
vn -0.5095 0.0917 0.8556
vn 0.2836 0.1240 0.9509
vn 0.6905 0.2118 0.6916
vn 0.9311 0.3561 0.0786
vn 0.2138 -0.2190 0.9520
vn 0.3774 -0.2177 0.9001
vn 0.2759 0.5315 0.8008
vn -0.0662 -0.1836 0.9808
vn -0.0065 0.8783 -0.4780
vn -0.4649 -0.2576 0.8470
vn 0.1938 -0.6181 0.7618
vn 0.3199 -0.1001 0.9421
vn 0.4180 0.0506 0.9070
vn -0.3001 -0.5872 0.7518
vn -0.1439 0.1647 0.9758
vn -0.1292 -0.5328 0.8363
vn -0.8772 -0.2371 0.4175
vn 0.0668 -0.5690 0.8196
vn -0.0458 -0.5390 0.8411
vn 0.7205 -0.5945 0.3569
vn 0.4017 0.2072 0.8920
vn 0.3946 -0.0702 0.9162
vn -0.1662 -0.0979 0.9812
vn 0.5096 -0.8482 0.1446
vn -0.0256 -0.2215 0.9748
vn 0.4382 -0.2478 0.8640
vn 0.3913 0.6980 0.5997
vn -0.0479 0.9431 0.3289
vn -0.0657 0.2370 0.9693
vn -0.3933 0.4559 0.7984
vn 0.4438 0.2742 0.8531
vn 0.7364 0.5458 -0.3997
vn 0.5965 0.6448 -0.4779
vn -0.2590 0.7660 -0.5883
vn 0.4475 0.5994 0.6636
vn 0.7766 -0.4548 0.4360
vn 0.6088 -0.4514 0.6524
vn 0.3036 -0.4644 0.8320
vn -0.0416 -0.6202 0.7833
vn 0.2077 -0.8668 0.4533
vn -0.0206 0.0467 0.9987
vn 0.2115 -0.9503 -0.2284
vn 0.7447 0.0389 0.6662
vn 0.6163 0.3239 0.7179
vn 0.7616 0.6315 0.1455
vn 0.5416 -0.7621 0.3547
vn 0.5965 0.6449 -0.4779
vn 0.3082 0.0812 0.9479
vn -0.1783 -0.8868 0.4265
vn -0.2268 -0.8739 0.4299
vn 0.3338 -0.9421 -0.0302
vn -0.0763 -0.5590 0.8256
vn -0.0761 -0.6551 0.7517
vn -0.3486 -0.0185 0.9371
vn 0.2367 0.1430 0.9610
vn 0.6528 -0.5890 0.4764
vn 0.0442 -0.1091 0.9930
vn 0.4381 0.0978 0.8936
vn 0.7702 0.6013 0.2126
vn -0.1655 -0.2798 0.9457
vn 0.1254 -0.3998 0.9080
vn 0.2076 -0.8668 0.4533
vn -0.0036 -0.7203 0.6936
vn -0.0234 -0.3040 0.9524
vn 0.8626 -0.4590 0.2126
vn 0.2368 0.7856 0.5716
vn -0.0386 -0.4490 0.8927
vn -0.2467 -0.2286 0.9418
vn 0.0780 -0.5374 0.8397
vn 0.2367 0.7857 0.5716
vn 0.0584 0.5427 0.8379
vn -0.1058 0.3423 0.9336
vn 0.3212 -0.3941 0.8611
vn -0.2343 -0.6108 0.7563
vn -0.0993 -0.6964 0.7107
vn 0.2345 0.5649 0.7911
vn -0.1014 0.4997 0.8603
vn 0.9213 0.3466 0.1764
vn 0.2566 0.9550 0.1488
vn 0.6982 0.6911 -0.1868
vn 0.8331 0.4563 0.3128
vn 0.7505 -0.6174 0.2357
vn 0.1184 0.3311 0.9361
vn 0.0112 -0.6171 0.7868
vn 0.0113 -0.6171 0.7868
vn -0.9028 -0.1814 0.3899
vn 0.2585 -0.9345 0.2447
vn -0.2653 -0.7796 0.5673
vn 0.0276 -0.4480 0.8936
vn -0.8226 -0.1746 0.5411
vn -0.3486 -0.0186 0.9371
vn 0.5195 0.8306 0.2006
vn -0.0478 0.9432 0.3289
vn 0.5127 -0.8155 0.2685
vn 0.1352 -0.2115 0.9680
vn -0.7925 -0.1417 0.5932
vn -0.4122 -0.3255 0.8510
vn 0.6948 -0.3442 0.6315
vn 0.5103 0.4035 0.7594
vn -0.6865 -0.4954 0.5323
vn -0.1871 0.1552 0.9700
vn -0.9775 -0.1941 0.0822
vn -0.3430 0.2038 0.9170
vn 0.2116 0.2125 0.9540
vn 0.2372 0.0815 0.9680
vn 0.2210 -0.0932 0.9708
vn -0.9936 -0.0916 -0.0657
vn -0.0256 -0.2217 0.9748
vn 0.5531 0.2794 0.7849
vn -0.0315 0.6266 0.7787
vn -0.2334 0.3954 0.8884
vn -0.1370 0.2506 0.9583
vn 0.4963 -0.0020 0.8681
vn 0.6639 0.2369 0.7093
vn 0.9189 0.3132 0.2399
vn 0.5278 0.4727 0.7057
vn -0.5568 -0.6728 0.4872
vn 0.5760 -0.0902 0.8125
vn -0.5993 0.1887 0.7780
vn -0.0250 -0.3334 0.9425
vn -0.3522 -0.0593 0.9340
vn -0.4229 -0.2652 0.8665
vn -0.1287 -0.2612 0.9567
vn -0.0835 -0.2030 0.9756
vn 0.0282 -0.4405 0.8973
vn -0.7828 -0.1904 0.5924
vn 0.0652 -0.3407 0.9379
vn 0.0487 -0.5428 0.8384
vn -0.5618 -0.4401 0.7005
vt 0.773942 0.775200
vt 0.772722 0.792029
vt 0.764918 0.783137
vt 0.777230 0.744276
vt 0.765240 0.746146
vt 0.746300 0.754200
vt 0.770100 0.737100
vt 0.778400 0.725900
vt 0.733360 0.784158
vt 0.722422 0.750987
vt 0.764500 0.729000
vt 0.443500 0.409000
vt 0.473385 0.409155
vt 0.454600 0.423500
vt 0.755818 0.793899
vt 0.452300 0.436900
vt 0.472684 0.439428
vt 0.459119 0.460739
vt 0.472673 0.472112
vt 0.489319 0.446600
vt 0.489300 0.418900
vt 0.496700 0.410500
vt 0.522500 0.430100
vt 0.501749 0.461232
vt 0.521800 0.406000
vt 0.498938 0.389647
vt 0.529051 0.381615
vt 0.561424 0.464288
vt 0.530600 0.478700
vt 0.734255 0.737956
vt 0.724398 0.727106
vt 0.718798 0.713826
vt 0.717187 0.678723
vt 0.733690 0.698325
vt 0.709328 0.701861
vt 0.746100 0.735600
vt 0.741844 0.746426
vt 0.813480 0.760094
vt 0.817916 0.781636
vt 0.790733 0.769076
vt 0.703041 0.678635
vt 0.713400 0.666300
vt 0.716041 0.652117
vt 0.699400 0.665100
vt 0.723288 0.663532
vt 0.763796 0.679085
vt 0.754500 0.705000
vt 0.804400 0.746600
vt 0.759700 0.729600
vt 0.749000 0.723200
vt 0.855387 0.762717
vt 0.871751 0.776978
vt 0.855992 0.793538
vt 0.866217 0.797875
vt 0.711568 0.620314
vt 0.720847 0.628927
vt 0.701208 0.648414
vt 0.738743 0.645575
vt 0.734365 0.632366
vt 0.754300 0.666500
vt 0.772296 0.697744
vt 0.774300 0.719500
vt 0.813200 0.730500
vt 0.824330 0.730412
vt 0.773600 0.708600
vt 0.869307 0.755720
vt 0.871128 0.767943
vt 0.740300 0.860900
vt 0.763729 0.857159
vt 0.762060 0.872413
vt 0.765710 0.842615
vt 0.740603 0.849139
vt 0.736727 0.840647
vt 0.732700 0.867047
vt 0.750781 0.821186
vt 0.771083 0.825622
vt 0.735812 0.621684
vt 0.748485 0.623784
vt 0.760551 0.637314
vt 0.770731 0.654470
vt 0.780625 0.697917
vt 0.820602 0.712038
vt 0.807005 0.708067
vt 0.824608 0.697385
vt 0.784149 0.686854
vt 0.847700 0.740800
vt 0.847679 0.752991
vt 0.830171 0.762759
vt 0.837042 0.739874
vt 0.856275 0.734575
vt 0.878700 0.760300
vt 0.872696 0.743192
vt 0.863107 0.751519
vt 0.882251 0.740585
vt 0.882134 0.750706
vt 0.854351 0.748079
vt 0.725100 0.860200
vt 0.764935 0.810652
vt 0.734572 0.833834
vt 0.727560 0.598700
vt 0.733584 0.580120
vt 0.737301 0.591088
vt 0.733077 0.603149
vt 0.753838 0.583833
vt 0.752965 0.602975
vt 0.765323 0.602802
vt 0.758997 0.614296
vt 0.783160 0.665695
vt 0.779592 0.683562
vt 0.796506 0.644783
vt 0.837533 0.699279
vt 0.815008 0.689481
vt 0.826458 0.689395
vt 0.830709 0.689039
vt 0.790208 0.682001
vt 0.805475 0.696744
vt 0.802003 0.688927
vt 0.800464 0.682418
vt 0.849333 0.710733
vt 0.858083 0.714542
vt 0.745417 0.803396
vt 0.736348 0.818408
vt 0.728400 0.823300
vt 0.754640 0.569084
vt 0.762330 0.570641
vt 0.736002 0.572367
vt 0.737112 0.556360
vt 0.767218 0.625624
vt 0.783331 0.617564
vt 0.762843 0.586417
vt 0.791772 0.634348
vt 0.824919 0.671762
vt 0.833558 0.675527
vt 0.831208 0.668093
vt 0.791991 0.675951
vt 0.803500 0.676890
vt 0.810700 0.666900
vt 0.811563 0.652118
vt 0.813700 0.665500
vt 0.857063 0.696358
vt 0.871379 0.704633
vt 0.846611 0.683142
vt 0.859104 0.679153
vt 0.698086 0.823812
vt 0.715421 0.856022
vt 0.691800 0.847400
vt 0.884000 0.712100
vt 0.890900 0.727100
vt 0.723740 0.798434
vt 0.737945 0.801116
vt 0.730039 0.807277
vt 0.740539 0.790463
vt 0.715800 0.818900
vt 0.702315 0.806076
vt 0.754547 0.544963
vt 0.764162 0.561120
vt 0.787330 0.600166
vt 0.795758 0.617407
vt 0.803805 0.629671
vt 0.788007 0.609865
vt 0.815222 0.635588
vt 0.826496 0.646855
vt 0.848104 0.646195
vt 0.828650 0.655928
vt 0.858677 0.665908
vt 0.874487 0.686549
vt 0.882463 0.702203
vt 0.678100 0.856200
vt 0.667146 0.846616
vt 0.639176 0.856813
vt 0.635751 0.847907
vt 0.644359 0.849806
vt 0.677749 0.805698
vt 0.693126 0.790070
vt 0.696128 0.771041
vt 0.711347 0.774356
vt 0.717343 0.784993
vt 0.685552 0.797745
vt 0.722089 0.761667
vt 0.776757 0.583569
vt 0.789443 0.566356
vt 0.795411 0.588281
vt 0.789786 0.579774
vt 0.817652 0.597926
vt 0.815618 0.613458
vt 0.830951 0.628505
vt 0.604590 0.848018
vt 0.621027 0.853161
vt 0.658200 0.834900
vt 0.658260 0.846826
vt 0.661500 0.817100
vt 0.667972 0.857607
vt 0.663930 0.855244
vt 0.660639 0.802622
vt 0.687329 0.770611
vt 0.667918 0.793942
vt 0.705042 0.768749
vt 0.783673 0.546560
vt 0.776080 0.530931
vt 0.805816 0.554965
vt 0.817800 0.583100
vt 0.817220 0.563990
vt 0.842346 0.559931
vt 0.842600 0.590100
vt 0.879401 0.635278
vt 0.853253 0.638208
vt 0.880300 0.658400
vt 0.878742 0.621396
vt 0.858915 0.623866
vt 0.884711 0.679181
vt 0.883983 0.664993
vt 0.598530 0.853898
vt 0.607274 0.853844
vt 0.600800 0.857700
vt 0.619892 0.835175
vt 0.597891 0.824169
vt 0.636536 0.810433
vt 0.650500 0.824800
vt 0.623243 0.823054
vt 0.639500 0.837500
vt 0.600987 0.818070
vt 0.655302 0.807693
vt 0.647979 0.793451
vt 0.651815 0.800577
vt 0.649497 0.809235
vt 0.651540 0.813720
vt 0.615810 0.813044
vt 0.602088 0.802986
vt 0.629229 0.799932
vt 0.690676 0.753834
vt 0.701753 0.749931
vt 0.465800 0.346000
vt 0.477194 0.337871
vt 0.467611 0.358762
vt 0.463526 0.370555
vt 0.468674 0.386281
vt 0.458984 0.390558
vt 0.491400 0.385700
vt 0.479111 0.363164
vt 0.498763 0.364414
vt 0.487094 0.355827
vt 0.494200 0.369800
vt 0.507003 0.370467
vt 0.778120 0.519183
vt 0.839700 0.611400
vt 0.577915 0.860431
vt 0.628725 0.787644
vt 0.586507 0.809441
vt 0.590841 0.797505
vt 0.673044 0.775910
vt 0.683400 0.763800
vt 0.470800 0.336200
vt 0.477541 0.327574
vt 0.665202 0.767337
vt 0.654719 0.765262
vt 0.640240 0.780904
vt 0.584135 0.785192
vt 0.593700 0.772800
vt 0.609562 0.782859
vt 0.605201 0.793084
vt 0.479586 0.345323
vt 0.484662 0.318810
vt 0.489812 0.326270
vt 0.489300 0.314000
vt 0.498769 0.309911
vt 0.640196 0.770978
vt 0.619365 0.781694
vt 0.632460 0.765664
vt 0.612107 0.770588
vt 0.622209 0.764712
vt 0.495127 0.285672
vt 0.499728 0.300033
vt 0.492992 0.296888
vt 0.497689 0.353649
vt 0.504438 0.289105
vt 0.518399 0.298877
vt 0.505200 0.274700
vt 0.515796 0.367399
vt 0.515671 0.355142
vt 0.811800 0.530900
vt 0.821800 0.509700
vt 0.843532 0.538924
vt 0.822800 0.550800
vt 0.804100 0.496100
vt 0.866200 0.585700
vt 0.861021 0.561305
vt 0.531681 0.822933
vt 0.556100 0.831200
vt 0.550432 0.847795
vt 0.566273 0.804459
vt 0.577905 0.802181
vt 0.568580 0.813013
vt 0.557389 0.805201
vt 0.573944 0.795586
vt 0.567878 0.788329
vt 0.575900 0.764800
vt 0.552896 0.793459
vt 0.558000 0.771900
vt 0.608800 0.758400
vt 0.497467 0.336318
vt 0.512852 0.338104
vt 0.521993 0.343851
vt 0.519654 0.323156
vt 0.517000 0.242800
vt 0.521426 0.274529
vt 0.523215 0.311773
vt 0.525902 0.289224
vt 0.533205 0.308409
vt 0.530064 0.361267
vt 0.525675 0.350504
vt 0.826163 0.479515
vt 0.879710 0.574216
vt 0.854959 0.538151
vt 0.883683 0.592947
vt 0.878803 0.612892
vt 0.892525 0.582078
vt 0.542963 0.811152
vt 0.544697 0.796253
vt 0.547418 0.804328
vt 0.535302 0.794678
vt 0.551159 0.782200
vt 0.542394 0.785772
vt 0.547531 0.768118
vt 0.535300 0.238300
vt 0.523200 0.224200
vt 0.552755 0.768179
vt 0.551360 0.317845
vt 0.550900 0.328500
vt 0.539960 0.323323
vt 0.552444 0.292131
vt 0.535654 0.346178
vt 0.555309 0.339450
vt 0.556000 0.354900
vt 0.528072 0.330276
vt 0.852099 0.495538
vt 0.868627 0.518388
vt 0.844755 0.515934
vt 0.840749 0.489014
vt 0.836141 0.498448
vt 0.531052 0.866501
vt 0.517436 0.870924
vt 0.524238 0.861009
vt 0.516262 0.867977
vt 0.499252 0.863380
vt 0.502218 0.854484
vt 0.505246 0.829398
vt 0.520068 0.783711
vt 0.540361 0.776226
vt 0.520926 0.764454
vt 0.533568 0.766973
vt 0.533568 0.220161
vt 0.552700 0.233400
vt 0.562015 0.244378
vt 0.554900 0.215900
vt 0.542563 0.210040
vt 0.530000 0.754200
vt 0.557600 0.270800
vt 0.566974 0.279608
vt 0.573500 0.342600
vt 0.565428 0.303310
vt 0.572623 0.321936
vt 0.871927 0.493447
vt 0.856630 0.474505
vt 0.879507 0.549844
vt 0.892580 0.561400
vt 0.487794 0.871118
vt 0.483551 0.879950
vt 0.482337 0.874822
vt 0.887824 0.543953
vt 0.878329 0.526758
vt 0.900019 0.537889
vt 0.872336 0.538736
vt 0.869085 0.528763
vt 0.497288 0.874547
vt 0.470052 0.874262
vt 0.473400 0.857400
vt 0.475935 0.871525
vt 0.493617 0.846851
vt 0.474780 0.850656
vt 0.482000 0.858600
vt 0.479287 0.839670
vt 0.483590 0.816239
vt 0.494900 0.809600
vt 0.504604 0.790610
vt 0.568744 0.223854
vt 0.505942 0.759319
vt 0.514405 0.754183
vt 0.581091 0.213068
vt 0.563918 0.202893
vt 0.583975 0.260787
vt 0.535500 0.251600
vt 0.581935 0.310518
vt 0.587435 0.320721
vt 0.571280 0.292968
vt 0.586310 0.300417
vt 0.580901 0.280586
vt 0.875008 0.477290
vt 0.888826 0.500019
vt 0.899729 0.520525
vt 0.897702 0.500659
vt 0.899400 0.508000
vt 0.883293 0.485410
vt 0.877952 0.490130
vt 0.460865 0.856814
vt 0.451688 0.879074
vt 0.448260 0.854963
vt 0.470314 0.831312
vt 0.482900 0.832495
vt 0.482324 0.803358
vt 0.490729 0.771624
vt 0.478365 0.770250
vt 0.496266 0.759781
vt 0.498492 0.747569
vt 0.587638 0.207188
vt 0.580488 0.196895
vt 0.489746 0.747796
vt 0.586956 0.189637
vt 0.596369 0.194097
vt 0.593997 0.268980
vt 0.598423 0.257940
vt 0.594748 0.241767
vt 0.599553 0.221013
vt 0.589966 0.307558
vt 0.601221 0.308308
vt 0.515026 0.510388
vt 0.498191 0.495899
vt 0.557500 0.486900
vt 0.577200 0.444500
vt 0.558800 0.402400
vt 0.529402 0.525767
vt 0.560500 0.516900
vt 0.549254 0.544834
vt 0.571272 0.558964
vt 0.579325 0.577735
vt 0.567851 0.568035
vt 0.603800 0.439400
vt 0.599900 0.408700
vt 0.577000 0.512400
vt 0.555838 0.552892
vt 0.583937 0.547791
vt 0.587100 0.522300
vt 0.594092 0.569589
vt 0.596249 0.558991
vt 0.594782 0.590451
vt 0.583000 0.494400
vt 0.596200 0.491000
vt 0.590100 0.474200
vt 0.611524 0.487472
vt 0.599500 0.461900
vt 0.587200 0.387800
vt 0.611959 0.387324
vt 0.558000 0.377000
vt 0.597800 0.538900
vt 0.601400 0.516200
vt 0.612817 0.546883
vt 0.606041 0.601965
vt 0.610924 0.588525
vt 0.607700 0.568900
vt 0.563937 0.369271
vt 0.621400 0.513700
vt 0.616500 0.500411
vt 0.616351 0.575425
vt 0.624000 0.557400
vt 0.631600 0.564219
vt 0.628600 0.582000
vt 0.644089 0.571388
vt 0.622236 0.534974
vt 0.622146 0.546500
vt 0.536482 0.358010
vt 0.589837 0.362520
vt 0.589305 0.344285
vt 0.597517 0.354602
vt 0.600046 0.323902
vt 0.605601 0.368983
vt 0.597400 0.374500
vt 0.620769 0.361632
vt 0.607768 0.343327
vt 0.870095 0.463216
vt 0.467746 0.606628
vt 0.455133 0.608086
vt 0.456486 0.595177
vt 0.876934 0.466527
vt 0.903787 0.495728
vt 0.896430 0.490927
vt 0.879382 0.482767
vt 0.886719 0.470953
vt 0.888918 0.493015
vt 0.896528 0.477523
vt 0.898720 0.465180
vt 0.467545 0.591433
vt 0.481330 0.603941
vt 0.274577 0.953284
vt 0.264772 0.954479
vt 0.272700 0.944800
vt 0.427522 0.874306
vt 0.425933 0.862522
vt 0.433012 0.842696
vt 0.449989 0.828402
vt 0.452931 0.795930
vt 0.472561 0.780839
vt 0.485053 0.789355
vt 0.490518 0.778176
vt 0.460851 0.770973
vt 0.592793 0.182882
vt 0.605206 0.190001
vt 0.600303 0.206313
vt 0.606474 0.211547
vt 0.612000 0.201000
vt 0.617365 0.286444
vt 0.602636 0.296092
vt 0.623974 0.255820
vt 0.618374 0.276917
vt 0.618968 0.212817
vt 0.610305 0.247076
vt 0.880721 0.464505
vt 0.260936 0.980368
vt 0.270505 0.960301
vt 0.895513 0.452211
vt 0.500374 0.609105
vt 0.479262 0.617946
vt 0.240620 0.960074
vt 0.242654 0.948971
vt 0.252910 0.952769
vt 0.422700 0.823700
vt 0.181078 0.928097
vt 0.189900 0.927100
vt 0.182500 0.943300
vt 0.441665 0.761939
vt 0.466884 0.754779
vt 0.478548 0.736836
vt 0.481696 0.749498
vt 0.470357 0.729781
vt 0.453078 0.731630
vt 0.463400 0.726200
vt 0.454187 0.746233
vt 0.138794 0.834291
vt 0.124100 0.835400
vt 0.137800 0.825600
vt 0.626700 0.195100
vt 0.631427 0.210758
vt 0.630616 0.235503
vt 0.632473 0.241136
vt 0.635496 0.224191
vt 0.242540 0.977595
vt 0.256095 0.979024
vt 0.245090 0.985129
vt 0.234988 0.985278
vt 0.512123 0.622172
vt 0.511981 0.611756
vt 0.516314 0.617699
vt 0.545238 0.603253
vt 0.551489 0.610653
vt 0.541919 0.616766
vt 0.214871 0.962044
vt 0.230897 0.953349
vt 0.214800 0.937300
vt 0.420299 0.783200
vt 0.417316 0.767813
vt 0.437885 0.753128
vt 0.439065 0.740872
vt 0.132520 0.896812
vt 0.145148 0.877397
vt 0.148200 0.895000
vt 0.422000 0.758500
vt 0.123899 0.878672
vt 0.134700 0.884000
vt 0.449477 0.737332
vt 0.123901 0.863231
vt 0.133037 0.851431
vt 0.136473 0.857440
vt 0.121024 0.845298
vt 0.132400 0.839200
vt 0.110400 0.837200
vt 0.646187 0.244514
vt 0.634476 0.256630
vt 0.649888 0.231546
vt 0.659231 0.242346
vt 0.662378 0.210008
vt 0.680709 0.216076
vt 0.639500 0.196700
vt 0.651300 0.201400
vt 0.554715 0.608533
vt 0.562100 0.600300
vt 0.558663 0.609526
vt 0.385183 0.810574
vt 0.373717 0.817618
vt 0.367194 0.802498
vt 0.356976 0.813537
vt 0.361537 0.824542
vt 0.228991 0.979994
vt 0.222092 0.983516
vt 0.217448 0.994683
vt 0.215335 0.970099
vt 0.179401 0.973390
vt 0.197613 0.964500
vt 0.193336 0.985345
vt 0.169972 0.957202
vt 0.164202 0.948929
vt 0.409598 0.794734
vt 0.405100 0.786900
vt 0.401571 0.775712
vt 0.161955 0.915638
vt 0.163999 0.911329
vt 0.165023 0.923434
vt 0.409708 0.767880
vt 0.139281 0.910227
vt 0.146775 0.909011
vt 0.408081 0.761606
vt 0.118730 0.895127
vt 0.135661 0.869196
vt 0.114310 0.871985
vt 0.110858 0.844906
vt 0.093053 0.847440
vt 0.096200 0.839000
vt 0.370200 0.849000
vt 0.347354 0.850221
vt 0.342421 0.843177
vt 0.362386 0.869613
vt 0.332268 0.872704
vt 0.342213 0.874463
vt 0.326633 0.886903
vt 0.160079 0.936499
vt 0.146572 0.939934
vt 0.155523 0.952921
vt 0.137171 0.928073
vt 0.147711 0.918249
vt 0.096324 0.892642
vt 0.099401 0.885150
vt 0.121174 0.902643
vt 0.126161 0.920577
vt 0.095437 0.868708
vt 0.090201 0.881349
vt 0.079685 0.870803
vt 0.682394 0.207095
vt 0.667333 0.199322
vt 0.657363 0.195195
vt 0.346635 0.911890
vt 0.345163 0.889963
vt 0.353141 0.910798
vt 0.125073 0.944065
vt 0.121522 0.936810
vt 0.133965 0.950828
vt 0.102778 0.905507
vt 0.089020 0.890812
vt 0.086015 0.896744
vt 0.077158 0.892771
vt 0.060699 0.864601
vt 0.081241 0.847380
vt 0.078429 0.880739
vt 0.063615 0.883066
vt 0.070768 0.874659
vt 0.688092 0.211904
vt 0.310159 0.915059
vt 0.319121 0.907911
vt 0.322927 0.936519
vt 0.339074 0.937514
vt 0.309093 0.919971
vt 0.313818 0.939989
vt 0.303252 0.927065
vt 0.096215 0.917470
vt 0.091116 0.909712
vt 0.083049 0.931935
vt 0.079861 0.913007
vt 0.074677 0.899458
vt 0.075127 0.920486
vt 0.066676 0.904952
vt 0.047082 0.867301
vt 0.048992 0.861640
vt 0.042262 0.869526
vt 0.046183 0.885946
vt 0.066084 0.890649
vt 0.058293 0.887546
vt 0.059891 0.900766
vt 0.708620 0.208526
vt 0.705049 0.216498
vt 0.700827 0.211469
vt 0.019071 0.868993
vt 0.005638 0.864511
vt 0.007902 0.857027
vt 0.011900 0.872200
vt 0.436600 0.630700
vt 0.424169 0.638379
vt 0.435097 0.622384
vt 0.044252 0.845355
vt 0.022380 0.872931
vt 0.020137 0.878529
vt 0.352985 0.928580
vt 0.324606 0.945610
vt 0.296791 0.930765
vt 0.291076 0.940377
vt 0.289032 0.944773
vt 0.088715 0.937252
vt 0.075424 0.937134
vt 0.050975 0.916457
vt 0.052196 0.928667
vt 0.077623 0.943064
vt 0.065897 0.944708
vt 0.034596 0.888164
vt 0.028575 0.893166
vt 0.022873 0.899911
vt 0.041274 0.894281
vt 0.057085 0.904862
vt 0.039481 0.896392
vt 0.445834 0.640927
vt 0.442405 0.649469
vt 0.004017 0.885839
vt 0.340048 0.956760
vt 0.353754 0.952615
vt 0.357090 0.941303
vt 0.306301 0.954177
vt 0.321936 0.963880
vt 0.292945 0.958275
vt 0.302073 0.965649
vt 0.296489 0.968895
vt 0.285900 0.966100
vt 0.286430 0.975896
vt 0.276317 0.970835
vt 0.287282 0.950714
vt 0.045688 0.929495
vt 0.032660 0.938649
vt 0.046139 0.943141
vt 0.035827 0.944695
vt 0.034394 0.926400
vt 0.010300 0.893500
vt 0.010741 0.898837
vt 0.020100 0.913600
vt 0.025131 0.911811
vt 0.443373 0.669918
vt 0.428906 0.659234
vt 0.446483 0.667304
vt 0.456992 0.648476
vt 0.454300 0.644200
vt 0.369555 0.955100
vt 0.394153 0.960331
vt 0.389458 0.963225
vt 0.373543 0.963539
vt 0.339185 0.973695
vt 0.354819 0.962686
vt 0.355568 0.975881
vt 0.370481 0.967281
vt 0.289946 0.981647
vt 0.310726 0.981362
vt 0.302119 0.990346
vt 0.313367 0.967252
vt 0.504837 0.673609
vt 0.486212 0.650489
vt 0.501451 0.649122
vt 0.028301 0.923823
vt 0.479600 0.672600
vt 0.473200 0.656100
vt 0.460800 0.668400
vt 0.480200 0.692900
vt 0.385235 0.972161
vt 0.384628 0.981904
vt 0.372553 0.977986
vt 0.366818 0.988491
vt 0.360749 0.989091
vt 0.592693 0.643209
vt 0.590920 0.650815
vt 0.588192 0.641856
vt 0.332915 0.980749
vt 0.330851 0.990812
vt 0.349797 0.997481
vt 0.326836 0.997125
vt 0.321139 0.990810
vt 0.543706 0.680689
vt 0.572007 0.665216
vt 0.551696 0.697968
vt 0.534938 0.651471
vt 0.520593 0.650969
vt 0.517008 0.692636
vt 0.399887 0.977433
vt 0.387016 0.972889
vt 0.628930 0.659662
vt 0.611199 0.658207
vt 0.622814 0.654294
vt 0.623277 0.675423
vt 0.586367 0.674622
vt 0.581905 0.657473
vt 0.609241 0.649974
vt 0.545537 0.695179
vt 0.541891 0.708944
vt 0.563600 0.702200
vt 0.501400 0.703200
vt 0.534186 0.718179
vt 0.564100 0.713100
vt 0.578220 0.726852
vt 0.559967 0.734164
vt 0.545622 0.727465
vt 0.523600 0.733400
vt 0.514900 0.738000
vt 0.526860 0.724661
vt 0.562577 0.737214
vt 0.552746 0.751229
vt 0.059500 0.603500
vt 0.062680 0.598497
vt 0.065300 0.610900
vt 0.090552 0.586282
vt 0.073495 0.606025
vt 0.082693 0.609446
vt 0.578359 0.741879
vt 0.571674 0.746759
vt 0.557794 0.756763
vt 0.570466 0.754809
vt 0.081958 0.568203
vt 0.075423 0.567243
vt 0.075400 0.560700
vt 0.094789 0.561931
vt 0.086418 0.560941
vt 0.081850 0.556444
vt 0.088231 0.570269
vt 0.071113 0.573285
vt 0.106019 0.582653
vt 0.095265 0.566911
vt 0.620000 0.447700
vt 0.614800 0.468500
vt 0.625504 0.485945
vt 0.639000 0.461700
vt 0.641500 0.437900
vt 0.622500 0.413500
vt 0.653998 0.400988
vt 0.635900 0.503100
vt 0.638000 0.524300
vt 0.652260 0.527841
vt 0.648881 0.515775
vt 0.634342 0.542327
vt 0.656256 0.464654
vt 0.663582 0.506237
vt 0.648000 0.552500
vt 0.654896 0.561216
vt 0.660963 0.537690
vt 0.673055 0.456807
vt 0.665349 0.469648
vt 0.672391 0.443141
vt 0.655893 0.441743
vt 0.686984 0.531966
vt 0.676900 0.482600
vt 0.635900 0.387800
vt 0.684602 0.464068
vt 0.683479 0.448318
vt 0.694879 0.453610
vt 0.692173 0.438987
vt 0.675772 0.404669
vt 0.678500 0.528200
vt 0.680500 0.505500
vt 0.711437 0.508373
vt 0.702100 0.516700
vt 0.702119 0.478860
vt 0.706305 0.469930
vt 0.728700 0.444400
vt 0.731397 0.463971
vt 0.706243 0.406486
vt 0.718530 0.406451
vt 0.712979 0.432371
vt 0.711600 0.475500
vt 0.732944 0.494472
vt 0.726504 0.416257
vt 0.273286 0.608954
vt 0.281868 0.618047
vt 0.269973 0.615658
vt 0.290641 0.641540
vt 0.259289 0.622106
vt 0.189435 0.640343
vt 0.187918 0.629296
vt 0.210611 0.620263
vt 0.742900 0.430200
vt 0.736900 0.422600
vt 0.747100 0.445600
vt 0.241222 0.639897
vt 0.236874 0.658467
vt 0.227300 0.638400
vt 0.258524 0.640336
vt 0.250900 0.631200
vt 0.245713 0.654118
vt 0.252435 0.664337
vt 0.247107 0.667743
vt 0.267758 0.666925
vt 0.259136 0.659207
vt 0.220011 0.676128
vt 0.201695 0.662528
vt 0.227376 0.660631
vt 0.228776 0.676443
vt 0.243033 0.679287
vt 0.255948 0.675855
vt 0.281547 0.674797
vt 0.240176 0.687526
vt 0.265600 0.691800
vt 0.239423 0.705256
vt 0.260600 0.708000
vt 0.221551 0.693078
vt 0.212966 0.686298
vt 0.220785 0.703900
vt 0.274950 0.737335
vt 0.253800 0.735100
vt 0.233546 0.723053
vt 0.241350 0.741804
vt 0.259900 0.754400
vt 0.254172 0.768618
vt 0.624039 0.280808
vt 0.628543 0.336036
vt 0.619570 0.309012
vt 0.636300 0.290600
vt 0.628707 0.272064
vt 0.630683 0.282986
vt 0.642763 0.276310
vt 0.647211 0.349002
vt 0.658242 0.373712
vt 0.633910 0.324243
vt 0.642677 0.325994
vt 0.652956 0.338008
vt 0.638777 0.315184
vt 0.661968 0.294486
vt 0.659554 0.274955
vt 0.643591 0.253800
vt 0.648431 0.261555
vt 0.665172 0.340851
vt 0.677233 0.356601
vt 0.681768 0.347423
vt 0.669380 0.287256
vt 0.673667 0.293829
vt 0.662144 0.262352
vt 0.668497 0.247378
vt 0.683664 0.322948
vt 0.679090 0.335972
vt 0.686653 0.333257
vt 0.667450 0.275523
vt 0.683278 0.272620
vt 0.694883 0.376591
vt 0.682287 0.363087
vt 0.686084 0.356967
vt 0.679672 0.229809
vt 0.686906 0.299568
vt 0.698390 0.309213
vt 0.695981 0.318232
vt 0.692152 0.293408
vt 0.683198 0.285265
vt 0.677844 0.277853
vt 0.698395 0.260036
vt 0.683403 0.240524
vt 0.694267 0.366539
vt 0.700438 0.334788
vt 0.711884 0.269059
vt 0.693820 0.211522
vt 0.695109 0.236144
vt 0.711288 0.223877
vt 0.709822 0.298206
vt 0.706946 0.280999
vt 0.712449 0.258779
vt 0.708504 0.241204
vt 0.712087 0.361271
vt 0.721898 0.367612
vt 0.708374 0.367545
vt 0.723920 0.357081
vt 0.716894 0.274832
vt 0.731765 0.290929
vt 0.727685 0.296014
vt 0.707602 0.379019
vt 0.716044 0.390271
vt 0.705627 0.384406
vt 0.311577 0.609003
vt 0.298340 0.618281
vt 0.299092 0.603386
vt 0.702189 0.355016
vt 0.413138 0.632251
vt 0.418332 0.624115
vt 0.425612 0.624680
vt 0.404964 0.626892
vt 0.710564 0.216499
vt 0.723721 0.300345
vt 0.747428 0.282259
vt 0.742588 0.286606
vt 0.739100 0.273700
vt 0.719000 0.237031
vt 0.734449 0.247762
vt 0.724700 0.254400
vt 0.299511 0.628098
vt 0.318689 0.621328
vt 0.315531 0.630640
vt 0.735991 0.371703
vt 0.329560 0.630310
vt 0.324300 0.640400
vt 0.713020 0.313019
vt 0.714983 0.300878
vt 0.721100 0.308600
vt 0.722378 0.316251
vt 0.722623 0.330458
vt 0.360500 0.627100
vt 0.367394 0.630581
vt 0.353073 0.625914
vt 0.375655 0.634643
vt 0.382052 0.643937
vt 0.370894 0.634739
vt 0.720501 0.270696
vt 0.731815 0.263137
vt 0.286725 0.609145
vt 0.307458 0.636436
vt 0.298907 0.639714
vt 0.726766 0.343441
vt 0.703285 0.343453
vt 0.716554 0.336884
vt 0.704158 0.323766
vt 0.731517 0.338177
vt 0.419784 0.635939
vt 0.384648 0.639488
vt 0.389295 0.636332
vt 0.405078 0.654192
vt 0.423467 0.649272
vt 0.337669 0.641754
vt 0.315424 0.648728
vt 0.359964 0.644830
vt 0.291268 0.657307
vt 0.404239 0.669180
vt 0.341900 0.667800
vt 0.379600 0.661600
vt 0.356192 0.695344
vt 0.309300 0.671700
vt 0.324600 0.658700
vt 0.437705 0.681040
vt 0.370474 0.691499
vt 0.454214 0.691175
vt 0.478300 0.719600
vt 0.368018 0.700112
vt 0.387739 0.693907
vt 0.367555 0.714911
vt 0.408237 0.709292
vt 0.394704 0.709894
vt 0.396176 0.699195
vt 0.344990 0.706204
vt 0.320232 0.709547
vt 0.355002 0.708831
vt 0.363671 0.711511
vt 0.289200 0.715200
vt 0.463636 0.718440
vt 0.444196 0.710372
vt 0.497800 0.727400
vt 0.416906 0.702531
vt 0.376392 0.721741
vt 0.373200 0.733700
vt 0.407667 0.717247
vt 0.393500 0.726600
vt 0.419283 0.726624
vt 0.056792 0.274047
vt 0.055947 0.248925
vt 0.064131 0.253364
vt 0.074255 0.250701
vt 0.066640 0.244157
vt 0.357380 0.721013
vt 0.345892 0.717742
vt 0.363483 0.718618
vt 0.330200 0.849900
vt 0.300099 0.851465
vt 0.337500 0.831100
vt 0.050104 0.261625
vt 0.050421 0.248998
vt 0.078690 0.244396
vt 0.094554 0.251550
vt 0.087830 0.271024
vt 0.377436 0.745561
vt 0.399289 0.739991
vt 0.431891 0.729254
vt 0.421434 0.733859
vt 0.408012 0.739758
vt 0.060053 0.274495
vt 0.100117 0.268436
vt 0.330646 0.737696
vt 0.348334 0.750252
vt 0.362500 0.738400
vt 0.364823 0.750413
vt 0.302331 0.865962
vt 0.310434 0.856692
vt 0.293499 0.797851
vt 0.297552 0.793829
vt 0.302618 0.824196
vt 0.290393 0.852793
vt 0.403791 0.746760
vt 0.393719 0.759792
vt 0.062149 0.303059
vt 0.054763 0.300884
vt 0.062740 0.293804
vt 0.065000 0.316700
vt 0.058624 0.305175
vt 0.076964 0.289010
vt 0.054097 0.292674
vt 0.077250 0.304704
vt 0.098682 0.292562
vt 0.105515 0.281431
vt 0.351810 0.767929
vt 0.376400 0.757100
vt 0.291000 0.743900
vt 0.302956 0.760610
vt 0.324280 0.757869
vt 0.102788 0.605782
vt 0.091252 0.611331
vt 0.094899 0.596200
vt 0.111911 0.616281
vt 0.284792 0.811613
vt 0.286398 0.796650
vt 0.112370 0.275572
vt 0.106083 0.275226
vt 0.284237 0.832065
vt 0.280782 0.843471
vt 0.082454 0.316864
vt 0.079200 0.325700
vt 0.062086 0.330300
vt 0.098871 0.305639
vt 0.086194 0.301569
vt 0.115456 0.283045
vt 0.274879 0.799907
vt 0.272511 0.807240
vt 0.267254 0.801913
vt 0.268590 0.829310
vt 0.336211 0.783448
vt 0.048900 0.341000
vt 0.046500 0.329600
vt 0.060872 0.320453
vt 0.284280 0.767345
vt 0.311600 0.767500
vt 0.324318 0.767784
vt 0.293036 0.787241
vt 0.285466 0.791303
vt 0.104190 0.590212
vt 0.120722 0.592779
vt 0.116633 0.576317
vt 0.100324 0.564960
vt 0.108273 0.575473
vt 0.102705 0.312688
vt 0.107932 0.314782
vt 0.122018 0.280184
vt 0.122675 0.286870
vt 0.240821 0.842332
vt 0.252726 0.848266
vt 0.247138 0.855968
vt 0.241831 0.854756
vt 0.099946 0.338074
vt 0.077180 0.336365
vt 0.093502 0.315906
vt 0.114596 0.326783
vt 0.109436 0.300484
vt 0.119058 0.313357
vt 0.122402 0.303745
vt 0.134717 0.283189
vt 0.129055 0.289774
vt 0.137063 0.291790
vt 0.123682 0.293464
vt 0.129334 0.299057
vt 0.118828 0.298300
vt 0.250783 0.797358
vt 0.257737 0.799749
vt 0.266791 0.849850
vt 0.262790 0.842728
vt 0.261349 0.832955
vt 0.054440 0.355381
vt 0.342456 0.785633
vt 0.351891 0.786553
vt 0.079882 0.359804
vt 0.066967 0.357206
vt 0.308127 0.781470
vt 0.323762 0.783205
vt 0.305145 0.786233
vt 0.032393 0.373548
vt 0.022978 0.350199
vt 0.041803 0.366180
vt 0.326720 0.787145
vt 0.052912 0.363522
vt 0.047197 0.358117
vt 0.346916 0.793738
vt 0.048544 0.376060
vt 0.266102 0.774689
vt 0.261338 0.779795
vt 0.273200 0.789700
vt 0.000997 0.334610
vt 0.007084 0.326834
vt 0.003835 0.341113
vt 0.034144 0.348822
vt 0.015865 0.336378
vt 0.014203 0.360442
vt 0.021689 0.367965
vt 0.023139 0.397351
vt 0.035208 0.377354
vt 0.028479 0.402418
vt 0.027597 0.386406
vt 0.062003 0.378964
vt 0.045218 0.391438
vt 0.737822 0.546821
vt 0.741474 0.534791
vt 0.744770 0.524081
vt 0.766076 0.500094
vt 0.749175 0.491029
vt 0.764453 0.484641
vt 0.751096 0.479392
vt 0.772848 0.477559
vt 0.790500 0.485700
vt 0.775955 0.489558
vt 0.754102 0.464143
vt 0.766541 0.460858
vt 0.787900 0.466000
vt 0.755672 0.447807
vt 0.755101 0.432619
vt 0.789987 0.423393
vt 0.817400 0.468400
vt 0.813154 0.430441
vt 0.757258 0.416253
vt 0.790101 0.395947
vt 0.766964 0.387555
vt 0.836344 0.436136
vt 0.838867 0.462382
vt 0.755464 0.380828
vt 0.782246 0.381290
vt 0.791700 0.384400
vt 0.823624 0.430612
vt 0.854619 0.452614
vt 0.841262 0.416146
vt 0.830138 0.408050
vt 0.916102 0.811993
vt 0.919299 0.783757
vt 0.935391 0.776913
vt 0.947058 0.783046
vt 0.945432 0.803601
vt 0.945820 0.820888
vt 0.852023 0.447864
vt 0.853453 0.440187
vt 0.851460 0.429570
vt 0.810000 0.402600
vt 0.817659 0.389786
vt 0.835639 0.390417
vt 0.456556 0.572203
vt 0.448880 0.587676
vt 0.448168 0.582138
vt 0.864206 0.453555
vt 0.462991 0.576299
vt 0.457075 0.571606
vt 0.467680 0.562988
vt 0.442784 0.569382
vt 0.849612 0.410366
vt 0.854057 0.416938
vt 0.851103 0.422846
vt 0.847886 0.402969
vt 0.848109 0.392102
vt 0.478751 0.558670
vt 0.466631 0.555423
vt 0.469252 0.549347
vt 0.805928 0.367191
vt 0.807680 0.382960
vt 0.892238 0.796127
vt 0.909000 0.780900
vt 0.822894 0.365589
vt 0.480313 0.536920
vt 0.482811 0.543434
vt 0.479338 0.547798
vt 0.484740 0.526802
vt 0.215112 0.026626
vt 0.220928 0.020867
vt 0.220412 0.026654
vt 0.846693 0.387111
vt 0.830293 0.378466
vt 0.835362 0.369339
vt 0.840632 0.371385
vt 0.479385 0.548469
vt 0.510468 0.571596
vt 0.507495 0.550767
vt 0.514625 0.562714
vt 0.926373 0.832443
vt 0.905800 0.835500
vt 0.871431 0.809206
vt 0.879557 0.799465
vt 0.232919 0.037259
vt 0.245424 0.063315
vt 0.235415 0.047312
vt 0.245653 0.026044
vt 0.221289 0.031449
vt 0.226486 0.021009
vt 0.240581 0.014766
vt 0.256730 0.051078
vt 0.242360 0.010079
vt 0.254277 0.007136
vt 0.264274 0.012817
vt 0.510968 0.582441
vt 0.528234 0.597352
vt 0.519477 0.603769
vt 0.534524 0.617530
vt 0.531796 0.607202
vt 0.532339 0.577924
vt 0.519271 0.543009
vt 0.518143 0.552073
vt 0.517475 0.552764
vt 0.530223 0.560992
vt 0.893100 0.824300
vt 0.886200 0.838500
vt 0.907265 0.850130
vt 0.946831 0.838876
vt 0.944847 0.853589
vt 0.930203 0.873945
vt 0.909160 0.866577
vt 0.262031 0.025433
vt 0.265568 0.039360
vt 0.251953 0.025156
vt 0.870200 0.825600
vt 0.859744 0.823611
vt 0.265477 0.053611
vt 0.855955 0.816458
vt 0.854492 0.807112
vt 0.559367 0.591681
vt 0.551077 0.593881
vt 0.550634 0.580195
vt 0.546060 0.595205
vt 0.538200 0.572026
vt 0.547505 0.563377
vt 0.523841 0.535079
vt 0.518920 0.526832
vt 0.499645 0.544213
vt 0.498440 0.534017
vt 0.256502 0.064114
vt 0.391600 0.817900
vt 0.382444 0.822955
vt 0.399236 0.820756
vt 0.398600 0.827900
vt 0.396239 0.842729
vt 0.526002 0.551635
vt 0.895427 0.847801
vt 0.866670 0.839488
vt 0.857391 0.846644
vt 0.893285 0.864143
vt 0.267065 0.072757
vt 0.267535 0.063311
vt 0.276708 0.068765
vt 0.839469 0.813772
vt 0.845833 0.827366
vt 0.798825 0.800993
vt 0.813913 0.801423
vt 0.806123 0.809979
vt 0.265965 0.082991
vt 0.254332 0.075320
vt 0.826524 0.840250
vt 0.819189 0.831396
vt 0.790603 0.792175
vt 0.807394 0.786371
vt 0.383608 0.861866
vt 0.385300 0.848400
vt 0.398389 0.863016
vt 0.358495 0.883290
vt 0.946063 0.905935
vt 0.934936 0.897261
vt 0.943464 0.890809
vt 0.856654 0.863775
vt 0.907800 0.906700
vt 0.913245 0.878156
vt 0.845642 0.838315
vt 0.827465 0.857779
vt 0.885200 0.887700
vt 0.820311 0.813545
vt 0.830485 0.813174
vt 0.807300 0.826400
vt 0.779594 0.808791
vt 0.787679 0.816570
vt 0.790754 0.829003
vt 0.397299 0.885164
vt 0.409500 0.865222
vt 0.386100 0.880100
vt 0.365273 0.896496
vt 0.375116 0.887565
vt 0.945475 0.926377
vt 0.912800 0.929300
vt 0.878600 0.919300
vt 0.839850 0.869017
vt 0.799500 0.840200
vt 0.816200 0.843400
vt 0.849583 0.877740
vt 0.785900 0.836700
vt 0.419651 0.873291
vt 0.403422 0.893100
vt 0.376544 0.901661
vt 0.947048 0.944030
vt 0.823938 0.874309
vt 0.806500 0.872500
vt 0.828813 0.878185
vt 0.847800 0.902500
vt 0.822512 0.894894
vt 0.838300 0.888900
vt 0.781893 0.834593
vt 0.773213 0.840605
vt 0.793400 0.855400
vt 0.398063 0.906055
vt 0.414822 0.909314
vt 0.416494 0.895545
vt 0.361390 0.918399
vt 0.378833 0.918303
vt 0.364042 0.931820
vt 0.899500 0.937200
vt 0.933700 0.967400
vt 0.906000 0.957900
vt 0.845100 0.920700
vt 0.875500 0.944800
vt 0.857315 0.957620
vt 0.798365 0.885668
vt 0.789261 0.871614
vt 0.452616 0.893485
vt 0.459601 0.893707
vt 0.465297 0.915035
vt 0.459989 0.884934
vt 0.466952 0.888726
vt 0.799647 0.897624
vt 0.777574 0.868899
vt 0.468437 0.899719
vt 0.400800 0.936600
vt 0.410459 0.923867
vt 0.946182 0.967739
vt 0.904800 0.970100
vt 0.903400 0.984500
vt 0.932724 0.986876
vt 0.882130 0.971131
vt 0.818803 0.931326
vt 0.791264 0.917611
vt 0.449243 0.901637
vt 0.408428 0.947837
vt 0.420552 0.940174
vt 0.443378 0.916273
vt 0.450947 0.942276
vt 0.432112 0.931892
vt 0.434696 0.942065
vt 0.451038 0.936508
vt 0.445842 0.921646
vt 0.464414 0.929934
vt 0.488313 0.907234
vt 0.942641 0.005340
vt 0.926800 0.028500
vt 0.914000 0.007000
vt 0.957200 0.002800
vt 0.958554 0.021984
vt 0.947123 0.033874
vt 0.485646 0.884132
vt 0.488400 0.892900
vt 0.444129 0.951406
vt 0.438031 0.948390
vt 0.453776 0.958189
vt 0.456164 0.953948
vt 0.732489 0.157891
vt 0.743173 0.172797
vt 0.729347 0.166530
vt 0.785400 0.908600
vt 0.773347 0.906796
vt 0.760020 0.904525
vt 0.766699 0.915096
vt 0.417801 0.958745
vt 0.411140 0.968380
vt 0.426332 0.951572
vt 0.433625 0.960671
vt 0.420842 0.963131
vt 0.743982 0.149443
vt 0.760987 0.157262
vt 0.749895 0.164374
vt 0.479017 0.918944
vt 0.484240 0.930865
vt 0.485100 0.920558
vt 0.754953 0.915173
vt 0.741004 0.904925
vt 0.750117 0.906695
vt 0.954800 0.047000
vt 0.940535 0.052238
vt 0.963815 0.044818
vt 0.962991 0.054349
vt 0.885504 0.995234
vt 0.781893 0.930349
vt 0.459022 0.959080
vt 0.710739 0.174097
vt 0.715496 0.158447
vt 0.740588 0.924188
vt 0.745891 0.921733
vt 0.750815 0.931100
vt 0.760364 0.928183
vt 0.769819 0.934277
vt 0.744187 0.123328
vt 0.754574 0.120930
vt 0.746431 0.135419
vt 0.754845 0.146291
vt 0.734268 0.141746
vt 0.725972 0.129558
vt 0.740574 0.919706
vt 0.717556 0.145538
vt 0.964921 0.062827
vt 0.948812 0.069330
vt 0.897459 0.019353
vt 0.881100 0.026000
vt 0.885279 0.012044
vt 0.872964 0.987230
vt 0.905800 0.050600
vt 0.831300 0.963700
vt 0.843100 0.981900
vt 0.833100 0.989300
vt 0.822900 0.983600
vt 0.808751 0.978737
vt 0.794300 0.968300
vt 0.791800 0.942800
vt 0.646800 0.183700
vt 0.655312 0.172882
vt 0.662978 0.180840
vt 0.706650 0.159235
vt 0.761851 0.951001
vt 0.755358 0.950754
vt 0.768669 0.944774
vt 0.783493 0.956682
vt 0.675914 0.171804
vt 0.685797 0.171776
vt 0.682049 0.178505
vt 0.768218 0.957186
vt 0.694119 0.153413
vt 0.687410 0.166799
vt 0.697276 0.161777
vt 0.687534 0.181602
vt 0.689994 0.169791
vt 0.684535 0.153295
vt 0.720700 0.088900
vt 0.744800 0.080000
vt 0.745753 0.107397
vt 0.604200 0.694900
vt 0.726000 0.122206
vt 0.738139 0.061505
vt 0.732000 0.071000
vt 0.584167 0.697255
vt 0.592700 0.702200
vt 0.713951 0.072903
vt 0.939769 0.079384
vt 0.936224 0.086231
vt 0.929134 0.077525
vt 0.917048 0.074741
vt 0.921004 0.081275
vt 0.876300 0.052700
vt 0.846000 0.015500
vt 0.855800 0.007900
vt 0.847200 0.041000
vt 0.828400 0.026400
vt 0.821521 0.004016
vt 0.835800 0.009500
vt 0.666491 0.164721
vt 0.658544 0.149284
vt 0.704210 0.124265
vt 0.694519 0.140930
vt 0.681971 0.145335
vt 0.672477 0.148944
vt 0.694543 0.114394
vt 0.718270 0.107106
vt 0.704561 0.094432
vt 0.695800 0.053600
vt 0.726293 0.053391
vt 0.737893 0.050351
vt 0.719698 0.028566
vt 0.731799 0.040786
vt 0.730339 0.017763
vt 0.743849 0.025922
vt 0.850100 0.076800
vt 0.883900 0.079400
vt 0.906500 0.084000
vt 0.926094 0.097821
vt 0.892170 0.094007
vt 0.640100 0.161500
vt 0.640500 0.177100
vt 0.809010 0.035685
vt 0.804800 0.002000
vt 0.672552 0.126530
vt 0.684023 0.128101
vt 0.677200 0.099500
vt 0.693986 0.076480
vt 0.685118 0.063607
vt 0.683670 0.070766
vt 0.703200 0.039100
vt 0.693391 0.003901
vt 0.561900 0.761700
vt 0.728600 0.008400
vt 0.092678 0.545699
vt 0.078100 0.547400
vt 0.782282 0.035177
vt 0.791400 0.010300
vt 0.658385 0.135819
vt 0.644243 0.131662
vt 0.648216 0.125708
vt 0.755441 0.028768
vt 0.772081 0.019306
vt 0.762470 0.029011
vt 0.754463 0.011464
vt 0.762451 0.013755
vt 0.750158 0.018600
vt 0.643924 0.120658
vt 0.640869 0.115972
vt 0.654842 0.123050
vt 0.658740 0.092305
vt 0.628526 0.084407
vt 0.677450 0.072043
vt 0.677300 0.026900
vt 0.670300 0.047400
vt 0.104605 0.551687
vt 0.099413 0.563717
vt 0.111329 0.562418
vt 0.112676 0.556637
vt 0.964244 0.084239
vt 0.952770 0.086641
vt 0.962994 0.094001
vt 0.960222 0.109884
vt 0.943704 0.099937
vt 0.970854 0.139054
vt 0.972723 0.105455
vt 0.975664 0.138932
vt 0.939011 0.116102
vt 0.924500 0.123800
vt 0.884851 0.122384
vt 0.944049 0.146912
vt 0.933832 0.142856
vt 0.950266 0.123568
vt 0.961715 0.137319
vt 0.955056 0.152690
vt 0.237300 0.831356
vt 0.256596 0.841856
vt 0.226458 0.844826
vt 0.234761 0.848379
vt 0.225700 0.858100
vt 0.132800 0.601100
vt 0.127064 0.613665
vt 0.117232 0.613241
vt 0.158397 0.598988
vt 0.141832 0.606322
vt 0.105053 0.333499
vt 0.242573 0.763006
vt 0.233086 0.769603
vt 0.238438 0.752412
vt 0.243060 0.766743
vt 0.239815 0.779212
vt 0.235161 0.783019
vt 0.234839 0.773380
vt 0.257048 0.792414
vt 0.242514 0.794334
vt 0.253149 0.787386
vt 0.262859 0.818097
vt 0.248437 0.823403
vt 0.267800 0.795900
vt 0.002000 0.455100
vt 0.009072 0.444405
vt 0.005200 0.462900
vt 0.027490 0.449733
vt 0.008455 0.434418
vt 0.033984 0.436434
vt 0.014241 0.427362
vt 0.036062 0.416740
vt 0.055027 0.419766
vt 0.057484 0.392032
vt 0.070007 0.395385
vt 0.218837 0.851136
vt 0.221205 0.830559
vt 0.165421 0.573296
vt 0.127186 0.566470
vt 0.219100 0.760500
vt 0.220220 0.742887
vt 0.222993 0.775734
vt 0.216973 0.791840
vt 0.214324 0.774451
vt 0.218477 0.842240
vt 0.208700 0.842740
vt 0.226650 0.805091
vt 0.233724 0.817465
vt 0.210757 0.803986
vt 0.209400 0.822400
vt 0.152748 0.611414
vt 0.141619 0.615228
vt 0.150507 0.619312
vt 0.160206 0.619485
vt 0.206326 0.720468
vt 0.201629 0.713580
vt 0.219393 0.721499
vt 0.236432 0.746859
vt 0.091384 0.370089
vt 0.085942 0.388672
vt 0.079676 0.370606
vt 0.026323 0.464134
vt 0.080070 0.409702
vt 0.074482 0.417207
vt 0.180184 0.573449
vt 0.204624 0.783443
vt 0.194781 0.755562
vt 0.200300 0.809800
vt 0.177600 0.792400
vt 0.193250 0.814844
vt 0.168340 0.618162
vt 0.173412 0.613199
vt 0.207052 0.733778
vt 0.186353 0.728735
vt 0.206221 0.746033
vt 0.097261 0.407717
vt 0.103256 0.387613
vt 0.042461 0.449919
vt 0.045431 0.465363
vt 0.052100 0.452300
vt 0.175875 0.599178
vt 0.168921 0.561325
vt 0.180375 0.825740
vt 0.197757 0.833155
vt 0.190904 0.837397
vt 0.166345 0.819113
vt 0.184443 0.608583
vt 0.187733 0.623505
vt 0.198461 0.614119
vt 0.169636 0.738834
vt 0.192468 0.775549
vt 0.173500 0.760600
vt 0.124370 0.423108
vt 0.114158 0.409337
vt 0.129211 0.424046
vt 0.189780 0.698966
vt 0.181717 0.689461
vt 0.182277 0.678553
vt 0.061398 0.457426
vt 0.059425 0.466153
vt 0.069444 0.468601
vt 0.176525 0.674273
vt 0.176422 0.660577
vt 0.178560 0.665484
vt 0.083449 0.435529
vt 0.078272 0.450450
vt 0.086364 0.448420
vt 0.098617 0.431371
vt 0.097807 0.418013
vt 0.197898 0.600363
vt 0.210409 0.578651
vt 0.207912 0.595132
vt 0.198880 0.582289
vt 0.149541 0.803328
vt 0.172200 0.803800
vt 0.167692 0.831462
vt 0.168441 0.834929
vt 0.691665 0.997138
vt 0.688361 0.998169
vt 0.688664 0.988657
vt 0.693336 0.987655
vt 0.214471 0.613988
vt 0.227322 0.599163
vt 0.159416 0.736371
vt 0.167627 0.724729
vt 0.671711 0.997554
vt 0.228370 0.617341
vt 0.218600 0.619900
vt 0.230940 0.601631
vt 0.237911 0.585679
vt 0.230500 0.584400
vt 0.247231 0.556222
vt 0.165741 0.683672
vt 0.146676 0.707169
vt 0.157767 0.673279
vt 0.154406 0.712993
vt 0.179400 0.708500
vt 0.146210 0.792938
vt 0.154200 0.790200
vt 0.159588 0.826732
vt 0.144253 0.743099
vt 0.158341 0.744241
vt 0.146600 0.760400
vt 0.135400 0.790100
vt 0.120469 0.767856
vt 0.669034 0.979310
vt 0.695722 0.959364
vt 0.683755 0.961747
vt 0.127731 0.708959
vt 0.145817 0.686760
vt 0.649286 0.969482
vt 0.656639 0.991486
vt 0.638870 0.995636
vt 0.638926 0.968869
vt 0.138248 0.796388
vt 0.126049 0.800212
vt 0.115296 0.794605
vt 0.129714 0.816534
vt 0.132765 0.806036
vt 0.141288 0.815915
vt 0.125058 0.812308
vt 0.159271 0.831111
vt 0.127605 0.726844
vt 0.119500 0.746100
vt 0.648363 0.956072
vt 0.659900 0.959900
vt 0.619944 0.993579
vt 0.585170 0.979570
vt 0.622534 0.957644
vt 0.125043 0.788056
vt 0.115084 0.804436
vt 0.701637 0.954484
vt 0.707691 0.941903
vt 0.705502 0.949612
vt 0.704254 0.929871
vt 0.693694 0.927104
vt 0.117574 0.810762
vt 0.105274 0.809920
vt 0.708444 0.928127
vt 0.099656 0.750031
vt 0.100900 0.764600
vt 0.688759 0.949752
vt 0.686179 0.930405
vt 0.674500 0.949400
vt 0.672904 0.933439
vt 0.657300 0.935983
vt 0.628700 0.922000
vt 0.100244 0.783562
vt 0.095423 0.810828
vt 0.100585 0.800492
vt 0.706900 0.917499
vt 0.700522 0.910563
vt 0.066927 0.767959
vt 0.076400 0.760200
vt 0.087600 0.772900
vt 0.099900 0.724600
vt 0.677329 0.908557
vt 0.677061 0.920627
vt 0.617200 0.948700
vt 0.610500 0.917400
vt 0.083331 0.795381
vt 0.084925 0.818434
vt 0.082368 0.810217
vt 0.065595 0.794447
vt 0.068635 0.806587
vt 0.073676 0.819263
vt 0.080928 0.831585
vt 0.076752 0.782988
vt 0.680369 0.895013
vt 0.609300 0.897700
vt 0.636030 0.890579
vt 0.655200 0.897866
vt 0.672252 0.895281
vt 0.655360 0.917826
vt 0.055827 0.779525
vt 0.055763 0.791997
vt 0.073762 0.832267
vt 0.700574 0.888763
vt 0.681633 0.887125
vt 0.697586 0.882543
vt 0.315628 0.565537
vt 0.325864 0.577477
vt 0.316213 0.587052
vt 0.325672 0.555851
vt 0.335351 0.561015
vt 0.314292 0.544550
vt 0.318559 0.546569
vt 0.065904 0.759973
vt 0.075980 0.739492
vt 0.065700 0.745100
vt 0.052069 0.802263
vt 0.056300 0.820700
vt 0.060356 0.826518
vt 0.331933 0.606791
vt 0.359800 0.615600
vt 0.335800 0.614900
vt 0.678646 0.885134
vt 0.682621 0.884093
vt 0.329333 0.595142
vt 0.665838 0.881995
vt 0.669309 0.889578
vt 0.652506 0.880650
vt 0.622749 0.879116
vt 0.629326 0.863144
vt 0.624840 0.873636
vt 0.045489 0.775923
vt 0.045628 0.787708
vt 0.334575 0.587938
vt 0.340300 0.577125
vt 0.052046 0.753790
vt 0.033700 0.815500
vt 0.362563 0.603572
vt 0.364467 0.597047
vt 0.618123 0.885596
vt 0.602345 0.875763
vt 0.341810 0.550007
vt 0.350178 0.553072
vt 0.355655 0.569905
vt 0.343900 0.531329
vt 0.348488 0.535778
vt 0.029954 0.779008
vt 0.020942 0.786232
vt 0.023331 0.794456
vt 0.036900 0.759608
vt 0.022850 0.770426
vt 0.369430 0.584292
vt 0.028800 0.802900
vt 0.021497 0.808997
vt 0.369440 0.616508
vt 0.371577 0.600806
vt 0.361000 0.545498
vt 0.369395 0.558117
vt 0.358666 0.559007
vt 0.370686 0.537886
vt 0.014238 0.783671
vt 0.011083 0.777169
vt 0.406262 0.613381
vt 0.391550 0.622146
vt 0.392456 0.602934
vt 0.382858 0.595615
vt 0.384300 0.562700
vt 0.388379 0.588599
vt 0.014052 0.813206
vt 0.402500 0.595300
vt 0.402718 0.576549
vt 0.390100 0.544200
vt 0.416151 0.590983
vt 0.428300 0.573000
vt 0.419214 0.535931
vt 0.436663 0.557045
vt 0.425595 0.500809
vt 0.434385 0.535628
vt 0.443975 0.541099
vt 0.439517 0.527789
vt 0.447155 0.511765
vt 0.462672 0.516481
vt 0.465383 0.495055
vt 0.473100 0.505000
vt 0.817100 0.078800
vt 0.855642 0.131329
vt 0.798707 0.079964
vt 0.781250 0.074428
vt 0.772207 0.053672
vt 0.640700 0.074000
vt 0.612900 0.107300
vt 0.605087 0.077122
vt 0.627800 0.050700
vt 0.645100 0.023600
vt 0.132754 0.541871
vt 0.124878 0.557638
vt 0.144575 0.509446
vt 0.148414 0.538484
vt 0.124400 0.504400
vt 0.871397 0.126811
vt 0.608137 0.132980
vt 0.603393 0.131391
vt 0.622133 0.133862
vt 0.594200 0.087500
vt 0.572535 0.110045
vt 0.601600 0.044300
vt 0.106575 0.529629
vt 0.116700 0.520000
vt 0.136200 0.482000
vt 0.678700 0.003700
vt 0.891088 0.147373
vt 0.783866 0.094908
vt 0.794500 0.099400
vt 0.789806 0.114806
vt 0.803771 0.125826
vt 0.828227 0.109426
vt 0.565591 0.126424
vt 0.585526 0.131537
vt 0.568900 0.085700
vt 0.581645 0.062608
vt 0.569816 0.036251
vt 0.598900 0.011800
vt 0.623100 0.024900
vt 0.128400 0.462300
vt 0.143300 0.462000
vt 0.174791 0.474509
vt 0.156096 0.513063
vt 0.166263 0.493491
vt 0.846560 0.160761
vt 0.851629 0.168387
vt 0.830500 0.151800
vt 0.792146 0.139867
vt 0.803066 0.156993
vt 0.794289 0.134749
vt 0.535479 0.102703
vt 0.523884 0.124183
vt 0.523728 0.091243
vt 0.539770 0.084386
vt 0.576900 0.014500
vt 0.151700 0.448200
vt 0.212502 0.502392
vt 0.818434 0.173772
vt 0.831272 0.178538
vt 0.508428 0.115744
vt 0.517785 0.124370
vt 0.509400 0.119000
vt 0.531700 0.067300
vt 0.533500 0.047000
vt 0.551100 0.064700
vt 0.534200 0.032800
vt 0.508000 0.050400
vt 0.508500 0.030000
vt 0.174812 0.402029
vt 0.180687 0.420720
vt 0.161400 0.399700
vt 0.168882 0.448264
vt 0.158600 0.427200
vt 0.552100 0.025200
vt 0.843635 0.184223
vt 0.861868 0.188987
vt 0.847369 0.199385
vt 0.841215 0.194488
vt 0.500400 0.121500
vt 0.482886 0.112760
vt 0.478287 0.115392
vt 0.488104 0.130427
vt 0.797744 0.181836
vt 0.507200 0.119500
vt 0.493424 0.093142
vt 0.504714 0.080480
vt 0.481833 0.069798
vt 0.486956 0.040041
vt 0.188100 0.369200
vt 0.164700 0.380000
vt 0.180200 0.358700
vt 0.187472 0.452838
vt 0.188719 0.440013
vt 0.201316 0.428372
vt 0.202058 0.437495
vt 0.833421 0.210519
vt 0.852853 0.228268
vt 0.827282 0.213054
vt 0.828075 0.202359
vt 0.794882 0.171812
vt 0.789928 0.179071
vt 0.809401 0.199030
vt 0.472795 0.106932
vt 0.460463 0.078676
vt 0.470385 0.114855
vt 0.459418 0.106599
vt 0.462202 0.090842
vt 0.471122 0.069404
vt 0.478573 0.059546
vt 0.479100 0.038900
vt 0.186800 0.350900
vt 0.199363 0.364224
vt 0.498400 0.028000
vt 0.195300 0.400600
vt 0.203665 0.383642
vt 0.218285 0.414601
vt 0.211500 0.451300
vt 0.796266 0.211138
vt 0.792050 0.188274
vt 0.447277 0.083170
vt 0.446187 0.107909
vt 0.436208 0.103442
vt 0.470864 0.052649
vt 0.436100 0.070900
vt 0.456054 0.063642
vt 0.472958 0.026702
vt 0.473637 0.009999
vt 0.486384 0.015410
vt 0.214449 0.372667
vt 0.214393 0.357165
vt 0.202182 0.348445
vt 0.209681 0.349865
vt 0.243110 0.399535
vt 0.240200 0.436100
vt 0.238377 0.449626
vt 0.227901 0.437642
vt 0.229855 0.470000
vt 0.788094 0.252445
vt 0.810077 0.262671
vt 0.800459 0.262593
vt 0.424257 0.108283
vt 0.409232 0.111952
vt 0.420924 0.103676
vt 0.415195 0.078441
vt 0.403034 0.082996
vt 0.451898 0.056329
vt 0.413021 0.060337
vt 0.418368 0.042510
vt 0.438858 0.039615
vt 0.225817 0.355832
vt 0.230771 0.362286
vt 0.214542 0.344791
vt 0.224446 0.342049
vt 0.255145 0.416200
vt 0.246006 0.430232
vt 0.256975 0.471533
vt 0.269455 0.466072
vt 0.403635 0.117695
vt 0.395500 0.105583
vt 0.401090 0.103298
vt 0.397213 0.068206
vt 0.400122 0.060267
vt 0.419034 0.025056
vt 0.436400 0.030100
vt 0.401434 0.046003
vt 0.448526 0.019678
vt 0.443590 0.009216
vt 0.453400 0.008600
vt 0.236388 0.347502
vt 0.244172 0.358910
vt 0.163505 0.347602
vt 0.166930 0.330274
vt 0.168431 0.336908
vt 0.177373 0.347825
vt 0.259184 0.444148
vt 0.256039 0.431026
vt 0.265365 0.440972
vt 0.382870 0.056307
vt 0.385257 0.040162
vt 0.391993 0.051331
vt 0.431200 0.017500
vt 0.438699 0.017620
vt 0.165640 0.321123
vt 0.152166 0.322704
vt 0.173535 0.303111
vt 0.148700 0.310900
vt 0.245881 0.382120
vt 0.182684 0.337992
vt 0.191174 0.320166
vt 0.193031 0.337595
vt 0.266291 0.407812
vt 0.269366 0.387443
vt 0.263450 0.360775
vt 0.279757 0.450808
vt 0.288500 0.467600
vt 0.275600 0.422500
vt 0.148903 0.258205
vt 0.131714 0.264752
vt 0.131900 0.254900
vt 0.375600 0.043500
vt 0.130034 0.244211
vt 0.164989 0.244848
vt 0.143517 0.298587
vt 0.145887 0.284319
vt 0.168872 0.285556
vt 0.152794 0.277859
vt 0.155520 0.272822
vt 0.166012 0.278917
vt 0.147600 0.274100
vt 0.138830 0.278192
vt 0.204054 0.327573
vt 0.298942 0.426295
vt 0.276393 0.378381
vt 0.281000 0.393600
vt 0.271250 0.369704
vt 0.278960 0.365501
vt 0.288026 0.371482
vt 0.211558 0.318135
vt 0.210177 0.333498
vt 0.310447 0.466724
vt 0.375100 0.055800
vt 0.183505 0.284824
vt 0.174430 0.273909
vt 0.170165 0.268826
vt 0.166613 0.251489
vt 0.194702 0.305497
vt 0.204743 0.310299
vt 0.181036 0.264893
vt 0.220492 0.334181
vt 0.310791 0.391126
vt 0.297600 0.380400
vt 0.316959 0.414147
vt 0.176126 0.245027
vt 0.172022 0.249198
vt 0.166882 0.230526
vt 0.203922 0.291281
vt 0.225300 0.292000
vt 0.242800 0.314500
vt 0.216327 0.309470
vt 0.338000 0.427200
vt 0.336491 0.414074
vt 0.321711 0.443963
vt 0.334480 0.405585
vt 0.248444 0.341903
vt 0.232600 0.337500
vt 0.234420 0.326923
vt 0.263177 0.318478
vt 0.190200 0.226700
vt 0.171182 0.214885
vt 0.196113 0.261010
vt 0.195557 0.238324
vt 0.174194 0.235070
vt 0.202300 0.270500
vt 0.217300 0.259100
vt 0.280870 0.327142
vt 0.275501 0.344808
vt 0.189187 0.206765
vt 0.212650 0.220748
vt 0.208391 0.202812
vt 0.248400 0.280900
vt 0.253076 0.295708
vt 0.236027 0.238392
vt 0.254500 0.249400
vt 0.301358 0.317969
vt 0.289245 0.302780
vt 0.969306 0.160855
vt 0.982564 0.148612
vt 0.985760 0.163340
vt 0.902865 0.134162
vt 0.942883 0.152574
vt 0.935100 0.161000
vt 0.930563 0.170210
vt 0.910507 0.157955
vt 0.947313 0.157571
vt 0.940637 0.174521
vt 0.928644 0.182508
vt 0.950010 0.161723
vt 0.954618 0.178068
vt 0.947931 0.171530
vt 0.962105 0.179546
vt 0.958630 0.191217
vt 0.922623 0.145001
vt 0.945726 0.196019
vt 0.933756 0.215653
vt 0.929295 0.204466
vt 0.964717 0.209597
vt 0.903156 0.220025
vt 0.967010 0.225378
vt 0.933800 0.230300
vt 0.885735 0.188502
vt 0.872900 0.225700
vt 0.894800 0.275000
vt 0.875797 0.279216
vt 0.906500 0.254800
vt 0.950981 0.253797
vt 0.893254 0.304628
vt 0.915100 0.296200
vt 0.935163 0.297210
vt 0.946400 0.277400
vt 0.972583 0.301152
vt 0.960800 0.299900
vt 0.969062 0.273997
vt 0.963000 0.314200
vt 0.843384 0.253955
vt 0.870659 0.256513
vt 0.828941 0.233928
vt 0.842908 0.237296
vt 0.828809 0.244378
vt 0.813273 0.240183
vt 0.811215 0.223788
vt 0.960373 0.326642
vt 0.954623 0.317084
vt 0.946997 0.324076
vt 0.976076 0.319405
vt 0.977930 0.338460
vt 0.852736 0.262686
vt 0.938078 0.318446
vt 0.858274 0.274269
vt 0.867169 0.264644
vt 0.866874 0.285211
vt 0.806945 0.251836
vt 0.794036 0.238665
vt 0.805838 0.235086
vt 0.969797 0.341536
vt 0.953163 0.340656
vt 0.937789 0.331477
vt 0.854241 0.292552
vt 0.850383 0.276990
vt 0.881181 0.309916
vt 0.867881 0.312815
vt 0.904265 0.317370
vt 0.926726 0.306212
vt 0.911148 0.333083
vt 0.906119 0.330266
vt 0.939379 0.337533
vt 0.950749 0.351934
vt 0.832327 0.259795
vt 0.818025 0.272550
vt 0.022631 0.203193
vt 0.011853 0.205715
vt 0.019060 0.194096
vt 0.394824 0.116336
vt 0.390977 0.116143
vt 0.389839 0.095036
vt 0.894588 0.321529
vt 0.895795 0.331667
vt 0.940964 0.359577
vt 0.937239 0.351140
vt 0.936984 0.381679
vt 0.974258 0.358325
vt 0.974492 0.368898
vt 0.843092 0.308286
vt 0.855454 0.308883
vt 0.028978 0.192054
vt 0.057368 0.196511
vt 0.022329 0.181917
vt 0.032726 0.178205
vt 0.041400 0.179100
vt 0.047915 0.184366
vt 0.834689 0.308092
vt 0.823515 0.282005
vt 0.836198 0.283877
vt 0.045831 0.213280
vt 0.033944 0.211217
vt 0.380023 0.076941
vt 0.395699 0.073978
vt 0.381419 0.089611
vt 0.056501 0.212487
vt 0.071245 0.214291
vt 0.066951 0.220693
vt 0.383633 0.072934
vt 0.072683 0.220258
vt 0.068054 0.226056
vt 0.868367 0.344339
vt 0.901832 0.349932
vt 0.895933 0.343571
vt 0.908761 0.341171
vt 0.922690 0.338169
vt 0.926733 0.361641
vt 0.899600 0.373600
vt 0.962400 0.395100
vt 0.968048 0.399145
vt 0.843548 0.323112
vt 0.826905 0.324207
vt 0.053724 0.164169
vt 0.057273 0.174687
vt 0.822041 0.316327
vt 0.067979 0.185921
vt 0.077871 0.195167
vt 0.065360 0.197715
vt 0.071715 0.177680
vt 0.088373 0.204591
vt 0.374936 0.063503
vt 0.095044 0.219072
vt 0.096200 0.226200
vt 0.079030 0.228340
vt 0.084100 0.234400
vt 0.096598 0.234257
vt 0.000935 0.005359
vt 0.033310 0.001797
vt 0.002600 0.012200
vt 0.830410 0.327720
vt 0.845135 0.327350
vt 0.860600 0.330000
vt 0.852825 0.350901
vt 0.842090 0.345994
vt 0.841247 0.361963
vt 0.872100 0.360400
vt 0.067974 0.146709
vt 0.051748 0.156220
vt 0.061070 0.139480
vt 0.077857 0.169137
vt 0.074307 0.160947
vt 0.084292 0.202447
vt 0.089591 0.194186
vt 0.105445 0.213290
vt 0.115519 0.208798
vt 0.115717 0.220542
vt 0.097223 0.207139
vt 0.140632 0.226224
vt 0.120290 0.231551
vt 0.157594 0.230587
vt 0.031547 0.019083
vt 0.012000 0.018500
vt 0.838785 0.353181
vt 0.068081 0.128229
vt 0.832249 0.357966
vt 0.828828 0.345426
vt 0.076774 0.127079
vt 0.087145 0.145505
vt 0.102400 0.178800
vt 0.090251 0.187036
vt 0.091902 0.157129
vt 0.124800 0.189200
vt 0.128911 0.192846
vt 0.112700 0.193900
vt 0.115338 0.162700
vt 0.112844 0.152813
vt 0.136596 0.208448
vt 0.150771 0.217134
vt 0.160600 0.220700
vt 0.070000 0.080600
vt 0.086800 0.078700
vt 0.071953 0.109101
vt 0.067300 0.055600
vt 0.035600 0.069000
vt 0.028700 0.051400
vt 0.060800 0.088900
vt 0.012748 0.038797
vt 0.084901 0.112126
vt 0.099149 0.131816
vt 0.135500 0.181500
vt 0.112600 0.175700
vt 0.123000 0.168900
vt 0.128360 0.160327
vt 0.125150 0.145388
vt 0.142515 0.182370
vt 0.140322 0.198773
vt 0.154892 0.184905
vt 0.159892 0.199059
vt 0.172732 0.206522
vt 0.093578 0.104970
vt 0.117566 0.103070
vt 0.096652 0.117069
vt 0.141076 0.172669
vt 0.157726 0.151634
vt 0.144370 0.138649
vt 0.168627 0.187659
vt 0.167400 0.174400
vt 0.156700 0.166500
vt 0.179094 0.197714
vt 0.181777 0.188345
vt 0.135541 0.551479
vt 0.149192 0.559745
vt 0.163800 0.531600
vt 0.204852 0.535605
vt 0.181916 0.527512
vt 0.196012 0.511646
vt 0.187900 0.559200
vt 0.183400 0.545300
vt 0.200535 0.563528
vt 0.551445 0.990972
vt 0.545449 0.991887
vt 0.540300 0.983300
vt 0.225663 0.537265
vt 0.232058 0.536384
vt 0.238368 0.541548
vt 0.214279 0.560813
vt 0.583339 0.995137
vt 0.212872 0.537258
vt 0.210714 0.529078
vt 0.220900 0.530900
vt 0.541685 0.963586
vt 0.586069 0.998042
vt 0.581123 0.982865
vt 0.560448 0.990462
vt 0.575600 0.955400
vt 0.600300 0.957300
vt 0.227671 0.518833
vt 0.228614 0.521978
vt 0.230132 0.487388
vt 0.586600 0.956700
vt 0.557900 0.960700
vt 0.603500 0.947000
vt 0.527633 0.960562
vt 0.528778 0.979515
vt 0.225625 0.506740
vt 0.253700 0.501100
vt 0.253975 0.514885
vt 0.241300 0.476800
vt 0.531352 0.940030
vt 0.540134 0.939615
vt 0.567334 0.931440
vt 0.530405 0.930207
vt 0.588900 0.939100
vt 0.528370 0.936144
vt 0.275570 0.485774
vt 0.537434 0.918501
vt 0.548145 0.918680
vt 0.588600 0.914000
vt 0.276924 0.493241
vt 0.290208 0.514378
vt 0.550554 0.900698
vt 0.543820 0.902198
vt 0.574600 0.893500
vt 0.567700 0.914900
vt 0.569008 0.885182
vt 0.583100 0.915400
vt 0.290921 0.485196
vt 0.297696 0.480033
vt 0.317102 0.532069
vt 0.298493 0.522879
vt 0.300027 0.518659
vt 0.307898 0.500162
vt 0.293073 0.498663
vt 0.587900 0.890600
vt 0.322782 0.478070
vt 0.308149 0.493004
vt 0.309100 0.480400
vt 0.332467 0.511713
vt 0.329308 0.516872
vt 0.562362 0.869302
vt 0.559172 0.873519
vt 0.319085 0.538582
vt 0.336179 0.530216
vt 0.332487 0.485056
vt 0.340451 0.517148
vt 0.345652 0.471596
vt 0.340300 0.496128
vt 0.334983 0.510247
vt 0.350413 0.502453
vt 0.345587 0.486803
vt 0.362311 0.520179
vt 0.348929 0.515908
vt 0.375500 0.501400
vt 0.346400 0.435300
vt 0.339006 0.451014
vt 0.355500 0.454800
vt 0.362636 0.490632
vt 0.355130 0.476631
vt 0.327700 0.352100
vt 0.329968 0.374986
vt 0.298200 0.368100
vt 0.373278 0.453374
vt 0.280785 0.351993
vt 0.294896 0.339696
vt 0.315357 0.343672
vt 0.288189 0.328234
vt 0.379800 0.478000
vt 0.277900 0.288000
vt 0.278400 0.261700
vt 0.296800 0.257200
vt 0.322698 0.277058
vt 0.252715 0.230745
vt 0.243100 0.216400
vt 0.278359 0.235133
vt 0.255500 0.205600
vt 0.233600 0.199700
vt 0.218000 0.183300
vt 0.250600 0.165200
vt 0.310874 0.252381
vt 0.284043 0.186000
vt 0.309261 0.229595
vt 0.298576 0.220473
vt 0.291898 0.217840
vt 0.273469 0.159648
vt 0.307354 0.211914
vt 0.314430 0.199487
vt 0.291846 0.152853
vt 0.290700 0.159900
vt 0.305394 0.156896
vt 0.310200 0.141601
vt 0.284306 0.144420
vt 0.321636 0.122777
vt 0.322106 0.139062
vt 0.072529 0.030015
vt 0.091000 0.038800
vt 0.071400 0.009773
vt 0.083131 0.014043
vt 0.054007 0.029553
vt 0.105300 0.063800
vt 0.110702 0.085328
vt 0.129900 0.120300
vt 0.155088 0.127761
vt 0.148392 0.135572
vt 0.161768 0.141827
vt 0.178000 0.172400
vt 0.195399 0.183541
vt 0.189000 0.163700
vt 0.207399 0.171580
vt 0.176301 0.148627
vt 0.168600 0.165000
vt 0.113487 0.023754
vt 0.117156 0.032118
vt 0.143074 0.099317
vt 0.119783 0.115254
vt 0.129855 0.073449
vt 0.151256 0.072024
vt 0.186041 0.139522
vt 0.167749 0.122073
vt 0.184700 0.149100
vt 0.181500 0.156900
vt 0.190500 0.156500
vt 0.208202 0.156952
vt 0.136344 0.031451
vt 0.120900 0.046000
vt 0.133099 0.029778
vt 0.143800 0.056700
vt 0.163952 0.079064
vt 0.174800 0.089700
vt 0.165775 0.104989
vt 0.202599 0.140337
vt 0.192732 0.147900
vt 0.192303 0.143102
vt 0.198531 0.123352
vt 0.187707 0.135562
vt 0.214979 0.141916
vt 0.220442 0.148092
vt 0.160029 0.036800
vt 0.178002 0.072724
vt 0.189500 0.086200
vt 0.170436 0.041311
vt 0.224158 0.095719
vt 0.211397 0.124143
vt 0.230468 0.126745
vt 0.253831 0.129724
vt 0.223350 0.139846
vt 0.184646 0.048022
vt 0.208353 0.090007
vt 0.210435 0.059025
vt 0.226737 0.103768
vt 0.263888 0.150145
vt 0.236881 0.119358
vt 0.203539 0.047444
vt 0.225304 0.061283
vt 0.193671 0.050419
vt 0.225146 0.083313
vt 0.261826 0.118045
vt 0.250974 0.120419
vt 0.256059 0.113524
vt 0.279800 0.129900
vt 0.255600 0.083400
vt 0.251585 0.095959
vt 0.241406 0.075934
vt 0.269321 0.088457
vt 0.266390 0.096954
vt 0.268300 0.105300
vt 0.291400 0.113000
vt 0.289800 0.101900
vt 0.286195 0.088340
vt 0.294311 0.092461
vt 0.305239 0.122391
vt 0.313291 0.098446
vt 0.323388 0.101552
vt 0.310697 0.328228
vt 0.413500 0.469700
vt 0.413200 0.492500
vt 0.392900 0.471700
vt 0.331452 0.323250
vt 0.321264 0.315382
vt 0.348700 0.344200
vt 0.348176 0.362759
vt 0.354900 0.384600
vt 0.361450 0.317591
vt 0.357114 0.303451
vt 0.337374 0.310360
vt 0.369634 0.334996
vt 0.450000 0.492300
vt 0.420400 0.477200
vt 0.439400 0.476000
vt 0.346528 0.266767
vt 0.350408 0.285679
vt 0.335727 0.250451
vt 0.374802 0.312343
vt 0.366358 0.305088
vt 0.399100 0.337400
vt 0.383400 0.381400
vt 0.374600 0.359500
vt 0.401500 0.375800
vt 0.322435 0.228945
vt 0.327652 0.224954
vt 0.367269 0.273561
vt 0.363106 0.282372
vt 0.399700 0.319300
vt 0.400000 0.306800
vt 0.407399 0.324813
vt 0.482100 0.491800
vt 0.471500 0.487300
vt 0.431330 0.386848
vt 0.416200 0.388300
vt 0.342283 0.205830
vt 0.313200 0.176600
vt 0.362932 0.252282
vt 0.342000 0.234200
vt 0.348141 0.223453
vt 0.390996 0.261089
vt 0.381100 0.250100
vt 0.390781 0.277845
vt 0.414100 0.352700
vt 0.438500 0.354800
vt 0.428374 0.330859
vt 0.445800 0.344700
vt 0.420873 0.308311
vt 0.411400 0.284400
vt 0.446500 0.380800
vt 0.456149 0.352652
vt 0.435500 0.378100
vt 0.342226 0.175803
vt 0.354912 0.214713
vt 0.321698 0.157276
vt 0.404227 0.268414
vt 0.393545 0.292765
vt 0.371101 0.222965
vt 0.384500 0.238500
vt 0.393893 0.217646
vt 0.363580 0.198075
vt 0.348600 0.193500
vt 0.444437 0.308926
vt 0.467229 0.321398
vt 0.464053 0.334652
vt 0.347666 0.156015
vt 0.352475 0.149462
vt 0.429500 0.263800
vt 0.406865 0.241412
vt 0.356500 0.176500
vt 0.381562 0.185707
vt 0.368600 0.158800
vt 0.444300 0.295400
vt 0.432015 0.287491
vt 0.447000 0.277900
vt 0.468115 0.299813
vt 0.457951 0.311826
vt 0.473254 0.312346
vt 0.356469 0.139481
vt 0.344596 0.122130
vt 0.354716 0.124744
vt 0.422798 0.216309
vt 0.424780 0.236859
vt 0.394134 0.185293
vt 0.445012 0.252218
vt 0.362919 0.120390
vt 0.391800 0.155100
vt 0.407160 0.165263
vt 0.384745 0.137097
vt 0.460600 0.272800
vt 0.479759 0.267905
vt 0.379089 0.127244
vt 0.386378 0.120827
vt 0.371515 0.115884
vt 0.356028 0.112508
vt 0.405243 0.143005
vt 0.464645 0.220399
vt 0.454023 0.202058
vt 0.435200 0.176900
vt 0.441200 0.162100
vt 0.457500 0.182900
vt 0.426400 0.148400
vt 0.437708 0.138593
vt 0.421573 0.134601
vt 0.428692 0.134240
vt 0.470400 0.243600
vt 0.490423 0.234654
vt 0.410947 0.129054
vt 0.460983 0.156268
vt 0.445321 0.147281
vt 0.453517 0.142781
vt 0.493972 0.216335
vt 0.477100 0.201700
vt 0.485900 0.188900
vt 0.479684 0.205459
vt 0.506857 0.194853
vt 0.488068 0.170907
vt 0.509657 0.180983
vt 0.470800 0.171200
vt 0.500330 0.170368
vt 0.341107 0.106599
vt 0.374022 0.291183
vt 0.374400 0.376600
vt 0.190288 0.194241
vt 0.610025 0.860174
vt 0.547407 0.889402
vt 0.270443 0.519031
vt 0.574600 0.934300
vt 0.578175 0.994474
vt 0.110737 0.199284
vt 0.845801 0.369913
vt 0.963228 0.197770
vt 0.960757 0.154007
vt 0.152703 0.336983
vt 0.141502 0.339712
vt 0.143768 0.333418
vt 0.788341 0.204347
vt 0.783171 0.225911
vt 0.803379 0.221604
vt 0.544679 0.124626
vt 0.635606 0.124582
vt 0.190543 0.590043
vt 0.118015 0.403536
vt 0.130773 0.420738
vt 0.183690 0.675122
vt 0.205246 0.834378
vt 0.498914 0.529285
vt 0.866464 0.800789
vt 0.442943 0.561618
vt 0.450770 0.562622
vt 0.294767 0.861859
vt 0.406575 0.747057
vt 0.412896 0.679109
vt 0.320455 0.619011
vt 0.618574 0.318924
vt 0.529264 0.737629
vt 0.105227 0.940008
vt 0.113896 0.927655
vt 0.062651 0.845589
vt 0.107985 0.918442
vt 0.461739 0.614526
vt 0.469814 0.846458
vt 0.865523 0.540318
vt 0.707257 0.758331
vt 0.722459 0.832291
vt 0.772561 0.805818
vt 0.877600 0.776100
vt 0.722349 0.602228
vt 0.726529 0.610541
vt 0.237504 0.937698
vt 0.162092 0.911327
vt 0.270502 0.975540
vt 0.290689 0.988594
vt 0.271583 0.986259
vt 0.578329 0.743015
vt 0.717397 0.269876
vt 0.441462 0.722185
vt 0.056189 0.239305
vt 0.048769 0.242318
vt 0.282949 0.802004
vt 0.552409 0.564302
vt 0.539398 0.562122
vt 0.851371 0.805353
vt 0.252478 0.071390
vt 0.480328 0.939567
vt 0.125903 0.321372
vt 0.132609 0.312707
vt 0.128568 0.309629
vt 0.239479 0.803233
vt 0.005986 0.437796
vt 0.104646 0.389729
vt 0.121620 0.442812
vt 0.116569 0.437088
vt 0.132171 0.443522
vt 0.675977 0.883844
vt 0.668547 0.881709
vt 0.003004 0.802724
vt 0.386428 0.617527
vt 0.453677 0.039385
vt 0.459638 0.014388
vt 0.466623 0.014116
vt 0.213348 0.338242
vt 0.157961 0.348055
vt 0.839753 0.334048
vt 0.835750 0.363125
vt 0.248700 0.516721
vt 0.024484 0.209207
vt 0.473825 0.155207
vt 0.377551 0.799470
vt 0.387584 0.807250
vt 0.371087 0.800202
vt 0.479925 0.631203
vt 0.498194 0.623284
vt 0.484686 0.630195
vt 0.757685 0.935507
vt 0.257240 0.520933
vt 0.100621 0.195116
vt 0.099983 0.184124
vt 0.230316 0.347518
vt 0.480619 0.009018
vt 0.071182 0.459268
vt 0.784422 0.879710
vt 0.555932 0.579356
vt 0.563500 0.586100
vt 0.443463 0.575904
vt 0.275250 0.853967
vt 0.339600 0.627468
vt 0.524804 0.648545
vt 0.094398 0.938309
vt 0.120256 0.945085
vt 0.111387 0.944560
vt 0.884759 0.629165
vt 0.560934 0.864784
vt 0.552035 0.866826
vt 0.576371 0.852592
vt 0.347887 0.861651
vt 0.360756 0.997996
vt 0.558959 0.660648
vt 0.588187 0.731627
vt 0.321295 0.618073
vt 0.247218 0.785358
vt 0.604048 0.862210
vt 0.183438 0.096726
vt 0.486972 0.157321
vt 0.268972 0.141926
vt 0.576396 0.870302
vt 0.586225 0.881034
vt 0.287260 0.516968
vt 0.250432 0.554128
vt 0.129097 0.170508
vt 0.087984 0.134431
vt 0.069504 0.119902
vt 0.065345 0.115134
vt 0.060802 0.126580
vt 0.867600 0.375800
vt 0.124800 0.237600
vt 0.048355 0.152018
vt 0.951100 0.396400
vt 0.916600 0.382500
vt 0.820072 0.291832
vt 0.978365 0.376334
vt 0.021487 0.211126
vt 0.790404 0.246995
vt 0.968780 0.242651
vt 0.978922 0.164842
vt 0.286900 0.363800
vt 0.365626 0.047848
vt 0.205105 0.340995
vt 0.254435 0.354890
vt 0.146040 0.317702
vt 0.398619 0.030430
vt 0.404325 0.023284
vt 0.149807 0.349009
vt 0.150300 0.330800
vt 0.788664 0.227416
vt 0.795583 0.231124
vt 0.462902 0.110350
vt 0.788800 0.150900
vt 0.784100 0.145700
vt 0.118700 0.482200
vt 0.615400 0.012000
vt 0.660800 0.007100
vt 0.766464 0.040977
vt 0.772757 0.059015
vt 0.412383 0.600774
vt 0.007297 0.815116
vt 0.371951 0.608639
vt 0.025243 0.811258
vt 0.329793 0.610876
vt 0.630686 0.860230
vt 0.651754 0.865384
vt 0.700973 0.900936
vt 0.709195 0.914990
vt 0.711663 0.917781
vt 0.667800 0.991300
vt 0.067360 0.463983
vt 0.134982 0.434273
vt 0.139677 0.437082
vt 0.137451 0.441704
vt 0.220298 0.715537
vt 0.094567 0.366853
vt 0.216830 0.847640
vt 0.017171 0.420296
vt 0.135210 0.624088
vt 0.144832 0.620813
vt 0.969783 0.111521
vt 0.746193 0.007365
vt 0.639760 0.140462
vt 0.715433 0.001189
vt 0.571378 0.761115
vt 0.736663 0.014792
vt 0.738692 0.039136
vt 0.597912 0.712236
vt 0.592680 0.721472
vt 0.748200 0.066400
vt 0.760199 0.933353
vt 0.792300 0.977300
vt 0.406060 0.982640
vt 0.757922 0.134943
vt 0.718562 0.171481
vt 0.467980 0.946211
vt 0.793600 0.907038
vt 0.473053 0.882469
vt 0.947700 0.987000
vt 0.440993 0.906804
vt 0.791788 0.879051
vt 0.417878 0.883703
vt 0.422300 0.882400
vt 0.800000 0.780300
vt 0.267788 0.037152
vt 0.223353 0.041666
vt 0.269514 0.001488
vt 0.857107 0.434700
vt 0.855523 0.395501
vt 0.456559 0.559648
vt 0.021398 0.337066
vt 0.015862 0.328925
vt 0.010912 0.322765
vt 0.300707 0.787629
vt 0.358200 0.772000
vt 0.130094 0.277418
vt 0.363500 0.761500
vt 0.399700 0.759200
vt 0.319731 0.801501
vt 0.311098 0.870469
vt 0.319900 0.866900
vt 0.408053 0.746627
vt 0.057014 0.273931
vt 0.337780 0.816336
vt 0.087299 0.243498
vt 0.448234 0.725598
vt 0.329926 0.800902
vt 0.368659 0.728624
vt 0.734450 0.365104
vt 0.427156 0.619831
vt 0.711809 0.403206
vt 0.241500 0.634800
vt 0.747559 0.432283
vt 0.744065 0.484714
vt 0.553582 0.653677
vt 0.286895 0.991367
vt 0.042169 0.900312
vt 0.282766 0.960403
vt 0.064700 0.949400
vt 0.053472 0.945409
vt 0.506206 0.644246
vt 0.444800 0.625400
vt 0.082600 0.941525
vt 0.002000 0.872000
vt 0.050780 0.844076
vt 0.055926 0.840532
vt 0.186764 0.981227
vt 0.151378 0.907261
vt 0.172400 0.922400
vt 0.416000 0.799000
vt 0.509986 0.624793
vt 0.477500 0.724700
vt 0.424396 0.851454
vt 0.466857 0.616970
vt 0.269135 0.969576
vt 0.438600 0.879400
vt 0.904031 0.472703
vt 0.504200 0.476100
vt 0.481239 0.483750
vt 0.469787 0.879203
vt 0.893790 0.546318
vt 0.529347 0.223090
vt 0.569676 0.860973
vt 0.485364 0.303226
vt 0.648500 0.763800
vt 0.674200 0.767000
vt 0.884060 0.656513
vt 0.884575 0.698036
vt 0.811611 0.677378
vt 0.758705 0.622214
vt 0.705152 0.856398
vt 0.807700 0.721000
vt 0.832710 0.787740
vt 0.794000 0.757900
vt 0.445600 0.449300
vt 0.752300 0.736300
s 1
usemtl MI_wd4icipcb
f 3/1/1 2/2/2 1/3/3
f 3/1/1 1/3/3 6/4/4
f 5/5/5 1/3/3 9/6/6
f 7/7/7 13/8/8 6/4/4
f 17/9/9 16/10/10 9/6/6
f 5/5/5 11/11/11 7/7/7
f 8/12/6 19/13/12 20/14/13
f 4/15/14 9/6/6 1/3/3
f 10/16/11 23/17/15 22/18/16
f 20/14/13 23/17/15 10/16/11
f 24/19/17 23/17/15 25/20/18
f 27/21/19 23/17/15 19/13/12
f 27/21/19 19/13/12 28/22/20
f 29/23/21 27/21/19 28/22/20
f 25/20/18 30/24/22 24/19/17
f 30/24/22 25/20/18 29/23/21
f 28/22/20 32/25/23 29/23/21
f 31/26/24 33/27/25 32/25/23
f 35/28/26 34/29/27 29/23/21
f 44/30/28 42/31/29 43/32/30
f 39/33/31 45/34/32 40/35/33
f 46/36/34 48/37/35 44/30/28
f 50/38/36 51/39/37 49/40/35
f 39/33/31 41/41/38 54/42/39
f 36/43/40 54/42/39 37/44/41
f 53/45/42 39/33/31 54/42/39
f 53/45/42 59/46/43 39/33/31
f 61/47/44 44/30/28 45/34/32
f 50/38/36 49/40/35 63/48/45
f 62/49/45 46/36/34 60/50/46
f 44/30/28 60/50/46 46/36/34
f 65/51/47 68/52/48 67/53/49
f 68/52/48 71/54/50 67/53/49
f 72/55/51 56/56/52 38/57/53
f 36/43/40 55/58/54 53/45/42
f 57/59/55 55/58/54 36/43/40
f 55/58/54 58/60/56 53/45/42
f 45/34/32 39/33/31 59/46/43
f 59/46/43 74/61/57 61/47/44
f 62/49/45 61/47/44 75/62/58
f 50/38/36 76/63/58 77/64/59
f 78/65/60 75/62/58 74/61/57
f 84/66/61 82/67/62 65/51/47
f 87/68/63 69/69/64 70/70/50
f 85/71/65 86/72/66 89/73/67
f 82/67/62 68/52/48 65/51/47
f 87/68/63 81/74/68 86/72/66
f 92/75/69 91/76/70 85/71/65
f 56/56/52 97/77/71 57/59/55
f 96/78/72 99/79/73 55/58/54
f 55/58/54 99/79/73 58/60/56
f 101/80/74 59/46/43 58/60/56
f 99/79/73 101/80/74 58/60/56
f 78/65/60 74/61/57 103/81/75
f 76/63/58 102/82/76 77/64/59
f 102/82/76 104/83/75 105/84/77
f 74/61/57 106/85/78 103/81/75
f 109/86/79 66/87/80 64/88/81
f 109/86/79 64/88/81 80/89/82
f 109/86/79 80/89/82 110/90/83
f 114/91/84 84/66/61 112/92/85
f 110/90/83 112/92/85 83/93/86
f 112/92/85 116/94/87 118/95/88
f 83/93/86 112/92/85 84/66/61
f 66/87/80 108/96/89 83/93/86
f 113/97/84 86/72/66 81/74/68
f 92/75/69 4/15/14 90/98/90
f 89/73/67 120/99/91 92/75/69
f 94/100/92 126/101/93 124/102/94
f 95/103/95 125/104/96 123/105/97
f 96/78/72 97/77/71 95/103/95
f 128/106/98 127/107/99 123/105/97
f 101/80/74 130/108/100 100/109/101
f 133/110/102 130/108/100 101/80/74
f 105/84/77 136/111/103 102/82/76
f 137/112/104 135/113/105 105/84/77
f 136/111/103 105/84/77 134/114/106
f 131/115/107 106/85/78 100/109/101
f 137/112/104 107/116/108 132/117/109
f 137/112/104 132/117/109 139/118/110
f 111/119/111 119/120/112 80/89/82
f 102/82/76 111/119/111 77/64/59
f 116/94/87 110/90/83 119/120/112
f 146/121/113 4/15/14 92/75/69
f 120/99/91 149/122/114 92/75/69
f 150/123/115 149/122/114 120/99/91
f 125/104/96 155/124/116 154/125/117
f 155/124/116 125/104/96 153/126/118
f 155/124/116 153/126/118 152/127/119
f 129/128/120 128/106/98 157/129/121
f 128/106/98 129/128/120 127/107/99
f 123/105/97 159/130/122 128/106/98
f 129/128/120 157/129/121 160/131/123
f 160/131/123 101/80/74 129/128/120
f 163/132/124 162/133/125 134/114/106
f 163/132/124 164/134/126 162/133/125
f 138/135/110 130/108/100 133/110/102
f 140/136/127 138/135/110 166/137/128
f 168/138/129 166/137/128 138/135/110
f 163/132/124 137/112/104 167/139/128
f 142/140/130 111/119/111 136/111/103
f 119/120/112 111/119/111 145/141/131
f 136/111/103 161/142/132 142/140/130
f 170/143/133 142/140/130 161/142/132
f 171/144/134 117/145/88 143/146/135
f 145/141/131 175/147/136 144/148/135
f 177/149/137 147/150/138 148/151/139
f 147/150/138 151/152/140 146/121/113
f 177/149/137 17/9/9 151/152/140
f 148/151/139 150/123/115 176/153/141
f 148/151/139 176/153/141 177/149/137
f 171/144/134 179/154/142 176/153/141
f 125/104/96 154/125/117 159/130/122
f 155/124/116 180/155/143 182/156/144
f 159/130/122 158/157/145 128/106/98
f 160/131/123 187/158/146 186/159/147
f 157/129/121 156/160/148 187/158/146
f 133/110/102 186/159/147 189/161/149
f 188/162/150 190/163/151 165/164/152
f 165/164/152 190/163/151 164/134/126
f 161/142/132 162/133/125 191/165/153
f 163/132/124 167/139/128 168/138/129
f 169/166/154 173/167/155 145/141/131
f 174/168/136 198/169/156 143/146/135
f 145/141/131 173/167/155 175/147/136
f 192/170/157 199/171/158 197/172/156
f 171/144/134 201/173/159 179/154/142
f 179/154/142 203/174/160 204/175/161
f 205/176/162 178/177/163 179/154/142
f 203/174/160 179/154/142 202/178/164
f 14/179/165 178/177/163 205/176/162
f 181/180/166 154/125/117 182/156/144
f 182/156/144 183/181/167 181/180/166
f 184/182/168 181/180/166 185/183/169
f 181/180/166 184/182/168 158/157/145
f 181/180/166 183/181/167 185/183/169
f 158/157/145 208/184/170 187/158/146
f 208/184/170 207/185/171 187/158/146
f 209/186/172 190/163/151 188/162/150
f 186/159/147 207/185/171 189/161/149
f 207/185/171 209/186/172 189/161/149
f 211/187/173 199/171/158 195/188/174
f 215/189/175 198/169/156 200/190/158
f 201/173/159 198/169/156 217/191/176
f 198/169/156 172/192/177 193/193/157
f 217/191/176 218/194/178 201/173/159
f 204/175/161 205/176/162 179/154/142
f 220/195/179 204/175/161 203/174/160
f 221/196/180 203/174/160 202/178/164
f 219/197/181 14/179/165 205/176/162
f 206/198/182 180/155/143 223/199/183
f 183/181/167 206/198/182 224/200/184
f 206/198/182 183/181/167 182/156/144
f 225/201/185 184/182/168 185/183/169
f 185/183/169 226/202/186 225/201/185
f 229/203/187 228/204/188 226/202/186
f 190/163/151 234/205/189 191/165/153
f 190/163/151 210/206/190 234/205/189
f 232/207/191 169/166/154 191/165/153
f 238/208/192 210/206/190 230/209/193
f 230/209/193 210/206/190 190/163/151
f 196/210/174 169/166/154 213/211/194
f 235/212/195 212/213/194 231/214/191
f 239/215/196 211/187/173 240/216/197
f 235/212/195 211/187/173 212/213/194
f 242/217/198 216/218/176 243/219/199
f 199/171/158 243/219/199 214/220/175
f 243/219/199 239/215/196 244/221/200
f 218/194/178 221/196/180 201/173/159
f 218/194/178 217/191/176 246/222/201
f 218/194/178 248/223/202 221/196/180
f 247/224/203 248/223/202 218/194/178
f 247/224/203 246/222/201 241/225/204
f 245/226/201 242/217/198 241/225/204
f 250/227/205 251/228/206 249/229/207
f 255/230/208 257/231/209 220/195/179
f 252/232/210 258/233/211 254/234/208
f 248/223/202 247/224/203 249/229/207
f 256/235/212 18/236/213 15/237/10
f 257/231/209 219/197/181 220/195/179
f 266/238/214 18/236/213 261/239/215
f 269/240/216 261/239/215 268/241/217
f 31/26/24 19/13/12 266/238/214
f 266/238/214 267/242/218 270/243/219
f 269/240/216 270/243/219 267/242/218
f 270/243/219 31/26/24 266/238/214
f 271/244/220 206/198/182 223/199/183
f 208/184/170 225/201/185 228/204/188
f 209/186/172 227/245/221 230/209/193
f 233/246/222 211/187/173 235/212/195
f 249/229/207 242/217/198 250/227/205
f 263/247/223 249/229/207 251/228/206
f 250/227/205 242/217/198 243/219/199
f 250/227/205 244/221/200 251/228/206
f 240/216/197 280/248/224 244/221/200
f 243/219/199 244/221/200 250/227/205
f 280/248/224 282/249/225 251/228/206
f 259/250/226 253/251/210 220/195/179
f 258/233/211 252/232/210 283/252/227
f 286/253/228 258/233/211 283/252/227
f 287/254/228 248/223/202 289/255/229
f 263/247/223 248/223/202 249/229/207
f 290/256/230 248/223/202 263/247/223
f 291/257/231 292/258/232 264/259/233
f 260/260/234 251/228/206 282/249/225
f 294/261/235 268/241/217 261/239/215
f 288/262/229 285/263/236 286/253/228
f 285/263/236 297/264/237 299/265/238
f 290/256/230 301/266/239 289/255/229
f 248/223/202 290/256/230 289/255/229
f 262/267/240 303/268/241 263/247/223
f 265/269/242 305/270/243 262/267/240
f 303/268/241 290/256/230 263/247/223
f 262/267/240 305/270/243 303/268/241
f 304/271/243 306/272/244 302/273/241
f 264/259/233 292/258/232 265/269/242
f 268/241/217 295/274/245 269/240/216
f 307/275/246 312/276/247 306/272/244
f 313/277/248 307/275/246 304/271/243
f 33/27/25 31/26/24 315/278/249
f 295/274/245 311/279/250 315/278/249
f 206/198/182 316/280/251 224/200/184
f 316/280/251 317/281/252 319/282/253
f 272/283/254 316/280/251 319/282/253
f 320/284/255 316/280/251 271/244/220
f 272/283/254 229/203/187 226/202/186
f 228/204/188 227/245/221 208/184/170
f 228/204/188 321/285/256 230/209/193
f 322/286/257 321/285/256 229/203/187
f 326/287/258 278/288/259 323/289/260
f 327/290/261 281/291/262 279/292/263
f 328/293/264 327/290/261 279/292/263
f 293/294/265 329/295/266 291/257/231
f 327/290/261 293/294/265 281/291/262
f 327/290/261 329/295/266 293/294/265
f 309/296/267 291/257/231 329/295/266
f 328/293/264 330/297/268 329/295/266
f 329/295/266 333/298/269 309/296/267
f 265/269/242 292/258/232 314/299/248
f 295/274/245 294/261/235 296/300/270
f 334/301/271 310/302/272 296/300/270
f 299/265/238 296/300/270 285/263/236
f 306/272/244 335/303/273 299/265/238
f 308/304/274 337/305/275 313/277/248
f 296/300/270 311/279/250 295/274/245
f 312/276/247 336/306/276 306/272/244
f 312/276/247 344/307/277 343/308/278
f 340/309/279 33/27/25 315/278/249
f 340/309/279 311/279/250 339/310/280
f 347/311/281 317/281/252 320/284/255
f 321/285/256 322/286/257 352/312/282
f 349/313/283 229/203/187 319/282/253
f 321/285/256 354/314/284 274/315/285
f 356/316/286 354/314/284 352/312/282
f 278/288/259 357/317/287 279/292/263
f 326/287/258 357/317/287 278/288/259
f 359/318/288 328/293/264 358/319/289
f 359/318/288 358/319/289 357/317/287
f 357/317/287 360/320/290 359/318/288
f 329/295/266 330/297/268 331/321/291
f 330/297/268 362/322/292 331/321/291
f 364/323/293 331/321/291 362/322/292
f 360/320/290 362/322/292 359/318/288
f 366/324/294 308/304/274 332/325/269
f 333/298/269 364/323/293 368/326/295
f 371/327/296 372/328/297 369/329/298
f 370/330/299 343/308/278 344/307/277
f 342/331/300 375/332/301 376/333/302
f 375/332/301 342/331/300 341/334/303
f 375/332/301 369/329/298 372/328/297
f 378/335/304 377/336/305 318/337/306
f 379/338/307 346/339/308 347/311/281
f 353/340/284 355/341/309 324/342/310
f 386/343/311 389/344/312 324/342/310
f 323/289/260 390/345/313 325/346/314
f 362/322/292 360/320/290 361/347/315
f 361/347/315 365/348/316 362/322/292
f 365/348/316 395/349/317 393/350/318
f 366/324/294 363/351/293 396/352/319
f 396/352/319 397/353/320 366/324/294
f 399/354/321 363/351/293 394/355/322
f 395/349/317 398/356/321 393/350/318
f 337/305/275 370/330/299 344/307/277
f 374/357/323 402/358/324 370/330/299
f 376/333/302 375/332/301 403/359/325
f 371/327/296 373/360/326 404/361/327
f 372/328/297 371/327/296 375/332/301
f 371/327/296 370/330/299 373/360/326
f 346/339/308 378/335/304 318/337/306
f 406/362/328 378/335/304 405/363/329
f 347/311/281 405/363/329 379/338/307
f 350/364/330 388/365/331 352/312/282
f 412/366/332 383/367/333 410/368/334
f 351/369/330 408/370/335 385/371/333
f 408/370/335 381/372/336 348/373/337
f 387/374/331 389/344/312 386/343/311
f 409/375/334 415/376/338 411/377/332
f 389/344/312 412/366/332 391/378/339
f 419/379/340 391/378/339 416/380/338
f 420/381/341 391/378/339 419/379/340
f 390/345/313 391/378/339 325/346/314
f 325/346/314 361/347/315 326/287/258
f 325/346/314 422/382/342 423/383/343
f 392/384/344 395/349/317 361/347/315
f 425/385/345 396/352/319 399/354/321
f 395/349/317 424/386/346 400/387/347
f 426/388/348 425/385/345 401/389/347
f 374/357/323 428/390/349 402/358/324
f 397/353/320 374/357/323 338/391/350
f 404/361/327 373/360/326 431/392/351
f 404/361/327 431/392/351 430/393/352
f 427/394/353 431/392/351 373/360/326
f 432/395/354 427/394/353 429/396/355
f 434/397/356 406/362/328 405/363/329
f 406/362/328 435/398/357 377/336/305
f 435/398/357 414/399/358 408/370/335
f 435/398/357 440/400/359 438/401/360
f 406/362/328 377/336/305 378/335/304
f 434/397/356 441/402/361 444/403/362
f 417/404/363 409/375/334 413/405/358
f 413/405/358 448/406/364 417/404/363
f 449/407/365 421/408/366 420/381/341
f 421/408/366 449/407/365 422/382/342
f 422/382/342 452/409/367 423/383/343
f 455/410/368 457/411/369 456/412/370
f 460/413/371 400/387/347 456/412/370
f 462/414/372 426/388/348 461/415/371
f 456/412/370 458/416/373 460/413/371
f 459/417/373 466/418/374 462/414/372
f 467/419/375 429/396/355 428/390/349
f 468/420/376 467/419/375 428/390/349
f 428/390/349 397/353/320 425/385/345
f 428/390/349 469/421/377 468/420/376
f 470/422/378 469/421/377 426/388/348
f 426/388/348 462/414/372 470/422/378
f 471/423/379 472/424/380 430/393/352
f 476/425/381 475/426/382 34/29/27
f 478/427/383 476/425/381 34/29/27
f 480/428/384 35/28/26 29/23/21
f 32/25/23 481/429/385 29/23/21
f 477/430/386 482/431/387 479/432/388
f 476/425/381 482/431/387 477/430/386
f 484/433/389 487/434/390 485/435/391
f 489/436/392 480/428/384 488/437/393
f 478/427/383 491/438/394 482/431/387
f 483/439/395 486/440/396 484/433/389
f 482/431/387 492/441/397 486/440/396
f 493/442/398 484/433/389 494/443/399
f 493/442/398 495/444/400 487/434/390
f 35/28/26 490/445/401 478/427/383
f 499/446/402 496/447/403 498/448/404
f 497/449/405 35/28/26 480/428/384
f 502/450/406 501/451/407 488/437/393
f 502/450/406 481/429/385 503/452/408
f 492/441/397 505/453/409 486/440/396
f 504/454/410 507/455/411 505/453/409
f 486/440/396 505/453/409 494/443/399
f 509/456/412 495/444/400 510/457/413
f 493/442/398 494/443/399 508/458/414
f 503/452/408 512/459/415 502/450/406
f 504/454/410 491/438/394 490/445/401
f 514/460/416 504/454/410 513/461/417
f 504/454/410 499/446/402 513/461/417
f 498/448/404 513/461/417 499/446/402
f 480/428/384 489/436/392 497/449/405
f 511/462/418 518/463/419 519/464/420
f 510/457/413 511/462/418 517/465/421
f 520/466/422 517/465/421 519/464/420
f 507/455/411 518/463/419 508/458/414
f 506/467/423 521/468/424 507/455/411
f 33/27/25 503/452/408 481/429/385
f 345/469/425 512/459/415 503/452/408
f 502/450/406 512/459/415 522/470/426
f 376/333/302 403/359/325 512/459/415
f 523/471/427 522/470/426 403/359/325
f 523/471/427 524/472/428 522/470/426
f 523/471/427 403/359/325 430/393/352
f 525/473/429 523/471/427 430/393/352
f 526/474/430 500/475/431 522/470/426
f 528/476/432 524/472/428 527/477/433
f 525/473/429 527/477/433 523/471/427
f 500/475/431 526/474/430 501/451/407
f 523/471/427 527/477/433 524/472/428
f 531/478/434 434/397/356 405/363/329
f 534/479/435 530/480/436 532/481/437
f 434/397/356 531/478/434 536/482/438
f 540/483/439 435/398/357 537/484/440
f 445/485/441 542/486/442 443/402/443
f 542/486/442 445/485/441 434/397/356
f 435/398/357 447/487/444 537/484/440
f 538/488/445 542/486/442 546/489/446
f 548/490/447 547/491/448 534/479/435
f 439/492/359 550/493/449 436/494/360
f 448/406/364 551/495/449 553/496/450
f 448/406/364 555/497/451 450/498/452
f 451/499/453 452/409/367 449/407/365
f 452/409/367 561/500/454 453/501/455
f 453/501/455 561/500/454 454/502/456
f 562/503/457 457/411/369 561/500/454
f 454/502/456 561/500/454 457/411/369
f 455/410/368 454/502/456 457/411/369
f 459/417/373 462/414/372 461/415/371
f 466/418/374 465/504/458 565/505/459
f 463/506/460 470/422/378 462/414/372
f 566/507/461 463/506/460 569/508/462
f 569/508/462 466/418/374 565/505/459
f 463/506/460 566/507/461 470/422/378
f 467/419/375 572/509/463 473/510/464
f 468/420/376 575/511/465 573/512/466
f 576/513/467 574/514/468 566/507/461
f 574/514/468 469/421/377 470/422/378
f 469/421/377 574/514/468 468/420/376
f 546/489/446 542/486/442 544/515/469
f 577/516/470 550/493/449 539/517/439
f 544/515/469 579/518/470 546/489/446
f 583/519/471 549/520/472 547/491/448
f 580/521/473 556/522/474 552/523/450
f 450/498/452 560/524/475 451/499/453
f 588/525/476 584/526/477 590/527/478
f 587/528/479 562/503/457 451/499/453
f 562/503/457 563/529/480 457/411/369
f 564/530/481 464/531/458 571/532/482
f 595/533/483 593/534/484 591/535/485
f 576/513/467 566/507/461 569/508/462
f 570/536/482 596/537/486 567/538/462
f 597/539/486 598/540/487 569/508/462
f 602/541/488 574/514/468 576/513/467
f 574/514/468 600/542/489 575/511/465
f 603/543/490 602/541/488 598/540/487
f 606/544/491 550/493/449 604/545/492
f 606/544/491 580/521/473 550/493/449
f 606/544/491 581/546/493 607/547/494
f 614/548/495 611/549/496 616/550/497
f 618/551/498 620/552/499 617/553/500
f 580/521/473 625/554/501 558/555/502
f 558/555/502 625/554/501 559/556/475
f 584/526/477 625/554/501 590/527/478
f 586/557/503 626/558/504 587/528/479
f 587/528/479 628/559/505 591/535/485
f 632/560/506 591/535/485 628/559/505
f 636/561/507 627/562/508 634/563/509
f 628/559/505 626/558/504 635/564/509
f 637/565/510 627/562/508 633/566/511
f 595/533/483 591/535/485 630/567/512
f 638/568/513 594/569/483 629/570/512
f 639/571/514 592/572/484 594/569/483
f 639/571/514 640/573/515 596/537/486
f 643/574/516 601/575/517 600/542/489
f 600/542/489 602/541/488 603/543/490
f 600/542/489 603/543/490 644/576/518
f 645/577/519 646/578/520 647/579/521
f 641/580/522 649/581/523 598/540/487
f 621/582/524 653/583/525 651/584/526
f 650/585/526 656/586/527 608/587/494
f 659/588/528 656/586/527 655/589/529
f 610/590/530 607/547/494 658/591/528
f 658/591/528 654/592/531 624/593/532
f 624/593/532 663/594/533 662/595/534
f 660/596/535 663/594/533 624/593/532
f 665/597/536 667/598/537 662/595/534
f 589/599/538 670/600/539 586/557/503
f 670/600/539 675/601/540 586/557/503
f 676/602/541 674/603/542 668/604/543
f 672/605/544 626/558/504 586/557/503
f 679/606/545 636/561/507 677/607/546
f 586/557/503 675/601/540 672/605/544
f 626/558/504 678/608/546 635/564/509
f 680/609/547 637/565/510 633/566/511
f 638/568/513 631/610/548 637/565/510
f 631/610/548 627/562/508 637/565/510
f 638/568/513 637/565/510 681/611/549
f 642/612/550 682/613/551 648/614/523
f 639/571/514 638/568/513 642/612/550
f 603/543/490 646/578/520 644/576/518
f 642/612/550 648/614/523 640/573/515
f 685/615/552 687/616/553 661/617/535
f 688/618/554 687/616/553 685/615/552
f 666/619/555 689/620/556 691/621/557
f 676/602/541 668/604/543 693/622/558
f 667/598/537 695/623/559 693/622/558
f 690/624/557 695/623/559 667/598/537
f 697/625/560 694/626/561 695/623/559
f 637/565/510 680/609/547 698/627/562
f 636/561/507 680/609/547 633/566/511
f 699/628/563 681/611/549 698/627/562
f 700/629/564 680/609/547 636/561/507
f 700/629/564 679/606/545 696/630/565
f 681/611/549 699/628/563 684/631/566
f 699/628/563 701/632/567 684/631/566
f 684/631/566 702/633/568 682/613/551
f 707/634/569 647/579/521 704/635/570
f 683/636/571 646/578/520 649/581/523
f 709/637/572 692/638/573 710/639/574
f 711/640/575 713/641/576 695/623/559
f 690/624/557 714/642/577 695/623/559
f 700/629/564 718/643/578 680/609/547
f 701/632/567 699/628/563 698/627/562
f 721/644/579 722/645/580 720/646/581
f 702/633/568 723/647/582 703/648/570
f 720/646/581 724/649/583 701/632/567
f 702/633/568 725/650/584 719/651/585
f 647/579/521 707/634/569 728/652/586
f 712/653/575 715/654/577 735/655/587
f 736/656/588 715/654/577 709/637/572
f 735/655/587 715/654/577 736/656/588
f 735/655/587 734/657/589 712/653/575
f 743/658/590 740/659/591 734/657/589
f 718/643/578 744/660/592 745/661/593
f 744/660/592 749/662/594 746/663/595
f 722/645/580 726/664/596 720/646/581
f 745/661/593 746/663/595 722/645/580
f 751/665/597 746/663/595 749/662/594
f 746/663/595 751/665/597 750/666/598
f 723/647/582 753/667/599 732/668/600
f 758/669/601 753/667/599 756/670/602
f 724/649/583 720/646/581 725/650/584
f 720/646/581 759/671/603 725/650/584
f 759/671/603 754/672/604 725/650/584
f 754/672/604 756/670/602 753/667/599
f 750/666/598 759/671/603 726/664/596
f 759/671/603 761/673/605 754/672/604
f 767/674/606 769/675/607 764/676/608
f 731/677/600 765/678/606 762/679/609
f 772/680/610 765/678/606 731/677/600
f 771/681/611 774/682/612 766/683/606
f 723/647/582 732/668/600 763/684/613
f 772/680/610 752/685/599 757/686/601
f 709/637/572 775/687/614 736/656/588
f 736/656/588 778/688/615 735/655/587
f 734/657/589 735/655/587 743/658/590
f 738/689/616 740/659/591 742/690/617
f 748/691/618 742/690/617 743/658/590
f 747/692/619 783/693/620 749/662/594
f 785/694/621 750/666/598 784/695/622
f 749/662/594 783/693/620 751/665/597
f 751/665/597 784/695/622 750/666/598
f 783/693/620 780/696/623 786/697/624
f 755/698/602 788/699/625 757/686/601
f 788/699/625 789/700/626 757/686/601
f 756/670/602 754/672/604 793/701/627
f 761/673/605 760/702/628 793/701/627
f 788/699/625 755/698/602 792/703/629
f 785/694/621 760/702/628 750/666/598
f 771/681/611 798/704/630 796/705/631
f 797/706/630 772/680/610 757/686/601
f 799/707/632 736/656/588 800/708/633
f 800/708/633 736/656/588 801/709/634
f 779/710/635 778/688/615 805/711/636
f 804/712/637 802/713/638 803/714/639
f 820/715/640 814/716/641 810/717/642
f 814/716/641 820/715/640 804/712/637
f 782/718/623 748/691/618 804/712/637
f 748/691/618 779/710/635 804/712/637
f 784/695/622 823/719/643 785/694/621
f 784/695/622 786/697/624 823/719/643
f 817/720/644 807/721/645 811/722/646
f 823/719/643 807/721/645 817/720/644
f 817/720/644 822/723/647 823/719/643
f 790/724/648 789/700/626 826/725/649
f 828/726/650 826/725/649 795/727/651
f 795/727/651 760/702/628 822/723/647
f 833/728/652 831/729/653 832/730/654
f 827/731/649 798/704/630 791/732/648
f 800/708/633 801/709/634 836/733/655
f 837/734/656 839/735/657 841/736/658
f 843/737/659 842/738/660 835/739/661
f 842/738/660 836/733/655 840/740/662
f 821/741/663 803/714/639 845/742/664
f 848/743/665 821/741/663 845/742/664
f 806/744/666 803/714/639 802/713/638
f 853/745/667 825/746/668 818/747/669
f 824/748/668 828/726/650 795/727/651
f 852/749/670 829/750/650 825/746/668
f 829/750/650 834/751/671 827/731/649
f 832/730/654 852/749/670 854/752/672
f 838/753/673 855/754/674 858/755/675
f 859/756/676 835/739/661 858/755/675
f 861/757/677 835/739/661 859/756/676
f 835/739/661 840/740/662 858/755/675
f 860/758/676 866/759/678 862/760/677
f 844/761/679 805/711/636 843/737/659
f 870/762/680 844/761/679 863/763/681
f 870/762/680 863/763/681 868/764/682
f 844/761/679 850/765/683 805/711/636
f 844/761/679 870/762/680 868/764/682
f 874/766/684 871/767/685 873/768/686
f 849/769/687 874/766/684 816/770/688
f 874/766/684 875/771/689 816/770/688
f 853/745/667 854/752/672 852/749/670
f 839/735/657 878/772/690 856/773/691
f 881/774/692 867/775/693 879/776/690
f 881/774/692 883/777/694 867/775/693
f 871/767/685 866/759/678 872/778/695
f 871/767/685 864/779/681 866/759/678
f 857/780/696 866/759/678 860/758/676
f 876/781/697 886/782/698 875/771/689
f 873/768/686 876/781/697 874/766/684
f 872/778/695 887/783/699 873/768/686
f 873/768/686 887/783/699 886/782/698
f 853/745/667 875/771/689 877/784/700
f 889/785/701 875/771/689 886/782/698
f 888/786/702 893/787/703 894/788/704
f 886/782/698 888/786/702 892/789/705
f 902/790/706 900/791/707 895/792/708
f 893/787/703 910/793/709 894/788/704
f 912/794/710 894/788/704 910/793/709
f 901/795/706 896/796/711 898/797/707
f 913/798/712 914/799/713 896/796/711
f 917/800/714 914/799/713 913/798/712
f 893/787/703 908/801/715 919/802/716
f 921/803/717 919/802/716 922/804/718
f 925/805/719 920/806/717 926/807/720
f 933/808/721 931/809/722 924/810/723
f 932/811/724 913/798/712 911/812/710
f 935/813/725 932/811/724 934/814/721
f 497/449/405 516/815/726 515/816/727
f 936/817/728 515/816/727 938/818/729
f 941/819/730 939/820/731 940/821/732
f 488/437/393 939/820/731 489/436/392
f 501/451/407 939/820/731 488/437/393
f 514/460/416 937/822/733 943/823/734
f 944/824/735 943/823/734 945/825/736
f 937/822/733 945/825/736 943/823/734
f 947/826/737 519/464/420 518/463/419
f 521/468/424 947/826/737 518/463/419
f 943/823/734 947/826/737 506/467/423
f 944/824/735 947/826/737 943/823/734
f 948/827/738 936/817/728 938/818/729
f 938/818/729 516/815/726 941/819/730
f 948/827/738 945/825/736 936/817/728
f 948/827/738 950/828/739 945/825/736
f 946/829/740 520/466/422 519/464/420
f 947/826/737 944/824/735 946/829/740
f 952/830/741 946/829/740 953/831/742
f 944/824/735 953/831/742 946/829/740
f 938/818/729 941/819/730 948/827/738
f 955/832/743 951/833/744 948/827/738
f 956/834/745 955/832/743 954/835/746
f 953/831/742 957/836/747 952/830/741
f 960/837/748 950/828/739 951/833/744
f 939/820/731 942/838/749 940/821/732
f 961/839/750 951/833/744 955/832/743
f 956/834/745 962/840/751 955/832/743
f 962/840/751 961/839/750 955/832/743
f 962/840/751 963/841/752 961/839/750
f 962/840/751 956/834/745 964/842/753
f 954/835/746 949/843/754 956/834/745
f 958/844/755 953/831/742 950/828/739
f 959/845/756 957/836/747 958/844/755
f 950/828/739 959/845/756 958/844/755
f 960/837/748 967/846/757 959/845/756
f 956/834/745 949/843/754 964/842/753
f 967/846/757 965/847/758 959/845/756
f 966/848/759 961/839/750 971/849/760
f 976/850/761 975/851/762 971/849/760
f 968/852/763 978/853/764 969/854/765
f 971/849/760 983/855/766 966/848/759
f 983/855/766 984/856/767 967/846/757
f 963/841/752 969/854/765 971/849/760
f 978/853/764 986/857/768 969/854/765
f 979/858/769 982/859/770 977/860/764
f 987/861/771 985/862/768 982/859/770
f 983/855/766 975/851/762 984/856/767
f 969/854/765 976/850/761 971/849/760
f 990/863/772 988/864/773 974/865/774
f 994/866/775 976/850/761 996/867/776
f 994/866/775 973/868/777 976/850/761
f 997/869/778 999/870/779 972/871/777
f 969/854/765 996/867/776 976/850/761
f 1000/872/780 997/869/778 995/873/776
f 1001/874/781 999/870/779 997/869/778
f 1004/875/782 1002/876/783 1001/874/781
f 1005/877/784 1003/878/785 1000/872/780
f 1006/879/786 991/880/787 992/881/788
f 999/870/779 1008/882/789 992/881/788
f 1008/882/789 999/870/779 1009/883/790
f 1010/884/791 1003/878/785 1005/877/784
f 1010/884/791 1009/883/790 1002/876/783
f 1005/877/784 1011/885/792 1010/884/791
f 1008/882/789 1009/883/790 1012/886/793
f 1013/887/794 1010/884/791 1011/885/792
f 1012/886/793 1010/884/791 1013/887/794
f 1015/888/795 1013/887/794 1014/889/796
f 1016/890/797 1007/891/798 1006/879/786
f 1008/882/789 1016/890/797 1006/879/786
f 1016/890/797 1017/892/799 1007/891/798
f 1012/886/793 1016/890/797 1008/882/789
f 1016/890/797 1015/888/795 1017/892/799
f 1020/893/800 1015/888/795 1014/889/796
f 1015/888/795 1019/894/801 1018/895/802
f 1021/896/803 1022/897/804 1024/898/805
f 1026/899/806 572/509/463 573/512/466
f 942/838/749 501/451/407 528/476/432
f 1027/900/807 527/477/433 525/473/429
f 529/901/808 572/509/463 1030/902/809
f 599/903/810 1029/904/811 1026/899/806
f 573/512/466 599/903/810 1026/899/806
f 601/575/517 1031/905/812 599/903/810
f 1027/900/807 1032/906/813 528/476/432
f 1033/907/814 942/838/749 528/476/432
f 1028/908/815 1034/909/816 1027/900/807
f 1032/906/813 1027/900/807 1035/910/817
f 1028/908/815 529/901/808 1036/911/818
f 529/901/808 1030/902/809 1036/911/818
f 1031/905/812 1037/912/819 1030/902/809
f 1038/913/820 1037/912/819 1031/905/812
f 1040/914/821 1039/915/822 601/575/517
f 601/575/517 643/574/516 1040/914/821
f 1032/906/813 1041/916/823 1043/917/824
f 1043/917/824 1033/907/814 1032/906/813
f 1041/916/823 1044/918/825 1043/917/824
f 1045/919/826 1046/920/827 1037/912/819
f 1045/919/826 1037/912/819 1038/913/820
f 1047/921/828 1038/913/820 1039/915/822
f 1047/921/828 1039/915/822 1048/922/829
f 1034/909/816 1036/911/818 1037/912/819
f 1035/910/817 1034/909/816 1042/923/830
f 1051/924/831 1042/923/830 1052/925/832
f 1053/926/833 1047/921/828 1055/927/834
f 949/843/754 940/821/732 1033/907/814
f 970/928/835 1033/907/814 1058/929/836
f 1059/930/837 1043/917/824 1044/918/825
f 1041/916/823 1051/924/831 1044/918/825
f 1042/923/830 1051/924/831 1041/916/823
f 645/577/519 705/931/838 1048/922/829
f 1042/923/830 1050/932/839 1049/933/840
f 1049/933/840 1061/934/841 1042/923/830
f 1046/920/827 1062/935/842 1050/932/839
f 1055/927/834 1056/936/843 1054/937/844
f 1053/926/833 1055/927/834 1054/937/844
f 1048/922/829 1057/938/845 1055/927/834
f 1060/939/846 1057/938/845 1048/922/829
f 1058/929/836 1033/907/814 1043/917/824
f 1065/940/847 1058/929/836 1043/917/824
f 1059/930/837 1065/940/847 1043/917/824
f 1052/925/832 1044/918/825 1051/924/831
f 1067/941/848 1044/918/825 1052/925/832
f 1069/942/849 1056/936/843 1055/927/834
f 705/931/838 730/943/850 769/675/607
f 1064/944/851 705/931/838 769/675/607
f 1064/944/851 769/675/607 1076/945/852
f 1050/932/839 1063/946/853 1049/933/840
f 1070/947/854 1062/935/842 1056/936/843
f 1060/939/846 1079/948/855 1057/938/845
f 1064/944/851 1081/949/856 1079/948/855
f 1060/939/846 705/931/838 1064/944/851
f 1086/950/857 1090/951/858 1085/952/859
f 1091/953/860 1090/951/858 1086/950/857
f 1094/954/861 1100/955/862 1096/956/863
f 1079/948/855 1069/942/849 1057/938/845
f 1072/957/864 1102/958/865 981/959/866
f 1084/960/859 1087/961/867 1071/962/864
f 1091/953/860 1086/950/857 1073/963/868
f 1064/944/851 1076/945/852 1081/949/856
f 1103/964/869 1075/965/852 1104/966/870
f 1075/965/852 1103/964/869 1106/967/871
f 769/675/607 1105/968/872 1076/945/852
f 766/683/606 774/682/612 1104/966/870
f 1109/969/873 1063/946/853 1096/956/863
f 1113/970/874 1115/971/875 1083/972/876
f 1107/973/877 1081/949/856 1076/945/852
f 1112/974/878 1082/975/879 1081/949/856
f 1107/973/877 1112/974/878 1081/949/856
f 1118/976/880 1087/961/867 1117/977/881
f 1117/977/881 1119/978/882 1118/976/880
f 1091/953/860 1124/979/883 1090/951/858
f 1119/978/882 1122/980/883 1125/981/884
f 1077/982/885 1078/983/886 1130/984/887
f 1128/985/888 1093/986/889 1077/982/885
f 1129/987/890 1108/988/873 1127/989/888
f 1099/990/862 1116/991/891 1095/992/863
f 1098/993/892 1080/994/855 1100/955/862
f 1087/961/867 982/859/770 1101/995/865
f 985/862/768 977/860/764 982/859/770
f 1118/976/880 1119/978/882 1131/996/893
f 1131/996/893 1132/997/894 1118/976/880
f 1120/998/895 1066/999/896 1074/1000/897
f 1074/1000/897 1067/941/848 1068/1001/898
f 1074/1000/897 1123/1002/899 1120/998/895
f 1133/1003/900 1103/964/869 1104/966/870
f 796/705/631 774/682/612 771/681/611
f 1099/990/862 1114/1004/901 1116/991/891
f 1111/1005/902 1116/991/891 1114/1004/901
f 1103/964/869 1136/1006/903 1111/1005/902
f 830/1007/904 1103/964/869 1133/1003/900
f 1126/1008/905 1125/981/884 1122/980/883
f 1137/1009/906 1119/978/882 1125/981/884
f 1125/981/884 1126/1008/905 1137/1009/906
f 1110/1010/907 1126/1008/905 1127/989/888
f 1110/1010/907 1095/992/863 1116/991/891
f 987/861/771 1005/877/784 985/862/768
f 987/861/771 1139/1011/908 1005/877/784
f 1132/997/894 1139/1011/908 987/861/771
f 1131/996/893 1137/1009/906 1132/997/894
f 830/1007/904 1135/1012/909 1136/1006/903
f 1141/1013/910 1126/1008/905 1110/1010/907
f 1116/991/891 1134/1014/911 1110/1010/907
f 1142/1015/912 1141/1013/910 1110/1010/907
f 1135/1012/909 1134/1014/911 1116/991/891
f 1140/1016/913 1139/1011/908 1137/1009/906
f 1141/1013/910 1140/1016/913 1138/1017/914
f 1132/997/894 1137/1009/906 1139/1011/908
f 833/728/652 1145/1018/915 831/729/653
f 1134/1014/911 1149/1019/916 1142/1015/912
f 1140/1016/913 1011/885/792 1139/1011/908
f 833/728/652 1147/1020/917 1145/1018/915
f 1147/1020/917 854/752/672 1152/1021/918
f 1147/1020/917 833/728/652 832/730/654
f 1155/1022/919 1149/1019/916 1143/1023/920
f 1158/1024/921 1155/1022/919 1143/1023/920
f 1159/1025/922 1156/1026/923 1153/1027/924
f 1140/1016/913 1144/1028/925 1150/1029/926
f 1160/1030/927 1144/1028/925 1142/1015/912
f 1160/1030/927 1155/1022/919 1161/1031/928
f 1149/1019/916 1160/1030/927 1142/1015/912
f 1162/1032/929 1011/885/792 1150/1029/926
f 1168/1033/930 1154/1034/931 1147/1020/917
f 895/792/708 1170/1035/932 877/784/700
f 1170/1035/932 1152/1021/918 877/784/700
f 1148/1036/933 1147/1020/917 1154/1034/931
f 1183/1037/934 1158/1024/921 1153/1027/924
f 1153/1027/924 1156/1026/923 1183/1037/934
f 1185/1038/935 1183/1037/934 1156/1026/923
f 1186/1039/936 1187/1040/937 1156/1026/923
f 1172/1041/938 1186/1039/936 1148/1036/933
f 1189/1042/939 1174/1043/940 1179/1044/941
f 1188/1045/942 1179/1044/941 1173/1046/943
f 1194/1047/944 1193/1048/945 1160/1030/927
f 1155/1022/919 1158/1024/921 1161/1031/928
f 1194/1047/944 1161/1031/928 1157/1049/921
f 1161/1031/928 1194/1047/944 1160/1030/927
f 1162/1032/929 1014/889/796 1013/887/794
f 1169/1050/946 1195/1051/947 1151/1052/918
f 1177/1053/948 1175/1054/949 1174/1043/940
f 1181/1055/950 1196/1056/951 1198/1057/952
f 1185/1038/935 1156/1026/923 1200/1058/953
f 1186/1039/936 1201/1059/954 1187/1040/937
f 1172/1041/938 1178/1060/955 1191/1061/956
f 1172/1041/938 1191/1061/956 1205/1062/957
f 1188/1045/942 1198/1057/952 1192/1063/958
f 1198/1057/952 1196/1056/951 1210/1064/959
f 1144/1028/925 1211/1065/960 1150/1029/926
f 1193/1048/945 1194/1047/944 1211/1065/960
f 1212/1066/961 1184/1067/962 1199/1068/953
f 918/1069/963 1195/1051/947 916/1070/964
f 1218/1071/965 1216/1072/966 1171/1073/967
f 1151/1052/918 1195/1051/947 1171/1073/967
f 1195/1051/947 1220/1074/968 1171/1073/967
f 1227/1075/969 1203/1076/970 1201/1059/954
f 1222/1077/971 1204/1078/972 1209/1079/973
f 1224/1080/974 1226/1081/969 1222/1077/971
f 1208/1082/975 1209/1079/973 1206/1083/976
f 1209/1079/973 1208/1082/975 1222/1077/971
f 1208/1082/975 1229/1084/977 1222/1077/971
f 1192/1063/958 1198/1057/952 1208/1082/975
f 1198/1057/952 1210/1064/959 1230/1085/978
f 1231/1086/979 1230/1085/978 1210/1064/959
f 1194/1047/944 1212/1066/961 1211/1065/960
f 1199/1068/953 1235/1087/980 1212/1066/961
f 1200/1058/953 1203/1076/970 1234/1088/981
f 1236/1089/982 1162/1032/929 1211/1065/960
f 1236/1089/982 1020/893/800 1162/1032/929
f 1238/1090/983 1211/1065/960 1237/1091/984
f 1241/1092/985 1213/1093/986 930/1094/987
f 1241/1092/985 1242/1095/988 1213/1093/986
f 1213/1093/986 917/800/714 930/1094/987
f 1219/1096/989 1247/1097/990 1171/1073/967
f 1217/1098/965 1231/1086/979 1215/1099/991
f 1221/1100/992 1219/1096/989 1171/1073/967
f 1220/1074/968 1250/1101/993 1221/1100/992
f 1251/1102/994 1252/1103/995 1253/1104/996
f 1229/1084/977 1251/1102/994 1222/1077/971
f 1253/1104/996 1224/1080/974 1251/1102/994
f 1255/1105/997 1229/1084/977 1228/1106/998
f 1231/1086/979 1246/1107/999 1230/1085/978
f 1260/1108/1000 1219/1096/989 1258/1109/1001
f 1260/1108/1000 1258/1109/1001 1262/1110/1002
f 1264/1111/1003 1258/1109/1001 1221/1100/992
f 1212/1066/961 1235/1087/980 1239/1112/1004
f 1253/1104/996 1267/1113/1005 1232/1114/1006
f 1202/1115/1007 1253/1104/996 1232/1114/1006
f 1236/1089/982 1238/1090/983 1269/1116/1008
f 1236/1089/982 1269/1116/1008 1020/893/800
f 1270/1117/1009 1238/1090/983 1237/1091/984
f 1240/1118/1010 1270/1117/1009 1237/1091/984
f 1020/893/800 1269/1116/1008 1022/897/804
f 1279/1119/1011 1276/1120/1012 1269/1116/1008
f 930/1094/987 913/798/712 1245/1121/1013
f 1245/1121/1013 1282/1122/1014 1241/1092/985
f 935/813/725 1283/1123/1015 1282/1122/1014
f 1245/1121/1013 935/813/725 1282/1122/1014
f 1285/1124/1016 1286/1125/1017 935/813/725
f 1283/1123/1015 935/813/725 1286/1125/1017
f 1288/1126/1018 1255/1105/997 1289/1127/1019
f 1256/1128/1020 1248/1129/1021 1246/1107/999
f 1292/1130/1022 1265/1131/1023 1243/1132/988
f 1281/1133/1024 1292/1130/1022 1243/1132/988
f 1296/1134/1025 1254/1135/1026 1295/1136/1027
f 1251/1102/994 1295/1136/1027 1252/1103/995
f 1298/1137/1028 1295/1136/1027 1289/1127/1019
f 1301/1138/1029 1255/1105/997 1230/1085/978
f 1289/1127/1019 1255/1105/997 1301/1138/1029
f 1304/1139/1030 1289/1127/1019 1302/1140/1031
f 1248/1129/1021 1261/1141/1002 1306/1142/1032
f 1306/1142/1032 1261/1141/1002 1308/1143/1033
f 1305/1144/1032 1307/1145/1033 1249/1146/1034
f 1258/1109/1001 1312/1147/1035 1309/1148/1033
f 1266/1149/1036 1264/1111/1003 1221/1100/992
f 1291/1150/1037 1313/1151/1038 1266/1149/1036
f 1253/1104/996 1315/1152/1039 1267/1113/1005
f 1318/1153/1040 1235/1087/980 1316/1154/1039
f 1320/1155/1041 1319/1156/1042 1254/1135/1026
f 1319/1156/1042 1253/1104/996 1254/1135/1026
f 1272/1157/1043 1321/1158/1044 1325/1159/1045
f 1239/1112/1004 1321/1158/1044 1240/1118/1010
f 1273/1160/1046 1328/1161/1047 1329/1162/1048
f 1239/1112/1004 1327/1163/1049 1321/1158/1044
f 1330/1164/1050 1329/1162/1048 1317/1165/1051
f 1331/1166/1050 1318/1153/1040 1316/1154/1039
f 1330/1164/1050 1332/1167/1052 1329/1162/1048
f 1274/1168/1053 1023/1169/1054 1022/897/804
f 1269/1116/1008 1276/1120/1012 1274/1168/1053
f 1276/1120/1012 1335/1170/1055 1274/1168/1053
f 1279/1119/1011 1269/1116/1008 1238/1090/983
f 1338/1171/1056 1336/1172/1057 1340/1173/1058
f 1326/1174/1059 1328/1161/1047 1324/1175/1045
f 1328/1161/1047 1342/1176/1060 1340/1173/1058
f 1324/1175/1045 1328/1161/1047 1340/1173/1058
f 1273/1160/1046 1345/1177/1061 1328/1161/1047
f 1343/1178/1060 1347/1179/1062 1344/1180/1063
f 1273/1160/1046 1347/1179/1062 1346/1181/1064
f 1333/1182/1065 1348/1183/1066 1332/1167/1052
f 1350/1184/1067 1351/1185/1068 180/155/143
f 152/127/119 1350/1184/1067 180/155/143
f 1352/1186/1069 180/155/143 1351/1185/1068
f 180/155/143 1352/1186/1069 223/199/183
f 1355/1187/1070 1352/1186/1069 1353/1188/1071
f 1357/1189/1072 1355/1187/1070 1356/1190/1073
f 1359/1191/1074 1361/1192/1075 1354/1193/1076
f 1362/1194/1077 1358/1195/1078 1356/1190/1073
f 320/284/255 1354/1193/1076 1361/1192/1075
f 1359/1191/1074 1358/1195/1078 1360/1196/1079
f 1358/1195/1078 1363/1197/1080 1364/1198/1081
f 1365/1199/1082 1360/1196/1079 1364/1198/1081
f 1368/1200/1083 1360/1196/1079 1367/1201/1084
f 1365/1199/1082 1367/1201/1084 1360/1196/1079
f 1368/1200/1083 347/311/281 320/284/255
f 1365/1199/1082 1366/1202/1085 1369/1203/1086
f 1366/1202/1085 1370/1204/1087 1369/1203/1086
f 1374/1205/1088 407/1206/1089 1368/1200/1083
f 347/311/281 1368/1200/1083 407/1206/1089
f 1370/1204/1087 1366/1202/1085 1375/1207/1090
f 1369/1203/1086 1372/1208/1091 1377/1209/1092
f 1379/1210/1093 1374/1205/1088 1367/1201/1084
f 405/363/329 407/1206/1089 1381/1211/1094
f 1383/1212/1095 1379/1210/1093 1382/1213/1096
f 1384/1214/1097 1373/1215/1091 1371/1216/1087
f 1371/1216/1087 1376/1217/1090 1385/1218/1098
f 1386/1219/1099 1384/1214/1097 1371/1216/1087
f 1381/1211/1094 407/1206/1089 1390/1220/1100
f 1394/1221/1101 1374/1205/1088 1392/1222/1102
f 1379/1210/1093 1392/1222/1102 1374/1205/1088
f 1388/1223/1103 1382/1213/1096 1365/1199/1082
f 1396/1224/1104 1395/1225/1105 1388/1223/1103
f 531/478/434 405/363/329 1381/1211/1094
f 1398/1226/1106 1380/1227/1107 1389/1228/1108
f 531/478/434 1381/1211/1094 533/1229/1109
f 1398/1226/1106 532/481/437 1380/1227/1107
f 548/490/447 1398/1226/1106 1400/1230/1110
f 1400/1230/1110 1399/1231/1111 1404/1232/1112
f 407/1206/1089 1374/1205/1088 1390/1220/1100
f 1406/1233/1113 1398/1226/1106 1389/1228/1108
f 1383/1212/1095 1409/1234/1114 1405/1235/1112
f 1405/1235/1112 1402/1236/1115 1383/1212/1095
f 1383/1212/1095 1402/1236/1115 1392/1222/1102
f 1411/1237/1116 1382/1213/1096 1395/1225/1105
f 1418/1238/1117 1411/1237/1116 1395/1225/1105
f 1404/1232/1112 1420/1239/1118 1400/1230/1110
f 1420/1239/1118 1408/1240/1119 1410/1241/1116
f 1424/1242/1120 1387/1243/1121 1377/1209/1092
f 1425/1244/1120 1378/1245/1122 1373/1215/1091
f 1387/1243/1121 1424/1242/1120 1427/1246/1123
f 1432/1247/1124 1430/1248/1125 1417/1249/1126
f 1434/1250/1127 1430/1248/1125 1432/1247/1124
f 1412/1251/1128 1415/1252/1117 1429/1253/1125
f 1437/1254/1129 1418/1238/1117 1395/1225/1105
f 1387/1243/1121 1397/1255/1130 1396/1224/1104
f 1440/1256/1131 1397/1255/1130 1427/1246/1123
f 1395/1225/1105 1442/1257/1132 1437/1254/1129
f 1440/1256/1131 1442/1257/1132 1397/1255/1130
f 1413/1258/1128 1420/1239/1118 1410/1241/1116
f 1419/1259/1133 547/491/448 548/490/447
f 1428/1260/1134 1444/1261/1135 1420/1239/1118
f 1422/1262/1136 1384/1214/1097 1386/1219/1099
f 1422/1262/1136 1446/1263/1137 1384/1214/1097
f 1425/1244/1120 1454/1264/1138 1449/1265/1139
f 1455/1266/1140 1459/1267/1141 1456/1268/1142
f 1450/1269/1143 1431/1270/1124 1436/1271/1129
f 1450/1269/1143 1436/1271/1129 1441/1272/1132
f 1455/1266/1140 1450/1269/1143 1458/1273/1144
f 1439/1274/1131 1426/1275/1123 1448/1276/1145
f 1443/1277/1146 1466/1278/1147 583/519/471
f 622/1279/1148 611/549/496 583/519/471
f 617/553/500 612/1280/496 623/1281/1148
f 1469/1282/1149 1419/1259/1133 1444/1261/1135
f 1464/1283/1150 1468/1284/1151 1428/1260/1134
f 1444/1261/1135 1467/1285/1152 1471/1286/1153
f 1373/1215/1091 1384/1214/1097 1453/1287/1154
f 1446/1263/1137 1473/1288/1155 1453/1287/1154
f 1446/1263/1137 1422/1262/1136 1474/1289/1156
f 1474/1289/1156 1422/1262/1136 1421/1290/1157
f 1445/1291/1158 1474/1289/1156 1421/1290/1157
f 1477/1292/1159 1475/1293/1160 1445/1291/1158
f 1451/1294/1161 1480/1295/1162 1447/1296/1163
f 1425/1244/1120 1373/1215/1091 1453/1287/1154
f 1454/1264/1138 1482/1297/1164 1483/1298/1165
f 1480/1295/1162 1450/1269/1143 1447/1296/1163
f 1484/1299/1166 1458/1273/1144 1480/1295/1162
f 1483/1298/1165 1486/1300/1167 1454/1264/1138
f 1454/1264/1138 1486/1300/1167 1479/1301/1168
f 1488/1302/1169 621/582/524 1463/1303/1170
f 1488/1302/1169 653/583/525 621/582/524
f 1493/1304/1171 1462/1305/1172 1492/1306/1173
f 1493/1304/1171 1488/1302/1169 1463/1303/1170
f 1493/1304/1171 1492/1306/1173 1497/1307/1174
f 1470/1308/1153 1464/1283/1150 1460/1309/1175
f 1464/1283/1150 1438/1310/1176 1435/1311/1177
f 1458/1273/1144 1500/1312/1178 1459/1267/1141
f 652/1313/1179 657/1314/1180 650/585/526
f 1487/1315/1169 1489/1316/1181 652/1313/1179
f 1469/1282/1149 1462/1305/1172 618/551/498
f 1498/1317/1182 657/1314/1180 1489/1316/1181
f 1467/1285/1152 1465/1318/1150 1471/1286/1153
f 1472/1319/1183 1446/1263/1137 1474/1289/1156
f 1504/1320/1184 1453/1287/1154 1473/1288/1155
f 1473/1288/1155 1506/1321/1185 1504/1320/1184
f 1473/1288/1155 1472/1319/1183 1505/1322/1186
f 1474/1289/1156 1505/1322/1186 1472/1319/1183
f 1507/1323/1187 1508/1324/1188 1511/1325/1189
f 1485/1326/1166 1479/1301/1168 1486/1300/1167
f 1513/1327/1190 1486/1300/1167 1483/1298/1165
f 1513/1327/1190 1485/1326/1166 1486/1300/1167
f 1483/1298/1165 1504/1320/1184 1513/1327/1190
f 1519/1328/1191 1518/1329/1192 1520/1330/1193
f 1510/1331/1194 1516/1332/1192 1507/1323/1187
f 1500/1312/1178 1484/1299/1166 1508/1324/1188
f 1514/1333/1195 1521/1334/1196 1485/1326/1166
f 1519/1328/1191 1499/1335/1197 1495/1336/1198
f 1522/1337/1199 1501/1338/1200 1498/1317/1182
f 1501/1338/1200 1522/1337/1199 685/615/552
f 1522/1337/1199 1498/1317/1182 1523/1339/1201
f 688/618/554 708/1340/1202 689/620/556
f 1525/1341/1203 1503/1342/1204 1502/1343/1205
f 1505/1322/1186 1527/1344/1206 1506/1321/1185
f 1529/1345/1207 1476/1346/1208 1503/1342/1204
f 1514/1333/1195 1515/1347/1209 1530/1348/1210
f 1506/1321/1185 1530/1348/1210 1515/1347/1209
f 1513/1327/1190 1515/1347/1209 1514/1333/1195
f 1528/1349/1211 1527/1344/1206 1505/1322/1186
f 1512/1350/1194 1509/1351/1188 1521/1334/1196
f 1512/1350/1194 1531/1352/1212 1520/1330/1193
f 1512/1350/1194 1521/1334/1196 1531/1352/1212
f 1519/1328/1191 1524/1353/1201 1499/1335/1197
f 1519/1328/1191 1533/1354/1213 1524/1353/1201
f 1533/1354/1213 1531/1352/1212 1535/1355/1214
f 1536/1356/1215 1522/1337/1199 1523/1339/1201
f 1523/1339/1201 1532/1357/1216 1536/1356/1215
f 1536/1356/1215 1537/1358/1217 1522/1337/1199
f 1539/1359/1218 688/618/554 1538/1360/1219
f 1539/1359/1218 708/1340/1202 688/618/554
f 1540/1361/1220 1526/1362/1221 1503/1342/1204
f 1528/1349/1211 1505/1322/1186 1475/1293/1160
f 1528/1349/1211 1529/1345/1207 1541/1363/1222
f 1542/1364/1223 1506/1321/1185 1527/1344/1206
f 1521/1334/1196 1545/1365/1224 1531/1352/1212
f 1544/1366/1225 1521/1334/1196 1514/1333/1195
f 1506/1321/1185 1542/1364/1223 1530/1348/1210
f 1527/1344/1206 1543/1367/1226 1542/1364/1223
f 1545/1365/1224 1549/1368/1227 1535/1355/1214
f 1531/1352/1212 1545/1365/1224 1535/1355/1214
f 1534/1369/1214 1551/1370/1228 1532/1357/1216
f 1537/1358/1217 1538/1360/1219 1522/1337/1199
f 1536/1356/1215 1538/1360/1219 1537/1358/1217
f 1539/1359/1218 692/638/573 708/1340/1202
f 1538/1360/1219 1554/1371/1229 1539/1359/1218
f 710/639/574 692/638/573 1539/1359/1218
f 1526/1362/1221 1540/1361/1220 1556/1372/1230
f 1528/1349/1211 1543/1367/1226 1527/1344/1206
f 1559/1373/1231 1560/1374/1232 1530/1348/1210
f 1559/1373/1231 1530/1348/1210 1542/1364/1223
f 1543/1367/1226 1561/1375/1233 1542/1364/1223
f 1561/1375/1233 1559/1373/1231 1542/1364/1223
f 1558/1376/1234 1563/1377/1235 1557/1378/1236
f 1547/1379/1237 1549/1368/1227 1553/1380/1238
f 1560/1374/1232 1550/1381/1239 1530/1348/1210
f 1545/1365/1224 1544/1366/1225 1530/1348/1210
f 1555/1382/1240 1536/1356/1215 1551/1370/1228
f 1564/1383/1241 1555/1382/1240 1552/1384/1242
f 1554/1371/1229 1536/1356/1215 1555/1382/1240
f 1554/1371/1229 776/1385/1243 1539/1359/1218
f 1566/1386/1244 776/1385/1243 1554/1371/1229
f 776/1385/1243 1566/1386/1244 777/1387/1245
f 776/1385/1243 775/687/614 710/639/574
f 1568/1388/1246 1529/1345/1207 1526/1362/1221
f 1570/1389/1247 1569/1390/1248 1526/1362/1221
f 1562/1391/1249 1571/1392/1250 1572/1393/1251
f 1541/1363/1222 1558/1376/1234 1528/1349/1211
f 1563/1377/1235 1560/1374/1232 1559/1373/1231
f 1557/1378/1236 1543/1367/1226 1558/1376/1234
f 1574/1394/1252 1580/1395/1253 1560/1374/1232
f 1580/1395/1253 1550/1381/1239 1560/1374/1232
f 1578/1396/1254 1583/1397/1255 1584/1398/1256
f 1583/1397/1255 1573/1399/1252 1585/1400/1257
f 1563/1377/1235 1587/1401/1258 1574/1394/1252
f 1550/1381/1239 1577/1402/1259 1553/1380/1238
f 1592/1403/1260 1583/1397/1255 1585/1400/1257
f 1590/1404/1261 1555/1382/1240 1565/1405/1262
f 1590/1404/1261 836/733/655 1566/1386/1244
f 736/656/588 777/1387/1245 801/709/634
f 1567/1406/1263 1570/1389/1247 1556/1372/1230
f 1593/1407/1264 1570/1389/1247 1567/1406/1263
f 1596/1408/1265 1593/1407/1264 1594/1409/1266
f 1571/1392/1250 1568/1388/1246 1569/1390/1248
f 1569/1390/1248 1600/1410/1267 1571/1392/1250
f 1601/1411/1268 1602/1412/1269 1587/1401/1258
f 1562/1391/1249 1587/1401/1258 1563/1377/1235
f 1578/1396/1254 1584/1398/1256 1581/1413/1270
f 1591/1414/1271 1565/1405/1262 1589/1415/1272
f 1575/1416/1273 1606/1417/1274 1588/1418/1275
f 1589/1415/1272 1588/1418/1275 1608/1419/1276
f 1609/1420/1277 1606/1417/1274 1605/1421/1278
f 1605/1421/1278 1575/1416/1273 1581/1413/1270
f 1584/1398/1256 1610/1422/1279 1605/1421/1278
f 1611/1423/1280 1584/1398/1256 1592/1403/1260
f 1595/1424/1266 1613/1425/1281 1597/1426/1265
f 1595/1424/1266 1599/1427/1282 1614/1428/1283
f 1614/1428/1283 1615/1429/1284 1595/1424/1266
f 1585/1400/1257 1603/1430/1285 1618/1431/1286
f 1585/1400/1257 1618/1431/1286 1611/1423/1280
f 1606/1417/1274 1608/1419/1276 1588/1418/1275
f 1606/1417/1274 1621/1432/1287 1620/1433/1288
f 1628/1434/1289 1606/1417/1274 1626/1435/1290
f 1631/1436/1291 1607/1437/1292 1629/1438/1289
f 1592/1403/1260 1585/1400/1257 1611/1423/1280
f 1619/1439/1286 1602/1412/1269 1612/1440/1280
f 1634/1441/1293 1612/1440/1280 1635/1442/1294
f 1612/1440/1280 1602/1412/1269 1635/1442/1294
f 1591/1414/1271 837/734/656 1590/1404/1261
f 1591/1414/1271 1638/1443/1295 837/734/656
f 1642/1444/1296 878/772/690 837/734/656
f 1639/1445/1297 1589/1415/1272 1608/1419/1276
f 1639/1445/1297 1608/1419/1276 1620/1433/1288
f 1644/1446/1298 1620/1433/1288 1621/1432/1287
f 1639/1445/1297 1644/1446/1298 1640/1447/1299
f 1646/1448/1300 1645/1449/1301 1622/1450/1287
f 1632/1451/1302 1647/1452/1303 1610/1422/1279
f 1633/1453/1293 1647/1452/1303 1632/1451/1302
f 1636/1454/1304 1625/1455/1305 1648/1456/1306
f 1615/1429/1284 1651/1457/1307 1649/1458/1308
f 1614/1428/1283 1650/1459/1309 1615/1429/1284
f 1650/1459/1309 1652/1460/1310 1651/1457/1307
f 1655/1461/1311 1600/1410/1267 1596/1408/1265
f 1572/1393/1251 1601/1411/1268 1562/1391/1249
f 1602/1412/1269 1601/1411/1268 1637/1462/1312
f 1646/1448/1300 1607/1437/1292 1631/1436/1291
f 1659/1463/1313 1628/1434/1289 1626/1435/1290
f 1662/1464/1314 1661/1465/1315 1631/1436/1291
f 1630/1466/1316 1660/1467/1313 1666/1468/1317
f 1660/1467/1313 1667/1469/1318 1666/1468/1317
f 1660/1467/1313 1636/1454/1304 1667/1469/1318
f 1631/1436/1291 1629/1438/1289 1662/1464/1314
f 1635/1442/1294 1637/1462/1312 1668/1470/1319
f 1642/1444/1296 1638/1443/1295 1640/1447/1299
f 1670/1471/1320 882/1472/692 1669/1473/1321
f 1607/1437/1292 1646/1448/1300 1622/1450/1287
f 1646/1448/1300 1641/1474/1299 1645/1449/1301
f 1646/1448/1300 1631/1436/1291 1671/1475/1322
f 1672/1476/1323 1670/1471/1320 1669/1473/1321
f 1660/1467/1313 1627/1477/1290 1625/1455/1305
f 1671/1475/1322 1661/1465/1315 1673/1478/1324
f 1631/1436/1291 1661/1465/1315 1671/1475/1322
f 1636/1454/1304 1660/1467/1313 1625/1455/1305
f 1675/1479/1325 1674/1480/1326 1649/1458/1308
f 1656/1481/1311 1676/1482/1327 1654/1483/1328
f 1572/1393/1251 1600/1410/1267 1653/1484/1328
f 1656/1481/1311 1613/1425/1281 1678/1485/1329
f 1613/1425/1281 1656/1481/1311 1597/1426/1265
f 1657/1486/1330 1616/1487/1331 1683/1488/1332
f 1683/1488/1332 1681/1489/1333 1657/1486/1330
f 1616/1487/1331 1572/1393/1251 1653/1484/1328
f 1679/1490/1334 1686/1491/1335 1658/1492/1336
f 1685/1493/1335 1692/1494/1337 1687/1495/1338
f 1693/1496/1339 1661/1465/1315 1662/1464/1314
f 1695/1497/1340 1699/1498/1341 1696/1499/1342
f 1637/1462/1312 1688/1500/1343 1696/1499/1342
f 1702/1501/1344 1701/1502/1345 1694/1503/1346
f 1703/1504/1344 1695/1497/1340 1688/1500/1343
f 1646/1448/1300 1671/1475/1322 1669/1473/1321
f 1673/1478/1324 1693/1496/1339 1700/1505/1347
f 1707/1506/1348 1700/1505/1347 1698/1507/1341
f 1702/1501/1344 1707/1506/1348 1701/1502/1345
f 1697/1508/1341 1701/1502/1345 1708/1509/1348
f 1707/1506/1348 1709/1510/1349 1700/1505/1347
f 1710/1511/1350 1712/1512/1351 884/1513/694
f 1711/1514/1351 867/775/693 883/777/694
f 884/1513/694 1705/1515/1352 1710/1511/1350
f 1716/1516/1353 1712/1512/1351 1714/1517/1354
f 872/778/695 1711/1514/1351 885/1518/1355
f 885/1518/1355 890/1519/1356 893/787/703
f 1718/1520/1357 1714/1517/1354 1710/1511/1350
f 1613/1425/1281 1649/1458/1308 1678/1485/1329
f 1674/1480/1326 1720/1521/1358 1649/1458/1308
f 1720/1521/1358 1722/1522/1359 1721/1523/1360
f 1721/1523/1360 1719/1524/1361 1649/1458/1308
f 1721/1523/1360 1722/1522/1359 1723/1525/1362
f 1719/1524/1361 1721/1523/1360 1723/1525/1362
f 1676/1482/1327 1656/1481/1311 1724/1526/1363
f 1684/1527/1332 1617/1528/1331 1677/1529/1364
f 1726/1530/1365 1680/1531/1334 1682/1532/1333
f 1704/1533/1366 1692/1494/1337 1727/1534/1367
f 1730/1535/1368 1673/1478/1324 1706/1536/1369
f 1709/1510/1349 1733/1537/1370 1700/1505/1347
f 1709/1510/1349 1732/1538/1371 1733/1537/1370
f 1732/1538/1371 1704/1533/1366 1727/1534/1367
f 1705/1515/1352 1672/1476/1323 1730/1535/1368
f 1730/1535/1368 1734/1539/1372 1713/1540/1373
f 1713/1540/1373 1735/1541/1374 1710/1511/1350
f 1734/1539/1372 1735/1541/1374 1713/1540/1373
f 1735/1541/1374 1718/1520/1357 1710/1511/1350
f 1718/1520/1357 1737/1542/1375 1717/1543/1376
f 1716/1516/1353 1717/1543/1376 906/1544/1377
f 1717/1543/1376 1740/1545/1378 1739/1546/1379
f 1742/1547/1380 909/1548/1381 1739/1546/1379
f 1677/1529/1364 1724/1526/1363 1744/1549/1382
f 1719/1524/1361 1745/1550/1383 1678/1485/1329
f 1719/1524/1361 1743/1551/1384 1745/1550/1383
f 1723/1525/1362 1722/1522/1359 1747/1552/1385
f 1743/1551/1384 1747/1552/1385 1746/1553/1386
f 1684/1527/1332 1726/1530/1365 1682/1532/1333
f 1728/1554/1387 1692/1494/1337 1689/1555/1388
f 1725/1556/1389 1691/1557/1388 1680/1531/1334
f 1733/1537/1370 1750/1558/1390 1731/1559/1391
f 1733/1537/1370 1732/1538/1371 1750/1558/1390
f 1731/1559/1391 1706/1536/1369 1733/1537/1370
f 1731/1559/1391 1734/1539/1372 1730/1535/1368
f 1750/1558/1390 1734/1539/1372 1731/1559/1391
f 1735/1541/1374 1734/1539/1372 1754/1560/1392
f 1735/1541/1374 1754/1560/1392 1736/1561/1393
f 1757/1562/1394 1718/1520/1357 1736/1561/1393
f 1757/1562/1394 1736/1561/1393 1756/1563/1395
f 1739/1546/1379 1740/1545/1378 1742/1547/1380
f 1738/1564/1396 1760/1565/1397 1740/1545/1378
f 921/803/717 922/804/718 928/1566/720
f 1740/1545/1378 929/1567/720 1742/1547/1380
f 1761/1568/1398 924/810/723 927/1569/1399
f 1745/1550/1383 1744/1549/1382 1724/1526/1363
f 1725/1556/1389 1726/1530/1365 1677/1529/1364
f 1725/1556/1389 1764/1570/1400 1729/1571/1387
f 1751/1572/1401 1765/1573/1402 1767/1574/1403
f 1770/1575/1404 1749/1576/1405 1771/1577/1406
f 1768/1578/1407 1766/1579/1408 1773/1580/1409
f 1772/1581/1409 1774/1582/1410 1752/1583/1411
f 1754/1560/1392 1752/1583/1411 1775/1584/1412
f 1775/1584/1412 1752/1583/1411 1774/1582/1410
f 1775/1584/1412 1774/1582/1410 1776/1585/1413
f 1775/1584/1412 1755/1586/1414 1754/1560/1392
f 1738/1564/1396 1737/1542/1375 1758/1587/1415
f 1755/1586/1414 1777/1588/1416 1757/1562/1394
f 1777/1588/1416 1737/1542/1375 1757/1562/1394
f 1763/1589/1417 1284/1590/1016 933/808/721
f 1287/1591/1418 1284/1590/1016 1780/1592/1419
f 1782/1593/1420 1674/1480/1326 1675/1479/1325
f 1720/1521/1358 1674/1480/1326 1782/1593/1420
f 1782/1593/1420 1783/1594/1421 1720/1521/1358
f 1782/1593/1420 1785/1595/1422 1783/1594/1421
f 1786/1596/1423 1783/1594/1421 1785/1595/1422
f 1722/1522/1359 1783/1594/1421 1787/1597/1424
f 1789/1598/1425 1784/1599/1426 1790/1600/1427
f 1747/1552/1385 1787/1597/1424 1791/1601/1428
f 1786/1596/1423 1787/1597/1424 1783/1594/1421
f 1747/1552/1385 1798/1602/1429 1799/1603/1430
f 1798/1602/1429 1747/1552/1385 1791/1601/1428
f 1801/1604/1431 1800/1605/1432 1792/1606/1433
f 1801/1604/1431 1793/1607/1434 1797/1608/1435
f 1285/1124/1016 1287/1591/1418 1286/1125/1017
f 1805/1609/1436 1290/1610/1037 1292/1130/1022
f 1808/1611/1437 1805/1609/1436 1292/1130/1022
f 1294/1612/1438 1808/1611/1437 1292/1130/1022
f 1808/1611/1437 1294/1612/1438 1812/1613/1439
f 1282/1122/1014 1811/1614/1439 1293/1615/1440
f 1280/1616/1024 1282/1122/1014 1293/1615/1440
f 1282/1122/1014 1813/1617/1441 1815/1618/1442
f 1817/1619/1443 1295/1136/1027 1298/1137/1028
f 1299/1620/1444 1822/1621/1445 1818/1622/1443
f 1300/1623/1444 1820/1624/1446 1823/1625/1447
f 1821/1626/1448 1300/1623/1444 1823/1625/1447
f 1303/1627/1449 1825/1628/1450 1311/1629/1451
f 1263/1630/1452 1314/1631/1453 1312/1147/1035
f 1254/1135/1026 1296/1134/1025 1320/1155/1041
f 1319/1156/1042 1333/1182/1065 1330/1164/1050
f 1333/1182/1065 1319/1156/1042 1320/1155/1041
f 1023/1169/1054 1335/1170/1055 1836/1632/1454
f 1334/1633/1055 1275/1634/1012 1835/1635/1454
f 1838/1636/1455 1275/1634/1012 1337/1637/1456
f 1839/1638/1457 1339/1639/1056 1349/1640/1458
f 1349/1640/1458 1344/1180/1063 1348/1183/1066
f 1348/1183/1066 1840/1641/1459 1349/1640/1458
f 1348/1183/1066 1333/1182/1065 1841/1642/1460
f 1333/1182/1065 1842/1643/1461 1841/1642/1460
f 1816/1644/1462 1807/1645/1463 1808/1611/1437
f 1845/1646/1464 1813/1617/1441 1802/1647/1465
f 1846/1648/1466 1834/1649/1467 1818/1622/1443
f 1822/1621/1445 1824/1650/1468 1846/1648/1466
f 1848/1651/1469 1823/1625/1447 1825/1628/1450
f 1847/1652/1470 1823/1625/1447 1848/1651/1469
f 1807/1645/1463 1830/1653/1471 1851/1654/1472
f 1810/1655/1473 1806/1656/1474 1807/1645/1463
f 1849/1657/1475 1810/1655/1473 1854/1658/1476
f 1815/1618/1442 1855/1659/1477 1827/1660/1478
f 1850/1661/1472 1827/1660/1478 1855/1659/1477
f 1852/1662/1479 1850/1661/1472 1855/1659/1477
f 1858/1663/1480 1861/1664/1481 1857/1665/1482
f 1834/1649/1467 1857/1665/1482 1297/1666/1025
f 1832/1667/1483 1843/1668/1484 1831/1669/1485
f 1835/1635/1454 1275/1634/1012 1837/1670/1486
f 1839/1638/1457 1838/1636/1455 1339/1639/1056
f 1841/1642/1460 1840/1641/1459 1348/1183/1066
f 1842/1643/1461 1866/1671/1487 1865/1672/1488
f 1845/1646/1464 1869/1673/1489 1813/1617/1441
f 1847/1652/1470 1871/1674/1490 1870/1675/1491
f 1849/1657/1475 1873/1676/1492 1874/1677/1493
f 1877/1678/1494 1873/1676/1492 1854/1658/1476
f 1852/1662/1479 1855/1659/1477 1875/1679/1495
f 1855/1659/1477 1878/1680/1496 1875/1679/1495
f 1813/1617/1441 1878/1680/1496 1855/1659/1477
f 1863/1681/1497 1858/1663/1480 1834/1649/1467
f 1863/1681/1497 1882/1682/1498 1858/1663/1480
f 1862/1683/1499 1846/1648/1466 1847/1652/1470
f 1848/1651/1469 1849/1657/1475 1871/1674/1490
f 1884/1684/1500 1843/1668/1484 1859/1685/1501
f 1838/1636/1455 1864/1686/1502 1886/1687/1503
f 1864/1686/1502 1839/1638/1457 1840/1641/1459
f 1840/1641/1459 1887/1688/1504 1864/1686/1502
f 1884/1684/1500 1866/1671/1487 1843/1668/1484
f 1813/1617/1441 1869/1673/1489 1867/1689/1505
f 1868/1690/1506 1869/1673/1489 1845/1646/1464
f 1900/1691/1507 1876/1692/1495 1879/1693/1496
f 1877/1678/1494 1876/1692/1495 1900/1691/1507
f 1900/1691/1507 1902/1694/1508 1877/1678/1494
f 1878/1680/1496 1813/1617/1441 1867/1689/1505
f 1892/1695/1509 1878/1680/1496 1867/1689/1505
f 1901/1696/1507 1878/1680/1496 1892/1695/1509
f 1894/1697/1510 1901/1696/1507 1892/1695/1509
f 1882/1682/1498 1870/1675/1491 1905/1698/1511
f 1870/1675/1491 1872/1699/1512 1906/1700/1513
f 1905/1698/1511 1870/1675/1491 1906/1700/1513
f 1874/1677/1493 1906/1700/1513 1872/1699/1512
f 1871/1674/1490 1874/1677/1493 1872/1699/1512
f 1877/1678/1494 1874/1677/1493 1873/1676/1492
f 1915/1701/1514 1883/1702/1515 1913/1703/1516
f 1881/1704/1517 1916/1705/1518 1912/1706/1519
f 1881/1704/1517 1882/1682/1498 1916/1705/1518
f 1890/1707/1520 1918/1708/1521 1886/1687/1503
f 1890/1707/1520 1923/1709/1522 1918/1708/1521
f 1910/1710/1523 1925/1711/1524 1909/1712/1525
f 1840/1641/1459 1865/1672/1488 1890/1707/1520
f 1891/1713/1526 1921/1714/1527 1890/1707/1520
f 1891/1713/1526 1926/1715/1528 1921/1714/1527
f 1915/1701/1514 1928/1716/1529 1885/1717/1530
f 1865/1672/1488 1928/1716/1529 1891/1713/1526
f 1884/1684/1500 1885/1717/1530 1866/1671/1487
f 1867/1689/1505 1897/1718/1531 1892/1695/1509
f 1932/1719/1532 1930/1720/1533 1929/1721/1534
f 1902/1694/1508 1935/1722/1535 1899/1723/1536
f 1903/1724/1537 1900/1691/1507 1893/1725/1510
f 1904/1726/1537 1895/1727/1510 1939/1728/1538
f 1897/1718/1531 1894/1697/1510 1892/1695/1509
f 1937/1729/1539 1904/1726/1537 1939/1728/1538
f 1930/1720/1533 1940/1730/1540 1897/1718/1531
f 1945/1731/1541 1940/1730/1540 1930/1720/1533
f 1929/1721/1534 1930/1720/1533 1897/1718/1531
f 1947/1732/1542 1946/1733/1543 1905/1698/1511
f 1941/1734/1540 1939/1728/1538 1895/1727/1510
f 1949/1735/1544 1942/1736/1545 1940/1730/1540
f 1945/1731/1541 1949/1735/1544 1940/1730/1540
f 1945/1731/1541 1951/1737/1546 1949/1735/1544
f 1954/1738/1547 1934/1739/1548 1956/1740/1549
f 1959/1741/1550 1925/1711/1524 1910/1710/1523
f 1910/1710/1523 1916/1705/1518 1959/1741/1550
f 1959/1741/1550 1961/1742/1551 1958/1743/1552
f 1946/1733/1543 1960/1744/1553 1917/1745/1554
f 1963/1746/1555 1907/1747/1556 1935/1722/1535
f 1902/1694/1508 1903/1724/1537 1936/1748/1539
f 1966/1749/1557 1947/1732/1542 1948/1750/1558
f 1947/1732/1542 1966/1749/1557 1960/1744/1553
f 1906/1700/1513 1967/1751/1559 1948/1750/1558
f 1970/1752/1560 1969/1753/1561 1967/1751/1559
f 1963/1746/1555 1970/1752/1560 1967/1751/1559
f 1874/1677/1493 1935/1722/1535 1907/1747/1556
f 1944/1754/1562 1971/1755/1563 1939/1728/1538
f 1944/1754/1562 1972/1756/1564 1971/1755/1563
f 1974/1757/1565 1973/1758/1566 1961/1742/1551
f 1953/1759/1567 1944/1754/1562 1950/1760/1568
f 1953/1759/1567 1952/1761/1569 1962/1762/1570
f 1964/1763/1571 1970/1752/1560 1963/1746/1555
f 1964/1763/1571 1976/1764/1572 1970/1752/1560
f 1977/1765/1573 1970/1752/1560 1976/1764/1572
f 1935/1722/1535 1964/1763/1571 1963/1746/1555
f 1979/1766/1574 1978/1767/1575 1965/1768/1576
f 1978/1767/1575 1976/1764/1572 1964/1763/1571
f 1979/1766/1574 1981/1769/1577 1978/1767/1575
f 1938/1770/1578 1979/1766/1574 1965/1768/1576
f 1983/1771/1579 1961/1742/1551 1966/1749/1557
f 1984/1772/1580 1966/1749/1557 1967/1751/1559
f 1987/1773/1581 1975/1774/1582 1953/1759/1567
f 1962/1762/1570 1987/1773/1581 1953/1759/1567
f 1955/1775/1547 1989/1776/1583 1952/1761/1569
f 1952/1761/1569 1988/1777/1584 1962/1762/1570
f 1977/1765/1573 1969/1753/1561 1968/1778/1585
f 1981/1769/1577 1976/1764/1572 1978/1767/1575
f 1995/1779/1586 1976/1764/1572 1981/1769/1577
f 1980/1780/1574 1994/1781/1587 1982/1782/1577
f 1976/1764/1572 1995/1779/1586 1977/1765/1573
f 1996/1783/1588 1971/1755/1563 1997/1784/1589
f 1995/1779/1586 1993/1785/1587 1999/1786/1590
f 1994/1781/1587 1980/1780/1574 2000/1787/1590
f 1983/1771/1579 1966/1749/1557 1984/1772/1580
f 2001/1788/1591 1969/1753/1561 1992/1789/1592
f 1967/1751/1559 1969/1753/1561 1984/1772/1580
f 1985/1790/1593 1986/1791/1594 1971/1755/1563
f 1985/1790/1593 1972/1756/1564 2002/1792/1595
f 1986/1791/1594 2002/1792/1595 2004/1793/1596
f 2003/1794/1597 1975/1774/1582 1987/1773/1581
f 1988/1777/1584 2003/1794/1597 1987/1773/1581
f 1990/1795/1598 2003/1794/1597 1988/1777/1584
f 1992/1789/1592 1977/1765/1573 2007/1796/1599
f 1995/1779/1586 2008/1797/1600 1998/1798/1601
f 2011/1799/1602 2000/1787/1590 1997/1784/1589
f 1997/1784/1589 2013/1800/1603 2011/1799/1602
f 2016/1801/1604 2014/1802/1605 2015/1803/1606
f 1984/1772/1580 2017/1804/1607 1983/1771/1579
f 2018/1805/1608 1997/1784/1589 2005/1806/1609
f 1991/1807/1610 2020/1808/1611 1990/1795/1598
f 1998/1798/1601 2012/1809/1612 2007/1796/1599
f 2022/1810/1613 2024/1811/1614 2008/1797/1600
f 2021/1812/1615 2024/1811/1614 2026/1813/1616
f 2025/1814/1617 2024/1811/1614 2022/1810/1613
f 2022/1810/1613 2029/1815/1618 2025/1814/1617
f 1984/1772/1580 2001/1788/1591 2017/1804/1607
f 1992/1789/1592 2007/1796/1599 2015/1803/1606
f 2012/1809/1612 2032/1816/1619 2007/1796/1599
f 2013/1800/1603 2018/1805/1608 2028/1817/1620
f 2020/1808/1611 2035/1818/1621 2036/1819/1622
f 2037/1820/1623 2038/1821/1624 2018/1805/1608
f 2006/1822/1625 2005/1806/1609 2004/1793/1596
f 2036/1819/1622 2006/1822/1625 1990/1795/1598
f 2032/1816/1619 2012/1809/1612 2039/1823/1626
f 2039/1823/1626 2021/1812/1615 2040/1824/1627
f 2025/1814/1617 2029/1815/1618 2041/1825/1628
f 2030/1826/1629 2044/1827/1630 2042/1828/1628
f 2050/1829/1631 2052/1830/1632 2046/1831/1633
f 2054/1832/1634 2055/1833/1635 2052/1830/1632
f 2050/1829/1631 2056/1834/1636 2058/1835/1637
f 2014/1802/1605 2059/1836/1638 2001/1788/1591
f 2031/1837/1639 2059/1836/1638 2061/1838/1640
f 2015/1803/1606 2032/1816/1619 2016/1801/1604
f 2032/1816/1619 2039/1823/1626 2016/1801/1604
f 2040/1824/1627 2021/1812/1615 2062/1839/1641
f 2066/1840/1642 2026/1813/1616 2063/1841/1643
f 2071/1842/1644 2070/1843/1645 2067/1844/1646
f 2038/1821/1624 2028/1817/1620 2018/1805/1608
f 2073/1845/1647 2065/1846/1648 2044/1827/1630
f 2052/1830/1632 2048/1847/1649 2046/1831/1633
f 2072/1848/1644 2074/1849/1650 2049/1850/1651
f 2049/1850/1651 2074/1849/1650 2076/1851/1652
f 2045/1852/1653 2049/1850/1651 2053/1853/1654
f 2079/1854/1655 2040/1824/1627 2078/1855/1656
f 2075/1856/1657 2052/1830/1632 2080/1857/1658
f 2058/1835/1637 2054/1832/1634 2050/1829/1631
f 2039/1823/1626 2060/1858/1659 2059/1836/1638
f 2039/1823/1626 2079/1854/1655 2060/1858/1659
f 2069/1859/1645 2062/1839/1641 2066/1840/1642
f 2048/1847/1649 2068/1860/1660 2071/1842/1644
f 2068/1860/1660 2048/1847/1649 2075/1856/1657
f 2068/1860/1660 2075/1856/1657 2088/1861/1661
f 2077/1862/1662 2090/1863/1663 2076/1851/1652
f 2076/1851/1652 2090/1863/1663 2053/1853/1654
f 2081/1864/1664 2092/1865/1665 2055/1833/1635
f 2092/1865/1665 2091/1866/1666 2055/1833/1635
f 2095/1867/1667 2096/1868/1668 2081/1864/1664
f 2078/1855/1656 2087/1869/1669 2079/1854/1655
f 2098/1870/1670 2078/1855/1656 2040/1824/1627
f 2099/1871/1671 2040/1824/1627 2062/1839/1641
f 2098/1870/1670 2087/1869/1669 2078/1855/1656
f 2086/1872/1672 2079/1854/1655 2097/1873/1673
f 2100/1874/1674 2088/1861/1661 2080/1857/1658
f 2080/1857/1658 2091/1866/1666 2100/1874/1674
f 2062/1839/1641 2069/1859/1645 2102/1875/1675
f 2102/1875/1675 2103/1876/1676 2099/1871/1671
f 2068/1860/1660 2105/1877/1677 2070/1843/1645
f 2109/1878/1678 2068/1860/1660 2088/1861/1661
f 2096/1868/1668 2094/1879/1679 2092/1865/1665
f 2094/1879/1679 2101/1880/1680 2093/1881/1681
f 2094/1879/1679 2096/1868/1668 2110/1882/1682
f 2087/1869/1669 2098/1870/1670 2113/1883/1683
f 2113/1883/1683 2111/1884/1684 2087/1869/1669
f 2115/1885/1685 2112/1886/1684 2116/1887/1686
f 2118/1888/1687 2116/1887/1686 2112/1886/1684
f 2109/1878/1678 2100/1874/1674 2118/1888/1687
f 2101/1880/1680 2120/1889/1688 2119/1890/1689
f 2093/1881/1681 2101/1880/1680 2091/1866/1666
f 2098/1870/1670 2099/1871/1671 2106/1891/1690
f 2100/1874/1674 2109/1878/1678 2088/1861/1661
f 2115/1885/1685 2116/1887/1686 2124/1892/1691
f 2122/1893/1692 2124/1892/1691 2119/1890/1689
f 2121/1894/1693 2122/1893/1692 2120/1889/1688
f 2122/1893/1692 2125/1895/1694 2124/1892/1691
f 2125/1895/1694 2122/1893/1692 2126/1896/1695
f 2121/1894/1693 2127/1897/1696 2122/1893/1692
f 2128/1898/1697 2126/1896/1695 2122/1893/1692
f 2130/1899/1698 2129/1900/1699 2127/1897/1696
f 2127/1897/1696 2132/1901/1700 2128/1898/1697
f 2129/1900/1699 2133/1902/1701 2132/1901/1700
f 2134/1903/1702 2132/1901/1700 2133/1902/1701
f 2134/1903/1702 2133/1902/1701 2130/1899/1698
f 2135/1904/1703 2139/1905/1704 2140/1906/1705
f 1744/1549/1382 2143/1907/1706 1677/1529/1364
f 2143/1907/1706 1725/1556/1389 1677/1529/1364
f 1745/1550/1383 2145/1908/1707 1744/1549/1382
f 2144/1909/1708 2147/1910/1709 2151/1911/1710
f 2154/1912/1711 1775/1584/1412 1776/1585/1413
f 1774/1582/1410 2155/1913/1712 1776/1585/1413
f 2154/1912/1711 1755/1586/1414 1775/1584/1412
f 2157/1914/1713 2156/1915/1714 1776/1585/1413
f 2154/1912/1711 2156/1915/1714 1777/1588/1416
f 2159/1916/1715 1758/1587/1415 1777/1588/1416
f 1761/1568/1398 2162/1917/1716 1781/1918/1717
f 2164/1919/1718 2163/1920/1719 2160/1921/1720
f 2141/1922/1721 1745/1550/1383 1746/1553/1386
f 2150/1923/1722 2148/1924/1723 2155/1913/1712
f 2155/1913/1712 2152/1925/1724 2150/1923/1722
f 2169/1926/1725 2155/1913/1712 2148/1924/1723
f 2148/1924/1723 2170/1927/1726 2169/1926/1725
f 2157/1914/1713 1776/1585/1413 2155/1913/1712
f 2157/1914/1713 2172/1928/1727 2156/1915/1714
f 1759/1929/1397 1778/1930/1728 2162/1917/1716
f 2160/1921/1720 2163/1920/1719 1778/1930/1728
f 2160/1921/1720 2173/1931/1729 2164/1919/1718
f 1760/1565/1397 1758/1587/1415 1779/1932/1728
f 2174/1933/1730 2141/1922/1721 1799/1603/1430
f 2168/1934/1731 2147/1910/1709 2144/1909/1708
f 2168/1934/1731 2144/1909/1708 2175/1935/1732
f 2178/1936/1733 2175/1935/1732 2176/1937/1734
f 2142/1938/1735 2175/1935/1732 2144/1909/1708
f 2167/1939/1736 2170/1927/1726 2146/1940/1709
f 2170/1927/1726 2181/1941/1737 2169/1926/1725
f 2171/1942/1738 2157/1914/1713 2169/1926/1725
f 2171/1942/1738 2182/1943/1739 2172/1928/1727
f 2188/1944/1740 2186/1945/1741 2172/1928/1727
f 2186/1945/1741 2156/1915/1714 2172/1928/1727
f 2173/1931/1729 2185/1946/1741 2183/1947/1742
f 2183/1947/1742 2189/1948/1743 2173/1931/1729
f 2191/1949/1744 2164/1919/1718 2190/1950/1745
f 2141/1922/1721 2192/1951/1746 2145/1908/1707
f 2193/1952/1747 2192/1951/1746 2174/1933/1730
f 2165/1953/1748 2176/1937/1734 2142/1938/1735
f 2197/1954/1749 2176/1937/1734 2195/1955/1750
f 2176/1937/1734 2199/1956/1751 2178/1936/1733
f 2199/1956/1751 2176/1937/1734 2197/1954/1749
f 2179/1957/1752 2198/1958/1751 2200/1959/1753
f 2179/1957/1752 2200/1959/1753 2180/1960/1754
f 2188/1944/1740 2182/1943/1739 2204/1961/1755
f 2187/1962/1756 2189/1948/1743 2183/1947/1742
f 2206/1963/1757 2190/1950/1745 2189/1948/1743
f 2209/1964/1758 2165/1953/1748 2192/1951/1746
f 2192/1951/1746 2193/1952/1747 2210/1965/1759
f 2200/1959/1753 2198/1958/1751 2213/1966/1760
f 2196/1967/1761 2215/1968/1762 2198/1958/1751
f 2201/1969/1763 2218/1970/1764 2202/1971/1765
f 2182/1943/1739 2202/1971/1765 2218/1970/1764
f 2222/1972/1766 2182/1943/1739 2218/1970/1764
f 2225/1973/1767 2224/1974/1768 2218/1970/1764
f 2227/1975/1769 2226/1976/1770 2219/1977/1771
f 2226/1976/1770 2205/1978/1772 2203/1979/1755
f 2182/1943/1739 2220/1980/1771 2204/1961/1755
f 2211/1981/1773 2212/1982/1774 2231/1983/1775
f 2211/1981/1773 2231/1983/1775 2232/1984/1776
f 2207/1985/1777 2233/1986/1778 2213/1966/1760
f 2234/1987/1779 2233/1986/1778 2194/1988/1750
f 2210/1965/1759 2209/1964/1758 2192/1951/1746
f 2195/1955/1750 2209/1964/1758 2237/1989/1780
f 2207/1985/1777 2213/1966/1760 2214/1990/1781
f 2233/1986/1778 2238/1991/1782 2213/1966/1760
f 2217/1992/1783 2200/1959/1753 2238/1991/1782
f 2218/1970/1764 2201/1969/1763 2225/1973/1767
f 2240/1993/1784 2239/1994/1785 2217/1992/1783
f 2241/1995/1786 2221/1996/1766 2223/1997/1787
f 2205/1978/1772 2229/1998/1788 2189/1948/1743
f 2228/1999/1789 2229/1998/1788 2205/1978/1772
f 2242/2000/1790 2243/2001/1791 2228/1999/1789
f 2229/1998/1788 2228/1999/1789 2243/2001/1791
f 2231/1983/1775 2244/2002/1792 2232/1984/1776
f 2244/2002/1792 2231/1983/1775 2245/2003/1793
f 2246/2004/1794 2230/2005/1795 2244/2002/1792
f 2195/1955/1750 2237/1989/1780 2235/2006/1779
f 2235/2006/1779 2237/1989/1780 2248/2007/1796
f 2230/2005/1795 2251/2008/1797 2209/1964/1758
f 2251/2008/1797 2237/1989/1780 2209/1964/1758
f 2238/1991/1782 2247/2009/1796 2254/2010/1798
f 2236/2011/1780 2255/2012/1799 2247/2009/1796
f 2255/2012/1799 2258/2013/1800 2247/2009/1796
f 2217/1992/1783 2238/1991/1782 2240/1993/1784
f 2254/2010/1798 2259/2014/1801 2240/1993/1784
f 2240/1993/1784 2259/2014/1801 2260/2015/1802
f 2239/1994/1785 2240/1993/1784 2260/2015/1802
f 2260/2015/1802 2262/2016/1803 2239/1994/1785
f 2264/2017/1804 2263/2018/1805 2223/1997/1787
f 2239/1994/1785 2265/2019/1804 2225/1973/1767
f 2268/2020/1806 2266/2021/1807 2267/2022/1808
f 2242/2000/1790 2226/1976/1770 2268/2020/1806
f 2268/2020/1806 2226/1976/1770 2227/1975/1769
f 2241/1995/1786 2266/2021/1807 2227/1975/1769
f 2229/1998/1788 2243/2001/1791 2269/2023/1809
f 2252/2024/1810 2250/2025/1811 2237/1989/1780
f 2273/2026/1812 2258/2013/1800 2255/2012/1799
f 2255/2012/1799 2271/2027/1813 2276/2028/1814
f 2273/2026/1812 2255/2012/1799 2276/2028/1814
f 2254/2010/1798 2261/2029/1815 2259/2014/1801
f 2281/2030/1816 2280/2031/1817 2254/2010/1798
f 2283/2032/1818 2262/2016/1803 2261/2029/1815
f 2261/2029/1815 2260/2015/1802 2259/2014/1801
f 2283/2032/1818 2265/2019/1804 2239/1994/1785
f 2283/2032/1818 2290/2033/1819 2288/2034/1820
f 2241/1995/1786 2263/2018/1805 2266/2021/1807
f 2266/2021/1807 2263/2018/1805 2293/2035/1821
f 2263/2018/1805 2294/2036/1822 2293/2035/1821
f 2263/2018/1805 2287/2037/1823 2285/2038/1824
f 2263/2018/1805 2285/2038/1824 2294/2036/1822
f 2266/2021/1807 2293/2035/1821 2296/2039/1825
f 2296/2039/1825 2267/2022/1808 2266/2021/1807
f 2299/2040/1826 2298/2041/1827 2297/2042/1828
f 2297/2042/1828 2269/2023/1809 2243/2001/1791
f 2300/2043/1829 2269/2023/1809 2298/2041/1827
f 2267/2022/1808 2243/2001/1791 2242/2000/1790
f 2303/2044/1830 2308/2045/1831 2310/2046/1832
f 2301/2047/1833 2309/2048/1834 2304/2049/1835
f 2304/2049/1835 2311/2050/1836 2273/2026/1812
f 2304/2049/1835 2312/2051/1837 2311/2050/1836
f 2282/2052/1838 2281/2030/1816 2313/2053/1839
f 2314/2054/1840 2315/2055/1841 2282/2052/1838
f 2282/2052/1838 2313/2053/1839 2314/2054/1840
f 2273/2026/1812 2281/2030/1816 2254/2010/1798
f 2311/2050/1836 2313/2053/1839 2281/2030/1816
f 2294/2036/1822 2320/2056/1842 2293/2035/1821
f 2321/2057/1843 2293/2035/1821 2320/2056/1842
f 2320/2056/1842 2294/2036/1822 2289/2058/1819
f 2323/2059/1844 2320/2056/1842 2289/2058/1819
f 2296/2039/1825 2328/2060/1845 2329/2061/1846
f 2331/2062/1847 2298/2041/1827 2330/2063/1848
f 2299/2040/1826 2329/2061/1846 2298/2041/1827
f 2329/2061/1846 2299/2040/1826 2297/2042/1828
f 2307/2064/1849 2339/2065/1850 2309/2048/1834
f 2339/2065/1850 2337/2066/1851 2309/2048/1834
f 2313/2053/1839 2311/2050/1836 2341/2067/1852
f 2341/2067/1852 2342/2068/1853 2313/2053/1839
f 2315/2055/1841 2348/2069/1854 2346/2070/1855
f 2314/2054/1840 2313/2053/1839 2343/2071/1856
f 2316/2072/1857 2354/2073/1858 2351/2074/1859
f 2321/2057/1843 2327/2075/1860 2356/2076/1861
f 2326/2077/1860 2357/2078/1862 2358/2079/1863
f 2326/2077/1860 2358/2079/1863 2355/2080/1861
f 2332/2081/1864 2329/2061/1846 2361/2082/1865
f 2361/2082/1865 2329/2061/1846 2328/2060/1845
f 2332/2081/1864 2361/2082/1865 2360/2083/1866
f 2341/2067/1852 2364/2084/1867 2342/2068/1853
f 2370/2085/1868 2343/2071/1856 2349/2086/1869
f 2348/2069/1854 2372/2087/1870 2346/2070/1855
f 2345/2088/1871 2354/2073/1858 2316/2072/1857
f 2373/2089/1872 2357/2078/1862 2353/2090/1873
f 2374/2091/1874 2353/2090/1873 2371/2092/1875
f 2356/2076/1861 2295/2093/1876 2321/2057/1843
f 2355/2080/1861 2358/2079/1863 2375/2094/1877
f 2375/2094/1877 2379/2095/1878 2377/2096/1879
f 2358/2079/1863 2357/2078/1862 2375/2094/1877
f 2296/2039/1825 2363/2097/1880 2328/2060/1845
f 2295/2093/1876 2380/2098/1881 2296/2039/1825
f 2356/2076/1861 2378/2099/1879 2295/2093/1876
f 2330/2063/1848 2359/2100/1882 2384/2101/1883
f 2362/2102/1884 2360/2083/1866 2361/2082/1865
f 2387/2103/1885 2369/2104/1868 2385/2105/1886
f 2364/2084/1867 2386/2106/1886 2370/2085/1868
f 2385/2105/1886 2389/2107/1887 2391/2108/1888
f 2374/2091/1874 2371/2092/1875 2347/2109/1889
f 2367/2110/1890 2392/2111/1891 2347/2109/1889
f 2393/2112/1892 2394/2113/1893 2395/2114/1894
f 2367/2110/1890 2396/2115/1895 2393/2112/1892
f 2387/2103/1885 2393/2112/1892 2396/2115/1895
f 2365/2116/1896 2369/2104/1868 2387/2103/1885
f 2397/2117/1897 2377/2096/1879 2379/2095/1878
f 2363/2097/1880 2399/2118/1898 2362/2102/1884
f 2400/2119/1899 2381/2120/1900 2380/2098/1881
f 2295/2093/1876 2378/2099/1879 2383/2121/1901
f 2380/2098/1881 2383/2121/1901 2400/2119/1899
f 2400/2119/1899 2402/2122/1902 2404/2123/1903
f 2402/2122/1902 2400/2119/1899 2383/2121/1901
f 2397/2117/1897 2405/2124/1904 2401/2125/1902
f 2406/2126/1905 2384/2101/1883 2359/2100/1882
f 2399/2118/1898 2406/2126/1905 2359/2100/1882
f 2364/2084/1867 2409/2127/1906 2386/2106/1886
f 2410/2128/1907 2374/2091/1874 2392/2111/1891
f 2411/2129/1908 2395/2114/1894 2412/2130/1909
f 2392/2111/1891 2395/2114/1894 2411/2129/1908
f 2394/2113/1893 2393/2112/1892 2387/2103/1885
f 2413/2131/1910 2412/2130/1909 2387/2103/1885
f 2394/2113/1893 2412/2130/1909 2395/2114/1894
f 2387/2103/1885 2391/2108/1888 2413/2131/1910
f 2379/2095/1878 2414/2132/1911 2398/2133/1912
f 2412/2130/1909 2417/2134/1913 2411/2129/1908
f 2401/2125/1902 2405/2124/1904 2403/2135/1903
f 2405/2124/1904 2397/2117/1897 2398/2133/1912
f 2422/2136/1914 2400/2119/1899 2419/2137/1915
f 2399/2118/1898 2422/2136/1914 2423/2138/1916
f 2413/2131/1910 2425/2139/1917 2426/2140/1918
f 2427/2141/1919 2425/2139/1917 2391/2108/1888
f 2416/2142/1920 2398/2133/1912 2414/2132/1911
f 2426/2140/1918 2417/2134/1913 2413/2131/1910
f 2431/2143/1921 2430/2144/1922 2415/2145/1923
f 2416/2142/1920 2431/2143/1921 2415/2145/1923
f 2436/2146/1924 2423/2138/1916 2434/2147/1925
f 2399/2118/1898 2423/2138/1916 2407/2148/1926
f 2438/2149/1927 2423/2138/1916 2422/2136/1914
f 2421/2150/1928 2418/2151/1915 2420/2152/1929
f 2439/2153/1930 2421/2150/1928 2420/2152/1929
f 2441/2154/1931 2427/2141/1919 2440/2155/1932
f 2425/2139/1917 2428/2156/1933 2417/2134/1913
f 2441/2154/1931 2442/2157/1934 2429/2158/1935
f 2430/2144/1922 2439/2153/1930 2420/2152/1929
f 2416/2142/1920 2410/2128/1907 2444/2159/1936
f 2443/2160/1937 2431/2143/1921 2444/2159/1936
f 2448/2161/1938 2437/2162/1927 2421/2150/1928
f 2421/2150/1928 2439/2153/1930 2448/2161/1938
f 2441/2154/1931 2440/2155/1932 2449/2163/1939
f 2443/2160/1937 2444/2159/1936 2428/2156/1933
f 2452/2164/1940 2442/2157/1934 2441/2154/1931
f 2449/2163/1939 2451/2165/1941 2441/2154/1931
f 2431/2143/1921 2454/2166/1942 2432/2167/1943
f 2456/2168/1944 2455/2169/1945 2443/2160/1937
f 2443/2160/1937 2442/2157/1934 2456/2168/1944
f 2458/2170/1946 2448/2161/1938 2459/2171/1947
f 2461/2172/1948 2462/2173/1949 2464/2174/1950
f 1798/1602/1429 2166/2175/1951 1799/1603/1430
f 1800/1605/1432 1798/1602/1429 1791/1601/1428
f 1800/1605/1432 2466/2176/1952 2467/2177/1953
f 1797/1608/1435 2466/2176/1952 1801/1604/1431
f 2467/2177/1953 2468/2178/1954 2469/2179/1955
f 2469/2179/1955 1800/1605/1432 2467/2177/1953
f 2468/2178/1954 1796/2180/1435 2470/2181/1956
f 2470/2181/1956 2471/2182/1957 2468/2178/1954
f 1794/2183/1958 2470/2181/1956 1796/2180/1435
f 2472/2184/1959 2470/2181/1956 2460/2185/1948
f 2463/2186/1950 2475/2187/1960 2472/2184/1959
f 2166/2175/1951 2465/2188/1961 2174/1933/1730
f 2472/2184/1959 2474/2189/1962 2470/2181/1956
f 2478/2190/1963 2479/2191/1964 2474/2189/1962
f 2474/2189/1962 2477/2192/1965 2478/2190/1963
f 2478/2190/1963 2483/2193/1966 2479/2191/1964
f 2480/2194/1967 2482/2195/1968 2478/2190/1963
f 2471/2182/1957 2484/2196/1969 2174/1933/1730
f 2483/2193/1966 2471/2182/1957 2479/2191/1964
f 2471/2182/1957 2483/2193/1966 2484/2196/1969
f 2212/1982/1774 2193/1952/1747 2484/2196/1969
f 2486/2197/1970 2212/1982/1774 2484/2196/1969
f 2231/1983/1775 2212/1982/1774 2245/2003/1793
f 2493/2198/1971 2492/2199/1972 2491/2200/1973
f 2491/2200/1973 2482/2195/1968 2485/2201/1974
f 2495/2202/1975 2493/2198/1971 2494/2203/1976
f 2497/2204/1977 2494/2203/1976 2488/2205/1978
f 2498/2206/1979 2489/2207/1980 2487/2208/1981
f 2498/2206/1979 2500/2209/1982 2489/2207/1980
f 2245/2003/1793 2486/2197/1970 2502/2210/1983
f 2483/2193/1966 2490/2211/1984 2486/2197/1970
f 2492/2199/1972 2490/2211/1984 2491/2200/1973
f 2491/2200/1973 2488/2205/1978 2493/2198/1971
f 2257/2212/1985 2244/2002/1792 2270/2213/1986
f 2503/2214/1987 2257/2212/1985 2270/2213/1986
f 2502/2210/1983 2270/2213/1986 2245/2003/1793
f 2244/2002/1792 2257/2212/1985 2246/2004/1794
f 2257/2212/1985 2504/2215/1988 2253/2216/1989
f 2488/2205/1978 2489/2207/1980 2497/2204/1977
f 2501/2217/1990 2505/2218/1991 2500/2209/1982
f 2501/2217/1990 2506/2219/1992 2505/2218/1991
f 2501/2217/1990 2499/2220/1993 2508/2221/1994
f 2490/2211/1984 2509/2222/1995 2502/2210/1983
f 2507/2223/1996 2505/2218/1991 2506/2219/1992
f 2513/2224/1997 2509/2222/1995 2512/2225/1998
f 2492/2199/1972 2512/2225/1998 2490/2211/1984
f 2514/2226/1999 2513/2224/1997 2492/2199/1972
f 2503/2214/1987 2305/2227/2000 2504/2215/1988
f 2274/2228/2001 2277/2229/2002 2305/2227/2000
f 2508/2221/1994 2519/2230/2003 2501/2217/1990
f 2501/2217/1990 2517/2231/2004 2516/2232/2005
f 2514/2226/1999 2521/2233/2006 2511/2234/2007
f 2522/2235/2008 2514/2226/1999 2492/2199/1972
f 2495/2202/1975 2522/2235/2008 2493/2198/1971
f 2523/2236/2009 2514/2226/1999 2522/2235/2008
f 2524/2237/2010 2495/2202/1975 2494/2203/1976
f 2524/2237/2010 2496/2238/2011 2515/2239/2012
f 2525/2240/2013 2524/2237/2010 2515/2239/2012
f 2516/2232/2005 2496/2238/2011 2507/2223/1996
f 2518/2241/2014 2517/2231/2004 2527/2242/2015
f 2527/2242/2015 2517/2231/2004 2519/2230/2003
f 2513/2224/1997 2514/2226/1999 2511/2234/2007
f 2503/2214/1987 2510/2243/2016 2308/2045/1831
f 2510/2243/2016 2530/2244/2017 2308/2045/1831
f 2531/2245/2018 2306/2246/1831 2529/2247/2017
f 2334/2248/2019 2336/2249/2020 2339/2065/1850
f 2337/2066/1851 2312/2051/1837 2304/2049/1835
f 2533/2250/2021 2337/2066/1851 2339/2065/1850
f 2525/2240/2013 2535/2251/2022 2524/2237/2010
f 2535/2251/2022 2525/2240/2013 2536/2252/2023
f 2527/2242/2015 2540/2253/2024 2538/2254/2025
f 2542/2255/2026 2527/2242/2015 2520/2256/2027
f 2542/2255/2026 2520/2256/2027 2543/2257/2028
f 2545/2258/2029 2521/2233/2006 2534/2259/2030
f 2531/2245/2018 2549/2260/2031 2550/2261/2032
f 2549/2260/2031 2547/2262/2033 2551/2263/2034
f 2549/2260/2031 2553/2264/2035 2554/2265/2036
f 2553/2264/2035 2549/2260/2031 2551/2263/2034
f 2546/2266/2037 2548/2267/2033 2528/2268/2038
f 2550/2261/2032 2532/2269/2039 2338/2270/1850
f 2550/2261/2032 2549/2260/2031 2554/2265/2036
f 2533/2250/2021 2556/2271/2040 2340/2272/2041
f 2558/2273/2042 2556/2271/2040 2533/2250/2021
f 2557/2274/2042 2561/2275/2043 2555/2276/2040
f 2550/2261/2032 2557/2274/2042 2532/2269/2039
f 2560/2277/2044 2341/2067/1852 2340/2272/2041
f 2555/2276/2040 2563/2278/2045 2559/2279/2044
f 2522/2235/2008 2536/2252/2023 2566/2280/2046
f 2568/2281/2047 2567/2282/2048 2536/2252/2023
f 2568/2281/2047 2537/2283/2049 2526/2284/2050
f 2568/2281/2047 2539/2285/2051 2570/2286/2052
f 2576/2287/2053 2543/2257/2028 2572/2288/2054
f 2545/2258/2029 2577/2289/2055 2579/2290/2056
f 2534/2259/2030 2577/2289/2055 2545/2258/2029
f 2566/2280/2046 2523/2236/2009 2522/2235/2008
f 2582/2291/2057 2584/2292/2058 2551/2263/2034
f 2545/2258/2029 2579/2290/2056 2583/2293/2059
f 2584/2292/2058 2585/2294/2060 2554/2265/2036
f 2588/2295/2061 2561/2275/2043 2562/2296/2062
f 2585/2294/2060 2562/2296/2062 2550/2261/2032
f 2586/2297/2063 2562/2296/2062 2585/2294/2060
f 2589/2298/2064 2563/2278/2045 2561/2275/2043
f 2409/2127/1906 2364/2084/1867 2565/2299/2065
f 2563/2278/2045 2589/2298/2064 2590/2300/2066
f 2592/2301/2067 2564/2302/2068 2590/2300/2066
f 2408/2303/1906 2564/2302/2068 2388/2304/1887
f 2571/2305/2054 2596/2306/2069 2575/2307/2053
f 2598/2308/2070 2579/2290/2056 2577/2289/2055
f 2581/2309/2071 2534/2259/2030 2580/2310/2072
f 2600/2311/2073 2601/2312/2074 2581/2309/2071
f 2580/2310/2072 2566/2280/2046 2600/2311/2073
f 2604/2313/2075 2601/2312/2074 2600/2311/2073
f 2602/2314/2076 2567/2282/2048 2568/2281/2047
f 2570/2286/2052 2602/2314/2076 2568/2281/2047
f 2609/2315/2077 2582/2291/2057 2578/2316/2078
f 2609/2315/2077 2578/2316/2078 2610/2317/2079
f 2584/2292/2058 2615/2318/2080 2586/2297/2063
f 2616/2319/2081 2615/2318/2080 2582/2291/2057
f 2587/2320/2082 2588/2295/2061 2618/2321/2083
f 2619/2322/2084 2623/2323/2085 2621/2324/2086
f 2590/2300/2066 2589/2298/2064 2620/2325/2086
f 2624/2326/2087 2591/2327/2066 2621/2324/2086
f 2624/2326/2087 2424/2328/2088 2389/2107/1887
f 2596/2306/2069 2625/2329/2089 2573/2330/2090
f 2604/2313/2075 2613/2331/2091 2601/2312/2074
f 2602/2314/2076 2600/2311/2073 2566/2280/2046
f 2610/2317/2079 2628/2332/2092 2609/2315/2077
f 2629/2333/2093 2611/2334/2094 2613/2331/2091
f 2630/2335/2095 2632/2336/2096 2609/2315/2077
f 2632/2336/2096 2616/2319/2081 2609/2315/2077
f 2637/2337/2097 2614/2338/2098 2617/2339/2099
f 2640/2340/2100 2636/2341/2101 2638/2342/2097
f 2641/2343/2102 2637/2337/2097 2617/2339/2099
f 2617/2339/2099 2633/2344/2103 2641/2343/2102
f 2621/2324/2086 2642/2345/2104 2624/2326/2087
f 2642/2345/2104 2643/2346/2105 2624/2326/2087
f 2391/2108/1888 2424/2328/2088 2427/2141/1919
f 2643/2346/2105 2644/2347/2106 2624/2326/2087
f 2424/2328/2088 2624/2326/2087 2644/2347/2106
f 2647/2348/2107 2645/2349/2108 2607/2350/2109
f 2648/2351/2110 2647/2348/2107 2569/2352/2052
f 2594/2353/2111 2648/2351/2110 2569/2352/2052
f 2647/2348/2107 2607/2350/2109 2605/2354/2112
f 2541/2355/2026 2625/2329/2089 2594/2353/2111
f 2652/2356/2113 2651/2357/2114 2630/2335/2095
f 2630/2335/2095 2607/2350/2109 2652/2356/2113
f 2657/2358/2115 2636/2341/2101 2640/2340/2100
f 2639/2359/2100 2641/2343/2102 2656/2360/2116
f 2658/2361/2117 2656/2360/2116 2641/2343/2102
f 2633/2344/2103 2659/2362/2118 2641/2343/2102
f 2655/2363/2119 2660/2364/2120 2636/2341/2101
f 2662/2365/2121 2660/2364/2120 2655/2363/2119
f 2643/2346/2105 2660/2364/2120 2663/2366/2122
f 2427/2141/1919 2424/2328/2088 2644/2347/2106
f 2440/2155/1932 2427/2141/1919 2644/2347/2106
f 2440/2155/1932 2644/2347/2106 2643/2346/2105
f 2663/2366/2122 2440/2155/1932 2643/2346/2105
f 2440/2155/1932 2664/2367/2123 2449/2163/1939
f 2607/2350/2109 2646/2368/2124 2652/2356/2113
f 2667/2369/2125 2653/2370/2126 2646/2368/2124
f 2653/2370/2126 2659/2362/2118 2651/2357/2114
f 2661/2371/2121 2658/2361/2117 2669/2372/2127
f 2658/2361/2117 2659/2362/2118 2668/2373/2128
f 2663/2366/2122 2670/2374/2129 2664/2367/2123
f 2670/2374/2129 2662/2365/2121 2672/2375/2130
f 2669/2372/2127 2671/2376/2130 2661/2371/2121
f 2673/2377/2131 2670/2374/2129 2674/2378/2132
f 1287/1591/1418 1781/1918/1717 1802/1647/1465
f 2677/2379/2133 1781/1918/1717 2162/1917/1716
f 2677/2379/2133 1844/2380/2134 1802/1647/1465
f 2163/1920/1719 2677/2379/2133 2162/1917/1716
f 2191/1949/1744 2163/1920/1719 2164/1919/1718
f 2678/2381/2135 1844/2380/2134 2163/1920/1719
f 2683/2382/2136 2680/2383/2137 2681/2384/2138
f 2683/2382/2136 1898/2385/2139 2679/2386/2140
f 2683/2382/2136 1931/2387/2141 1898/2385/2139
f 2679/2386/2140 2678/2381/2135 2680/2383/2137
f 2191/1949/1744 2680/2383/2137 2678/2381/2135
f 2190/1950/1745 2681/2384/2138 2680/2383/2137
f 2190/1950/1745 2206/1963/1757 2681/2384/2138
f 2688/2388/2142 2686/2389/2143 2690/2390/2144
f 1956/1740/1549 2685/2391/2143 2687/2392/2145
f 1956/1740/1549 2687/2392/2145 2691/2393/2146
f 2685/2391/2143 1956/1740/1549 1933/2394/2147
f 1989/1776/1583 1955/1775/1547 2695/2395/2148
f 2684/2396/2149 2697/2397/2150 2689/2398/2144
f 2690/2390/2144 2703/2399/2151 2688/2388/2142
f 1955/1775/1547 1957/2400/2152 2695/2395/2148
f 2695/2395/2148 2696/2401/2153 1989/1776/1583
f 2696/2401/2153 2692/2402/2146 2705/2403/2154
f 1988/1777/1584 1989/1776/1583 2706/2404/2155
f 2699/2397/2156 2702/2405/2157 2707/2406/2158
f 2709/2407/2159 2206/1963/1757 2300/2043/1829
f 1989/1776/1583 2705/2403/2154 2711/2408/2160
f 1989/1776/1583 2711/2408/2160 2706/2404/2155
f 2705/2403/2154 2692/2402/2146 2710/2409/2161
f 2019/2410/2162 1991/1807/1610 2706/2404/2155
f 2708/2411/2163 2703/2399/2151 2700/2412/2150
f 2704/2413/2164 2716/2414/2165 2714/2415/2166
f 2331/2062/1847 2717/2416/2167 2300/2043/1829
f 2713/2417/2168 2718/2418/2169 2703/2399/2151
f 2703/2399/2151 2718/2418/2169 2719/2419/2170
f 2703/2399/2151 2719/2419/2170 2710/2409/2161
f 2713/2417/2168 2721/2420/2171 2718/2418/2169
f 2719/2419/2170 2705/2403/2154 2710/2409/2161
f 2711/2408/2160 2705/2403/2154 2723/2421/2172
f 2713/2417/2168 2715/2422/2166 2721/2420/2171
f 2727/2423/2173 2716/2414/2165 2717/2416/2167
f 2331/2062/1847 2300/2043/1829 2298/2041/1827
f 2718/2418/2169 2725/2424/2174 2728/2425/2175
f 2019/2410/2162 2706/2404/2155 2723/2421/2172
f 2034/2426/2176 2020/1808/1611 2723/2421/2172
f 2714/2415/2166 2726/2427/2177 2729/2428/2178
f 2733/2429/2179 2728/2425/2175 2732/2430/2180
f 2737/2431/2181 2734/2432/2182 2735/2433/2183
f 2734/2432/2182 2033/2434/2176 2719/2419/2170
f 2330/2063/1848 2730/2435/2184 2331/2062/1847
f 2406/2126/1905 2739/2436/2185 2384/2101/1883
f 2742/2437/2186 2744/2438/2187 2746/2439/2188
f 2744/2438/2187 2729/2428/2178 2746/2439/2188
f 2729/2428/2178 2748/2440/2189 2746/2439/2188
f 2727/2423/2173 2747/2441/2190 2726/2427/2177
f 2730/2435/2184 2748/2440/2189 2747/2441/2190
f 2733/2429/2179 2734/2432/2182 2728/2425/2175
f 2738/2442/2181 2090/1863/1663 2077/1862/1662
f 2077/1862/1662 2035/1818/1621 2738/2442/2181
f 2749/2443/2191 2741/2444/2192 2740/2445/2193
f 2739/2436/2185 2740/2445/2193 2730/2435/2184
f 2750/2446/2194 2751/2447/2195 2748/2440/2189
f 2083/2448/2196 2735/2433/2183 2743/2449/2197
f 2082/2450/2198 2742/2437/2186 2085/2451/2199
f 2751/2447/2195 2085/2451/2199 2742/2437/2186
f 2750/2446/2194 2749/2443/2191 2752/2452/2200
f 2751/2447/2195 2754/2453/2201 2085/2451/2199
f 2095/1867/1667 2085/2451/2199 2754/2453/2201
f 2749/2443/2191 2756/2454/2202 2752/2452/2200
f 2407/2148/1926 2749/2443/2191 2406/2126/1905
f 2758/2455/2203 2753/2456/2204 2752/2452/2200
f 2759/2457/2205 2754/2453/2201 2753/2456/2204
f 2760/2458/2206 2758/2455/2203 2752/2452/2200
f 2095/1867/1667 2762/2459/2207 2096/1868/1668
f 2755/2460/2208 2759/2457/2205 2762/2459/2207
f 2763/2461/2209 2110/1882/1682 2762/2459/2207
f 2446/2462/2210 2757/2463/2211 2436/2146/1924
f 2446/2462/2210 2764/2464/2212 2757/2463/2211
f 2759/2457/2205 2760/2458/2206 2765/2465/2213
f 2765/2465/2213 2760/2458/2206 2761/2466/2214
f 2769/2467/2215 2767/2468/2216 2445/2469/2210
f 2768/2470/2216 2764/2464/2212 2446/2462/2210
f 2433/2471/1925 2457/2472/2217 2770/2473/2218
f 2770/2473/2218 2445/2469/2210 2433/2471/1925
f 2457/2472/2217 2433/2471/1925 2447/2474/2219
f 2761/2466/2214 2768/2470/2216 2765/2465/2213
f 2771/2475/2220 2763/2461/2209 2765/2465/2213
f 2763/2461/2209 2130/1899/1698 2121/1894/1693
f 2453/2476/2221 2432/2167/1943 2454/2166/1942
f 2453/2476/2221 2459/2171/1947 2439/2153/1930
f 2775/2477/2222 2774/2478/2223 2453/2476/2221
f 2774/2478/2223 2776/2479/2224 2459/2171/1947
f 2775/2477/2222 2454/2166/1942 2455/2169/1945
f 2455/2169/1945 2456/2168/1944 2777/2480/2225
f 2773/2481/2226 2777/2480/2225 2456/2168/1944
f 2455/2169/1945 2778/2482/2227 2775/2477/2222
f 2779/2483/2228 2777/2480/2225 2773/2481/2226
f 2772/2484/2229 2780/2485/2230 2781/2486/2231
f 2774/2478/2223 2782/2487/2232 2776/2479/2224
f 2781/2486/2231 2784/2488/2233 2779/2483/2228
f 2778/2482/2227 2782/2487/2232 2774/2478/2223
f 2786/2489/2234 2782/2487/2232 2785/2490/2235
f 2778/2482/2227 2783/2491/2236 2785/2490/2235
f 2779/2483/2228 2778/2482/2227 2777/2480/2225
f 2781/2486/2231 2787/2492/2237 2784/2488/2233
f 2783/2491/2236 2784/2488/2233 2788/2493/2238
f 2784/2488/2233 2789/2494/2239 2788/2493/2238
f 2787/2492/2237 2791/2495/2240 2792/2496/2241
f 2793/2497/2242 2791/2495/2240 2794/2498/2243
f 2790/2499/2244 2794/2498/2243 2791/2495/2240
f 2796/2500/2245 2795/2501/2246 2794/2498/2243
f 2648/2351/2110 2665/2502/2247 2797/2503/2248
f 2650/2504/2249 2798/2505/2250 2649/2506/2251
f 2645/2349/2108 2799/2507/2252 2800/2508/2253
f 2646/2368/2124 2800/2508/2253 2667/2369/2125
f 2797/2503/2248 2645/2349/2108 2648/2351/2110
f 2802/2509/2254 2668/2373/2128 2659/2362/2118
f 2804/2510/2255 2803/2511/2256 2802/2509/2254
f 2803/2511/2256 2804/2510/2255 2805/2512/2257
f 2674/2378/2132 2670/2374/2129 2676/2513/2258
f 2806/2514/2259 2674/2378/2132 2808/2515/2260
f 2780/2485/2230 2806/2514/2259 2809/2516/2261
f 2810/2517/2262 2669/2372/2127 2805/2512/2257
f 2810/2517/2262 2675/2518/2258 2669/2372/2127
f 2797/2503/2248 2811/2519/2263 2799/2507/2252
f 2811/2519/2263 2812/2520/2264 2799/2507/2252
f 2667/2369/2125 2814/2521/2265 2666/2522/2266
f 2667/2369/2125 2800/2508/2253 2814/2521/2265
f 2801/2523/2267 2815/2524/2268 2814/2521/2265
f 2814/2521/2265 2800/2508/2253 2801/2523/2267
f 2814/2521/2265 2802/2509/2254 2666/2522/2266
f 2814/2521/2265 2804/2510/2255 2802/2509/2254
f 2818/2525/2269 2810/2517/2262 2816/2526/2270
f 2804/2510/2255 2816/2526/2270 2805/2512/2257
f 2810/2517/2262 2822/2527/2271 2807/2528/2260
f 2810/2517/2262 2818/2525/2269 2822/2527/2271
f 2816/2526/2270 2810/2517/2262 2805/2512/2257
f 2823/2529/2272 2825/2530/2273 2808/2515/2260
f 2827/2531/2274 2813/2532/2275 2826/2533/2276
f 2828/2534/2277 2815/2524/2268 2801/2523/2267
f 2801/2523/2267 2813/2532/2275 2827/2531/2274
f 2815/2524/2268 2829/2535/2278 2814/2521/2265
f 2830/2536/2279 2817/2537/2280 2829/2535/2278
f 2832/2538/2281 2819/2539/2269 2821/2540/2282
f 2824/2541/2283 2832/2538/2281 2820/2542/2282
f 2832/2538/2281 2835/2543/2284 2825/2530/2273
f 2825/2530/2273 2835/2543/2284 2834/2544/2285
f 2825/2530/2273 2780/2485/2230 2809/2516/2261
f 2773/2481/2226 2772/2484/2229 2779/2483/2228
f 2837/2545/2286 2828/2534/2277 2827/2531/2274
f 2839/2546/2287 2840/2547/2288 2830/2536/2279
f 2815/2524/2268 2838/2548/2289 2829/2535/2278
f 2824/2541/2283 2841/2549/2290 2833/2550/2291
f 2835/2543/2284 2832/2538/2281 2842/2551/2292
f 2834/2544/2285 2781/2486/2231 2825/2530/2273
f 2845/2552/2293 2836/2553/2294 2842/2551/2292
f 2835/2543/2284 2842/2551/2292 2836/2553/2294
f 2829/2535/2278 2846/2554/2295 2839/2546/2287
f 2849/2555/2296 2840/2547/2288 2848/2556/2297
f 2849/2555/2296 2841/2549/2290 2824/2541/2283
f 2841/2549/2290 2852/2557/2298 2833/2550/2291
f 2844/2558/2299 2787/2492/2237 2781/2486/2231
f 2842/2551/2292 2843/2559/2300 2845/2552/2293
f 2845/2552/2293 2844/2558/2299 2834/2544/2285
f 2848/2556/2297 2851/2560/2301 2850/2561/2302
f 2848/2556/2297 2847/2562/2303 2851/2560/2301
f 2856/2563/2304 2841/2549/2290 2849/2555/2296
f 2850/2561/2302 2856/2563/2304 2848/2556/2297
f 2859/2564/2305 2854/2565/2306 2855/2566/2307
f 2787/2492/2237 2792/2496/2241 2784/2488/2233
f 2859/2564/2305 2860/2567/2308 2845/2552/2293
f 2863/2568/2309 2858/2569/2310 2857/2570/2311
f 2856/2563/2304 2858/2569/2310 2841/2549/2290
f 2858/2569/2310 2864/2571/2312 2862/2572/2313
f 2855/2566/2307 2862/2572/2313 2861/2573/2314
f 2867/2574/2315 2859/2564/2305 2861/2573/2314
f 2862/2572/2313 2865/2575/2316 2861/2573/2314
f 2868/2576/2317 2866/2577/2318 2864/2571/2312
f 2790/2499/2244 2860/2567/2308 2869/2578/2319
f 2790/2499/2244 2869/2578/2319 2794/2498/2243
f 2867/2574/2315 2870/2579/2320 2869/2578/2319
f 2869/2578/2319 2796/2500/2245 2794/2498/2243
f 2871/2580/2321 2796/2500/2245 2869/2578/2319
f 2866/2577/2318 2870/2579/2320 2867/2574/2315
f 2870/2579/2320 2871/2580/2321 2869/2578/2319
f 2867/2574/2315 2865/2575/2316 2866/2577/2318
f 2872/2581/2322 2770/2473/2218 2457/2472/2217
f 2447/2474/2219 2872/2581/2322 2457/2472/2217
f 2447/2474/2219 2458/2170/1946 2872/2581/2322
f 2878/2582/2323 2131/2583/2324 2876/2584/2325
f 2131/2583/2324 2771/2475/2220 2876/2584/2325
f 2879/2585/2326 2770/2473/2218 2872/2581/2322
f 2880/2586/2327 2872/2581/2322 2458/2170/1946
f 2882/2587/2328 2766/2588/2329 2769/2467/2215
f 2769/2467/2215 2879/2585/2326 2882/2587/2328
f 2767/2468/2216 2766/2588/2329 2875/2589/2325
f 2879/2585/2326 2883/2590/2330 2882/2587/2328
f 2885/2591/2331 2883/2590/2330 2881/2592/2332
f 2884/2593/2333 2766/2588/2329 2882/2587/2328
f 2130/1899/1698 2137/2594/2334 2134/1903/1702
f 2130/1899/1698 2874/2595/2335 2888/2596/2336
f 2776/2479/2224 2889/2597/2337 2890/2598/2338
f 2776/2479/2224 2891/2599/2339 2889/2597/2337
f 2893/2600/2340 2883/2590/2330 2892/2601/2341
f 2883/2590/2330 2894/2602/2342 2884/2593/2333
f 2873/2603/2335 2886/2604/2343 2894/2602/2342
f 2894/2602/2342 2887/2605/2336 2873/2603/2335
f 2881/2592/2332 2890/2598/2338 2885/2591/2331
f 2782/2487/2232 2891/2599/2339 2776/2479/2224
f 2782/2487/2232 2899/2606/2344 2891/2599/2339
f 2900/2607/2345 2891/2599/2339 2899/2606/2344
f 2899/2606/2344 2786/2489/2234 2788/2493/2238
f 2789/2494/2239 2899/2606/2344 2788/2493/2238
f 2903/2608/2346 2892/2601/2341 2902/2609/2347
f 2890/2598/2338 2902/2609/2347 2885/2591/2331
f 2902/2609/2347 2890/2598/2338 2889/2597/2337
f 2889/2597/2337 2903/2608/2346 2902/2609/2347
f 2883/2590/2330 2893/2600/2340 2895/2610/2348
f 2893/2600/2340 2907/2611/2349 2895/2610/2348
f 2895/2610/2348 2909/2612/2350 2894/2602/2342
f 2911/2613/2351 2139/1905/1704 2898/2614/2352
f 2887/2605/2336 2138/2615/1704 2136/2616/2334
f 2912/2617/2353 2900/2607/2345 2789/2494/2239
f 2793/2497/2242 2913/2618/2354 2792/2496/2241
f 2789/2494/2239 2784/2488/2233 2913/2618/2354
f 2904/2619/2355 2905/2620/2356 2914/2621/2357
f 2900/2607/2345 2905/2620/2356 2891/2599/2339
f 2904/2619/2355 2903/2608/2346 2889/2597/2337
f 2915/2622/2358 2904/2619/2355 2916/2623/2359
f 2908/2624/2360 2903/2608/2346 2915/2622/2358
f 2909/2612/2350 2896/2625/2361 2894/2602/2342
f 2919/2626/2362 2917/2627/2363 2918/2628/2364
f 2917/2627/2363 2909/2612/2350 2920/2629/2365
f 2907/2611/2349 2921/2630/2366 2920/2629/2365
f 2910/2631/2351 2919/2626/2362 2922/2632/2367
f 2138/2615/1704 2919/2626/2362 2897/2633/2352
f 2789/2494/2239 2924/2634/2368 2912/2617/2353
f 2914/2621/2357 2912/2617/2353 2926/2635/2369
f 2914/2621/2357 2900/2607/2345 2912/2617/2353
f 2925/2636/2370 2924/2634/2368 2913/2618/2354
f 2928/2637/2371 2906/2638/2372 2908/2624/2360
f 2908/2624/2360 2915/2622/2358 2928/2637/2371
f 2926/2635/2369 2929/2639/2373 2914/2621/2357
f 2904/2619/2355 2914/2621/2357 2929/2639/2373
f 2929/2639/2373 2930/2640/2374 2904/2619/2355
f 2930/2640/2374 2929/2639/2373 2931/2641/2375
f 2932/2642/2376 2929/2639/2373 2926/2635/2369
f 2926/2635/2369 2927/2643/2377 2932/2642/2376
f 2917/2627/2363 2920/2629/2365 2934/2644/2378
f 2920/2629/2365 2909/2612/2350 2907/2611/2349
f 2918/2628/2364 2922/2632/2367 2919/2626/2362
f 2917/2627/2363 2936/2645/2379 2923/2646/2380
f 2795/2501/2246 2793/2497/2242 2794/2498/2243
f 2925/2636/2370 2938/2647/2381 2924/2634/2368
f 2925/2636/2370 2937/2648/2382 2938/2647/2381
f 2942/2649/2383 2928/2637/2371 2941/2650/2384
f 2928/2637/2371 2915/2622/2358 2941/2650/2384
f 2932/2642/2376 2931/2641/2375 2929/2639/2373
f 2939/2651/2385 2927/2643/2377 2924/2634/2368
f 2939/2651/2385 2943/2652/2386 2932/2642/2376
f 2938/2647/2381 2944/2653/2387 2939/2651/2385
f 2945/2654/2388 2934/2644/2378 2920/2629/2365
f 2945/2654/2388 2920/2629/2365 2935/2655/2389
f 2935/2655/2389 2942/2649/2383 2946/2656/2390
f 2934/2644/2378 2947/2657/2391 2933/2658/2392
f 2948/2659/2393 2933/2658/2392 2947/2657/2391
f 2796/2500/2245 2940/2660/2394 2795/2501/2246
f 2940/2660/2394 2937/2648/2382 2795/2501/2246
f 2940/2660/2394 2950/2661/2395 2949/2662/2396
f 2941/2650/2384 2952/2663/2397 2951/2664/2398
f 2931/2641/2375 2952/2663/2397 2941/2650/2384
f 2931/2641/2375 2941/2650/2384 2930/2640/2374
f 2943/2652/2386 2953/2665/2399 2931/2641/2375
f 2944/2653/2387 2943/2652/2386 2939/2651/2385
f 2947/2657/2391 2945/2654/2388 2946/2656/2390
f 2942/2649/2383 2955/2666/2400 2946/2656/2390
f 2958/2667/2401 2940/2660/2394 2949/2662/2396
f 2950/2661/2395 2958/2667/2401 2949/2662/2396
f 2953/2665/2399 2954/2668/2402 2960/2669/2403
f 2944/2653/2387 2961/2670/2404 2954/2668/2402
f 2940/2660/2394 2961/2670/2404 2937/2648/2382
f 2956/2671/2405 2947/2657/2391 2946/2656/2390
f 2947/2657/2391 2956/2671/2405 2957/2672/2406
f 2957/2672/2406 2956/2671/2405 2955/2666/2400
f 2951/2664/2398 2955/2666/2400 2942/2649/2383
f 2953/2665/2399 2952/2663/2397 2931/2641/2375
f 2961/2670/2404 2940/2660/2394 2958/2667/2401
f 2961/2670/2404 2958/2667/2401 2962/2673/2407
f 2964/2674/2408 2962/2673/2407 2963/2675/2409
f 2963/2675/2409 2958/2667/2401 2959/2676/2410
f 2965/2677/2411 2960/2669/2403 2954/2668/2402
f 2967/2678/2412 2955/2666/2400 2951/2664/2398
f 2969/2679/2413 2951/2664/2398 2952/2663/2397
f 2971/2680/2414 2952/2663/2397 2960/2669/2403
f 2961/2670/2404 2964/2674/2408 2965/2677/2411
f 2975/2681/2415 2973/2682/2416 2971/2680/2414
f 2975/2681/2415 2960/2669/2403 2976/2683/2417
f 2976/2683/2417 2960/2669/2403 2965/2677/2411
f 2978/2684/2418 2975/2681/2415 2976/2683/2417
f 2965/2677/2411 2979/2685/2419 2976/2683/2417
f 2976/2683/2417 2979/2685/2419 2980/2686/2420
f 2966/2687/2421 2968/2688/2422 2957/2672/2406
f 2965/2677/2411 2972/2689/2423 2979/2685/2419
f 2974/2690/2424 2975/2681/2415 2977/2691/2425
f 2977/2691/2425 2981/2692/2426 2974/2690/2424
f 2980/2686/2420 2978/2684/2418 2976/2683/2417
f 2982/2693/2427 2968/2688/2422 2967/2678/2412
f 2983/2694/2428 2969/2679/2413 2973/2682/2416
f 2987/2695/2429 2970/2696/2430 2983/2694/2428
f 2987/2695/2429 2988/2697/2431 2970/2696/2430
f 2985/2698/2432 2989/2699/2433 2987/2695/2429
f 2973/2682/2416 2987/2695/2429 2983/2694/2428
f 2987/2695/2429 2990/2700/2434 2985/2698/2432
f 2974/2690/2424 2990/2700/2434 2973/2682/2416
f 2985/2698/2432 2991/2701/2435 2989/2699/2433
f 2959/2676/2410 2950/2661/2395 2992/2702/2436
f 2954/2668/2402 2961/2670/2404 2965/2677/2411
f 2937/2648/2382 2925/2636/2370 2795/2501/2246
f 2892/2601/2341 2901/2703/2437 2893/2600/2340
f 2877/2704/2323 2766/2588/2329 2886/2604/2343
f 2859/2564/2305 2855/2566/2307 2861/2573/2314
f 2825/2530/2273 2823/2529/2272 2819/2539/2269
f 2450/2705/2438 2674/2378/2132 2806/2514/2259
f 2798/2505/2250 2797/2503/2248 2665/2502/2247
f 2127/1897/1696 2121/1894/1693 2130/1899/1698
f 2759/2457/2205 2753/2456/2204 2758/2455/2203
f 2090/1863/1663 2057/2706/1636 2053/1853/1654
f 2735/2433/2183 2745/2707/2187 2743/2449/2197
f 2714/2415/2166 2729/2428/2178 2724/2708/2439
f 2033/2434/2176 2723/2421/2172 2722/2709/2440
f 2692/2402/2146 2696/2401/2153 2694/2710/2148
f 1869/1673/1489 1898/2385/2139 1931/2387/2141
f 2673/2377/2131 2449/2163/1939 2664/2367/2123
f 2645/2349/2108 2800/2508/2253 2646/2368/2124
f 2623/2323/2085 2635/2711/2441 2636/2341/2101
f 2600/2311/2073 2608/2712/2109 2604/2313/2075
f 2550/2261/2032 2554/2265/2036 2585/2294/2060
f 2537/2283/2049 2568/2281/2047 2536/2252/2023
f 2506/2219/1992 2516/2232/2005 2507/2223/1996
f 2475/2187/1960 2463/2186/1950 2476/2713/2442
f 1789/1598/1425 1795/2714/2443 1793/1607/1434
f 2420/2152/1929 2415/2145/1923 2430/2144/1922
f 2428/2156/1933 2411/2129/1908 2417/2134/1913
f 2360/2083/1866 2362/2102/1884 2359/2100/1882
f 2393/2112/1892 2395/2114/1894 2392/2111/1891
f 2346/2070/1855 2345/2088/1871 2315/2055/1841
f 2352/2715/2444 2317/2716/2445 2291/2717/2446
f 2272/2718/1813 2252/2024/1810 2302/2719/1830
f 2251/2008/1797 2256/2720/2447 2252/2024/1810
f 2233/1986/1778 2234/1987/1779 2247/2009/1796
f 2181/1941/1737 2202/1971/1765 2171/1942/1738
f 2179/1957/1752 2167/1939/1736 2177/2721/1733
f 1769/2722/1404 1774/1582/1410 1772/1581/1409
f 1749/1576/1405 1764/1570/1400 1771/1577/1406
f 2080/1857/1658 2052/1830/1632 2055/1833/1635
f 1907/1747/1556 1963/1746/1555 1967/1751/1559
f 1934/1739/1548 1951/1737/1546 1945/1731/1541
f 1897/1718/1531 1896/2723/2448 1929/1721/1534
f 1913/1703/1516 1880/2724/1517 1911/2725/2449
f 1912/1706/1519 1909/1712/1525 1914/2726/2450
f 1877/1678/1494 1853/2727/1479 1876/1692/1495
f 1839/1638/1457 1864/1686/1502 1838/1636/1455
f 1843/1668/1484 1333/1182/1065 1831/1669/1485
f 1298/1137/1028 1289/1127/1019 1304/1139/1030
f 1767/1574/1403 1752/1583/1411 1751/1572/1401
f 1668/1470/1319 1637/1462/1312 1696/1499/1342
f 1679/1490/1334 1601/1411/1268 1657/1486/1330
f 1611/1423/1280 1633/1453/1293 1632/1451/1302
f 1584/1398/1256 1611/1423/1280 1632/1451/1302
f 692/638/573 689/620/556 708/1340/1202
f 655/589/529 1501/1338/1200 685/615/552
f 1508/1324/1188 1507/1323/1187 1500/1312/1178
f 1460/1309/1175 1435/1311/1177 1457/2728/1142
f 1479/1301/1168 1452/2729/2451 1454/1264/1138
f 1450/1269/1143 1448/1276/1145 1447/1296/1163
f 1391/2730/1102 1401/2731/1115 1406/1233/1113
f 320/284/255 1361/1192/1075 1360/1196/1079
f 1359/1191/1074 1354/1193/1076 1355/1187/1070
f 1345/1177/1061 1342/1176/1060 1328/1161/1047
f 1326/1174/1059 1329/1162/1048 1328/1161/1047
f 1022/897/804 1019/894/801 1020/893/800
f 1230/1085/978 1246/1107/999 1301/1138/1029
f 1195/1051/947 1214/2732/2452 1220/1074/968
f 1212/1066/961 1237/1091/984 1211/1065/960
f 1205/1062/957 1223/2733/2453 1227/1075/969
f 1189/1042/939 1177/1053/948 1174/1043/940
f 1148/1036/933 1186/1039/936 1159/1025/922
f 1153/1027/924 1143/1023/920 1146/2734/2454
f 1133/1003/900 774/682/612 830/1007/904
f 1115/971/875 1100/955/862 1083/972/876
f 1088/2735/2455 1122/980/883 1117/977/881
f 1101/995/865 982/859/770 979/858/769
f 1068/1001/898 1093/986/889 1074/1000/897
f 1068/1001/898 1067/941/848 1052/925/832
f 1077/982/885 1061/934/841 1049/933/840
f 645/577/519 1040/914/821 643/574/516
f 1025/2736/2456 1027/900/807 525/473/429
f 897/2737/2457 902/790/706 895/792/708
f 876/781/697 873/768/686 886/782/698
f 834/751/671 832/730/654 827/731/649
f 835/739/661 844/761/679 843/737/659
f 772/680/610 731/677/600 752/685/599
f 737/2738/616 744/660/592 716/2739/2458
f 713/641/576 737/2738/616 716/2739/2458
f 706/2740/569 703/648/570 723/647/582
f 745/661/593 722/645/580 718/643/578
f 718/643/578 696/630/565 717/2741/2459
f 644/576/518 646/578/520 645/577/519
f 610/590/530 658/591/528 624/593/532
f 657/1314/1180 655/589/529 656/586/527
f 468/420/376 573/512/466 572/509/463
f 530/480/436 534/479/435 535/2742/438
f 499/446/402 490/445/401 496/447/403
f 423/383/343 452/409/367 392/384/344
f 420/381/341 418/2743/2460 449/407/365
f 392/384/344 325/346/314 423/383/343
f 389/344/312 387/374/331 412/366/332
f 408/370/335 348/373/337 377/336/305
f 380/2744/336 349/313/283 348/373/337
f 376/333/302 345/469/425 342/331/300
f 334/301/271 341/334/303 310/302/272
f 240/216/197 279/292/263 280/248/224
f 280/248/224 251/228/206 244/221/200
f 16/10/10 222/2745/2461 257/231/209
f 189/161/149 209/186/172 188/162/150
f 188/162/150 168/138/129 189/161/149
f 4/15/14 146/121/113 151/152/140
f 121/2746/2462 150/123/115 120/99/91
f 122/2747/2463 90/98/90 2/2/2
f 118/95/88 114/91/84 112/92/85
f 82/67/62 88/2748/63 68/52/48
f 77/64/59 80/89/82 50/38/36
f 43/32/30 45/34/32 44/30/28
f 39/33/31 40/35/33 41/41/38
f 93/2749/2464 95/103/95 73/2750/2465
f 74/61/57 100/109/101 106/85/78
f 242/217/198 249/229/207 247/224/203
f 262/267/240 263/247/223 260/260/234
f 312/276/247 307/275/246 337/305/275
f 342/331/300 339/310/280 310/302/272
f 339/310/280 345/469/425 340/309/279
f 434/397/356 444/403/362 406/362/328
f 435/398/357 444/403/362 447/487/444
f 556/522/474 558/555/502 554/2751/451
f 581/546/493 606/544/491 604/545/492
f 610/590/530 624/593/532 580/521/473
f 694/626/561 673/2752/2466 676/602/541
f 698/627/562 680/609/547 718/643/578
f 721/644/579 701/632/567 698/627/562
f 719/651/585 725/650/584 723/647/582
f 761/673/605 793/701/627 754/672/604
f 799/707/632 778/688/615 736/656/588
f 814/716/641 808/2753/645 810/717/642
f 823/719/643 786/697/624 807/721/645
f 814/716/641 821/741/663 846/2754/2467
f 846/2754/2467 812/2755/2468 814/716/641
f 922/804/718 919/802/716 907/2756/1381
f 1045/919/826 1056/936/843 1046/920/827
f 1054/937/844 1045/919/826 1053/926/833
f 1069/942/849 1097/2757/892 1094/954/861
f 1176/2758/2469 1172/1041/938 1154/1034/931
f 1180/2759/2470 1174/1043/940 1163/2760/2471
f 1210/1064/959 1196/1056/951 1215/1099/991
f 1257/2761/1020 1247/1097/990 1219/1096/989
f 1290/1610/1037 1314/1631/1453 1313/1151/1038
f 1332/1167/1052 1273/1160/1046 1329/1162/1048
f 1348/1183/1066 1347/1179/1062 1332/1167/1052
f 1450/1269/1143 1439/1274/1131 1448/1276/1145
f 1439/1274/1131 1450/1269/1143 1441/1272/1132
f 1462/1305/1172 621/582/524 618/551/498
f 1493/1304/1171 1497/1307/1174 1517/2762/1192
f 1471/1286/1153 1461/2763/2472 1469/1282/1149
f 1485/1326/1166 1481/2764/1162 1479/1301/1168
f 1518/1329/1192 1519/1328/1191 1495/1336/1198
f 1507/1323/1187 1516/1332/1192 1496/2765/2473
f 1609/1420/1277 1605/1421/1278 1610/1422/1279
f 1610/1422/1279 1584/1398/1256 1632/1451/1302
f 1647/1452/1303 1624/2766/2474 1610/1422/1279
f 1722/1522/1359 1787/1597/1424 1747/1552/1385
f 1704/1533/1366 1732/1538/1371 1707/1506/1348
f 1819/2767/2475 1304/1139/1030 1803/2768/2476
f 1803/2768/2476 1304/1139/1030 1310/2769/1451
f 1312/1147/1035 1314/1631/1453 1809/2770/2477
f 1337/1637/1456 1275/1634/1012 1277/2771/1011
f 1847/1652/1470 1870/1675/1491 1862/1683/1499
f 1858/1663/1480 1881/1704/1517 1861/1664/1481
f 1880/2724/1517 1883/1702/1515 1860/2772/1501
f 1922/2773/1527 1927/2774/2478 1889/2775/2479
f 1929/1721/1534 1896/2723/2448 1869/1673/1489
f 1932/1719/1532 1929/1721/1534 1931/2387/2141
f 2002/1792/1595 1986/1791/1594 1985/1790/1593
f 2007/1796/1599 1977/1765/1573 1998/1798/1601
f 2045/1852/1653 2053/1853/1654 2057/2706/1636
f 2028/1817/1620 2044/1827/1630 2030/1826/1629
f 2027/2776/1620 2074/1849/1650 2043/2777/2480
f 2117/2778/2481 2098/1870/1670 2106/1891/1690
f 2112/1886/1684 2114/2779/1683 2118/1888/1687
f 2284/2780/2482 2292/2781/2446 2283/2032/1818
f 2319/2782/2445 2290/2033/1819 2283/2032/1818
f 2318/2783/2483 2323/2059/1844 2289/2058/1819
f 2324/2784/2484 2352/2715/2444 2357/2078/1862
f 2373/2089/1872 2375/2094/1877 2357/2078/1862
f 2396/2115/1895 2365/2116/1896 2387/2103/1885
f 2511/2234/2007 2510/2243/2016 2502/2210/1983
f 2531/2245/2018 2529/2247/2017 2549/2260/2031
f 2611/2334/2094 2599/2785/2485 2601/2312/2074
f 2613/2331/2091 2604/2313/2075 2627/2786/2486
f 2652/2356/2113 2653/2370/2126 2651/2357/2114
f 2636/2341/2101 2660/2364/2120 2642/2345/2104
f 2682/2382/2487 2701/2405/2157 2698/2397/2488
f 2714/2415/2166 2712/2787/2168 2702/2405/2157
f 2746/2439/2188 2751/2447/2195 2742/2437/2186
f 2756/2454/2202 2760/2458/2206 2752/2452/2200
f 2614/2338/2098 2618/2321/2083 2588/2295/2061
f 2598/2308/2070 2581/2309/2071 2599/2785/2485
f 2531/2245/2018 2338/2270/1850 2335/2788/2020
f 1208/1082/975 1206/1083/976 1192/1063/958
f 471/423/379 430/393/352 431/392/351
f 315/278/249 270/243/219 269/240/216
f 2986/2789/2489 2974/2690/2424 2981/2692/2426
f 608/587/494 615/2790/500 619/2791/2490
f 615/2790/500 608/587/494 613/2792/2491
f 57/59/55 97/77/71 96/78/72
f 74/61/57 59/46/43 100/109/101
f 578/2793/470 582/2794/493 605/2795/492
f 821/741/663 814/716/641 803/714/639
f 1667/1469/1318 1663/2796/1314 1666/1468/1317
f 2577/2289/2055 2581/2309/2071 2598/2308/2070
f 2748/2440/2189 2751/2447/2195 2746/2439/2188
f 2724/2708/2439 2720/2797/2171 2714/2415/2166
f 2712/2787/2168 2707/2406/2158 2702/2405/2157
f 2697/2397/2150 2684/2396/2149 2683/2382/2136
f 2450/2705/2438 2673/2377/2131 2674/2378/2132
f 2622/2798/2085 2618/2321/2083 2634/2799/2492
f 2561/2275/2043 2557/2274/2042 2562/2296/2062
f 2379/2095/1878 2375/2094/1877 2373/2089/1872
f 2349/2086/1869 2342/2068/1853 2364/2084/1867
f 2320/2056/1842 2325/2800/2484 2321/2057/1843
f 2316/2072/1857 2292/2781/2446 2284/2780/2482
f 2290/2033/1819 2286/2801/1824 2288/2034/1820
f 2113/1883/1683 2098/1870/1670 2117/2778/2481
f 2081/1864/1664 2082/2450/2198 2085/2451/2199
f 2074/1849/1650 2072/1848/1644 2043/2777/2480
f 2074/1849/1650 2028/1817/1620 2038/1821/1624
f 2063/1841/1643 2025/1814/1617 2041/1825/1628
f 1940/1730/1540 1894/1697/1510 1897/1718/1531
f 1933/2394/2147 1932/1719/1532 1931/2387/2141
f 1921/1714/1527 1888/2802/2493 1890/1707/1520
f 1882/1682/1498 1881/1704/1517 1858/1663/1480
f 1825/1628/1450 1303/1627/1449 1312/1147/1035
f 1636/1454/1304 1635/1442/1294 1667/1469/1318
f 1582/2803/1270 1577/1402/1259 1580/1395/1253
f 1515/1347/1209 1504/1320/1184 1506/1321/1185
f 1461/2763/2472 1492/1306/1173 1469/1282/1149
f 1494/2804/1198 1490/2805/1181 1488/1302/1169
f 1463/1303/1170 1462/1305/1172 1493/1304/1171
f 1463/1303/1170 621/582/524 1462/1305/1172
f 1457/2728/1142 1435/1311/1177 1434/1250/1127
f 1389/1228/1108 1393/2806/1101 1406/1233/1113
f 1324/1175/1045 1340/1173/1058 1336/1172/1057
f 1347/1179/1062 1273/1160/1046 1332/1167/1052
f 1295/1136/1027 1255/1105/997 1288/1126/1018
f 1229/1084/977 1255/1105/997 1295/1136/1027
f 1244/2807/988 1266/1149/1036 1250/1101/993
f 1230/1085/978 1228/1106/998 1208/1082/975
f 1174/1043/940 1175/1054/949 1163/2760/2471
f 1178/1060/955 1172/1041/938 1176/2758/2469
f 1180/2759/2470 1173/1046/943 1174/1043/940
f 1126/1008/905 1122/980/883 1092/2808/2494
f 1065/940/847 1073/963/868 1085/952/859
f 1085/952/859 1073/963/868 1086/950/857
f 1096/956/863 1063/946/853 1070/947/854
f 1054/937/844 1056/936/843 1045/919/826
f 849/769/687 816/770/688 847/2809/2467
f 843/737/659 799/707/632 842/738/660
f 812/2755/2468 808/2753/645 814/716/641
f 744/660/592 737/2738/616 741/2810/617
f 737/2738/616 733/2811/589 739/2812/591
f 677/607/546 673/2752/2466 694/626/561
f 693/622/558 694/626/561 676/602/541
f 472/424/380 432/395/354 473/510/464
f 444/403/362 441/402/361 447/487/444
f 387/374/331 383/367/333 412/366/332
f 357/317/287 358/319/289 328/293/264
f 342/331/300 345/469/425 339/310/280
f 293/294/265 291/257/231 282/249/225
f 251/228/206 260/260/234 263/247/223
f 281/291/262 282/249/225 280/248/224
f 246/222/201 247/224/203 218/194/178
f 90/98/90 4/15/14 2/2/2
f 158/157/145 187/158/146 156/160/148
f 204/175/161 220/195/179 219/197/181
f 277/2813/2495 234/205/189 238/208/192
f 258/233/211 294/261/235 254/234/208
f 323/289/260 237/2814/192 273/2815/285
f 279/292/263 275/2816/2496 278/288/259
f 335/303/273 341/334/303 334/301/271
f 380/2744/336 322/286/257 349/313/283
f 343/308/278 371/327/296 369/329/298
f 624/593/532 662/595/534 625/554/501
f 664/2817/2497 689/620/556 666/619/555
f 724/649/583 702/633/568 701/632/567
f 737/2738/616 713/641/576 733/2811/589
f 744/660/592 717/2741/2459 716/2739/2458
f 746/663/595 750/666/598 726/664/596
f 789/700/626 788/699/625 792/703/629
f 822/723/647 824/748/668 795/727/651
f 863/763/681 844/761/679 835/739/661
f 861/757/677 865/2818/2498 863/763/681
f 869/2819/2499 864/779/681 871/767/685
f 903/2820/2500 908/801/715 893/787/703
f 1028/908/815 1027/900/807 1025/2736/2456
f 599/903/810 1031/905/812 1029/904/811
f 1031/905/812 1039/915/822 1038/913/820
f 1062/935/842 1070/947/854 1063/946/853
f 1059/930/837 1073/963/868 1065/940/847
f 1117/977/881 1084/960/859 1089/2821/2455
f 764/676/608 769/675/607 730/943/850
f 1147/1020/917 1152/1021/918 1168/1033/930
f 934/814/721 1285/1124/1016 935/813/725
f 1307/1145/1033 1302/1140/1031 1249/1146/1034
f 1317/1165/1051 1329/1162/1048 1326/1174/1059
f 1354/1193/1076 271/244/220 1355/1187/1070
f 1430/1248/1125 1435/1311/1177 1438/1310/1176
f 1517/2762/1192 1494/2804/1198 1493/1304/1171
f 1500/1312/1178 1507/1323/1187 1496/2765/2473
f 657/1314/1180 1501/1338/1200 655/589/529
f 1773/1580/1409 1766/1579/1408 1770/1575/1404
f 1309/1148/1033 1312/1147/1035 1303/1627/1449
f 1804/2822/2476 1823/1625/1447 1820/1624/1446
f 1821/1626/1448 1824/1650/1468 1822/1621/1445
f 1910/1710/1523 1909/1712/1525 1912/1706/1519
f 1883/1702/1515 1880/2724/1517 1913/1703/1516
f 1954/1738/1547 1951/1737/1546 1934/1739/1548
f 1905/1698/1511 1948/1750/1558 1947/1732/1542
f 1971/1755/1563 1980/1780/1574 1939/1728/1538
f 1971/1755/1563 1972/1756/1564 1985/1790/1593
f 2065/1846/1648 2042/1828/1628 2044/1827/1630
f 2025/1814/1617 2063/1841/1643 2026/1813/1616
f 2170/1927/1726 2167/1939/1736 2179/1957/1752
f 2180/1960/1754 2202/1971/1765 2181/1941/1737
f 2261/2029/1815 2280/2031/1817 2284/2780/2482
f 2345/2088/1871 2316/2072/1857 2315/2055/1841
f 2444/2159/1936 2411/2129/1908 2428/2156/1933
f 2461/2172/1948 1795/2714/2443 1789/1598/1425
f 2526/2284/2050 2537/2283/2049 2515/2239/2012
f 2582/2291/2057 2609/2315/2077 2616/2319/2081
f 1844/2380/2134 2677/2379/2133 2163/1920/1719
f 2082/2450/2198 2058/1835/1637 2056/1834/1636
f 2084/2823/2501 2057/2706/1636 2090/1863/1663
f 2754/2453/2201 2755/2460/2208 2095/1867/1667
f 2801/2523/2267 2827/2531/2274 2828/2534/2277
f 2849/2555/2296 2824/2541/2283 2831/2824/2502
f 2458/2170/1946 2881/2592/2332 2880/2586/2327
f 2875/2589/2325 2766/2588/2329 2877/2704/2323
f 2908/2624/2360 2901/2703/2437 2903/2608/2346
f 2930/2640/2374 2941/2650/2384 2915/2622/2358
f 2796/2500/2245 2871/2580/2321 2992/2702/2436
f 2950/2661/2395 2796/2500/2245 2992/2702/2436
f 2984/2825/2503 2991/2701/2435 2985/2698/2432
f 2986/2789/2489 2990/2700/2434 2974/2690/2424
f 2990/2700/2434 2986/2789/2489 2985/2698/2432
f 2990/2700/2434 2987/2695/2429 2973/2682/2416
f 2989/2699/2433 2988/2697/2431 2987/2695/2429
f 2988/2697/2431 2982/2693/2427 2970/2696/2430
f 2984/2825/2503 2985/2698/2432 2986/2789/2489
f 2970/2696/2430 2969/2679/2413 2983/2694/2428
f 2967/2678/2412 2970/2696/2430 2982/2693/2427
f 2981/2692/2426 2977/2691/2425 2978/2684/2418
f 2977/2691/2425 2975/2681/2415 2978/2684/2418
f 2971/2680/2414 2960/2669/2403 2975/2681/2415
f 2974/2690/2424 2973/2682/2416 2975/2681/2415
f 2971/2680/2414 2973/2682/2416 2969/2679/2413
f 2965/2677/2411 2964/2674/2408 2972/2689/2423
f 2952/2663/2397 2953/2665/2399 2960/2669/2403
f 2969/2679/2413 2952/2663/2397 2971/2680/2414
f 2970/2696/2430 2967/2678/2412 2969/2679/2413
f 2967/2678/2412 2951/2664/2398 2969/2679/2413
f 2966/2687/2421 2955/2666/2400 2967/2678/2412
f 2966/2687/2421 2967/2678/2412 2968/2688/2422
f 2966/2687/2421 2957/2672/2406 2955/2666/2400
f 2962/2673/2407 2958/2667/2401 2963/2675/2409
f 2961/2670/2404 2962/2673/2407 2964/2674/2408
f 2961/2670/2404 2944/2653/2387 2937/2648/2382
f 2943/2652/2386 2954/2668/2402 2953/2665/2399
f 2959/2676/2410 2958/2667/2401 2950/2661/2395
f 2955/2666/2400 2956/2671/2405 2946/2656/2390
f 2945/2654/2388 2935/2655/2389 2946/2656/2390
f 2954/2668/2402 2943/2652/2386 2944/2653/2387
f 2942/2649/2383 2941/2650/2384 2951/2664/2398
f 2796/2500/2245 2950/2661/2395 2940/2660/2394
f 2936/2645/2379 2933/2658/2392 2948/2659/2393
f 2945/2654/2388 2947/2657/2391 2934/2644/2378
f 2935/2655/2389 2921/2630/2366 2942/2649/2383
f 2937/2648/2382 2944/2653/2387 2938/2647/2381
f 2932/2642/2376 2927/2643/2377 2939/2651/2385
f 2943/2652/2386 2931/2641/2375 2932/2642/2376
f 2921/2630/2366 2928/2637/2371 2942/2649/2383
f 2939/2651/2385 2924/2634/2368 2938/2647/2381
f 2925/2636/2370 2793/2497/2242 2795/2501/2246
f 2918/2628/2364 2923/2646/2380 2922/2632/2367
f 2933/2658/2392 2936/2645/2379 2917/2627/2363
f 2930/2640/2374 2915/2622/2358 2916/2623/2359
f 2921/2630/2366 2935/2655/2389 2920/2629/2365
f 2909/2612/2350 2895/2610/2348 2907/2611/2349
f 2933/2658/2392 2917/2627/2363 2934/2644/2378
f 2912/2617/2353 2927/2643/2377 2926/2635/2369
f 2930/2640/2374 2916/2623/2359 2904/2619/2355
f 2921/2630/2366 2906/2638/2372 2928/2637/2371
f 2924/2634/2368 2927/2643/2377 2912/2617/2353
f 2905/2620/2356 2900/2607/2345 2914/2621/2357
f 2925/2636/2370 2913/2618/2354 2793/2497/2242
f 2913/2618/2354 2924/2634/2368 2789/2494/2239
f 2923/2646/2380 2918/2628/2364 2917/2627/2363
f 2896/2625/2361 2919/2626/2362 2138/2615/1704
f 2897/2633/2352 2919/2626/2362 2910/2631/2351
f 2906/2638/2372 2921/2630/2366 2907/2611/2349
f 2896/2625/2361 2917/2627/2363 2919/2626/2362
f 2917/2627/2363 2896/2625/2361 2909/2612/2350
f 2903/2608/2346 2904/2619/2355 2915/2622/2358
f 2792/2496/2241 2791/2495/2240 2793/2497/2242
f 2784/2488/2233 2792/2496/2241 2913/2618/2354
f 2900/2607/2345 2899/2606/2344 2789/2494/2239
f 2896/2625/2361 2138/2615/1704 2887/2605/2336
f 2140/1906/1705 2139/1905/1704 2911/2613/2351
f 2908/2624/2360 2906/2638/2372 2901/2703/2437
f 2906/2638/2372 2893/2600/2340 2901/2703/2437
f 2906/2638/2372 2907/2611/2349 2893/2600/2340
f 2905/2620/2356 2904/2619/2355 2891/2599/2339
f 2904/2619/2355 2889/2597/2337 2891/2599/2339
f 2902/2609/2347 2892/2601/2341 2885/2591/2331
f 2901/2703/2437 2892/2601/2341 2903/2608/2346
f 2785/2490/2235 2788/2493/2238 2786/2489/2234
f 2786/2489/2234 2899/2606/2344 2782/2487/2232
f 2776/2479/2224 2890/2598/2338 2881/2592/2332
f 2896/2625/2361 2887/2605/2336 2894/2602/2342
f 2877/2704/2323 2886/2604/2343 2873/2603/2335
f 2895/2610/2348 2894/2602/2342 2883/2590/2330
f 2884/2593/2333 2894/2602/2342 2886/2604/2343
f 2883/2590/2330 2885/2591/2331 2892/2601/2341
f 2131/2583/2324 2874/2595/2335 2130/1899/1698
f 2888/2596/2336 2137/2594/2334 2130/1899/1698
f 2886/2604/2343 2766/2588/2329 2884/2593/2333
f 2883/2590/2330 2879/2585/2326 2881/2592/2332
f 2883/2590/2330 2884/2593/2333 2882/2587/2328
f 2458/2170/1946 2776/2479/2224 2881/2592/2332
f 2881/2592/2332 2879/2585/2326 2880/2586/2327
f 2879/2585/2326 2872/2581/2322 2880/2586/2327
f 2769/2467/2215 2770/2473/2218 2879/2585/2326
f 2763/2461/2209 2771/2475/2220 2131/2583/2324
f 2876/2584/2325 2771/2475/2220 2768/2470/2216
f 2874/2595/2335 2131/2583/2324 2878/2582/2323
f 2860/2567/2308 2867/2574/2315 2869/2578/2319
f 2866/2577/2318 2862/2572/2313 2864/2571/2312
f 2865/2575/2316 2867/2574/2315 2861/2573/2314
f 2860/2567/2308 2859/2564/2305 2867/2574/2315
f 2865/2575/2316 2862/2572/2313 2866/2577/2318
f 2853/2826/2504 2860/2567/2308 2790/2499/2244
f 2858/2569/2310 2862/2572/2313 2855/2566/2307
f 2863/2568/2309 2864/2571/2312 2858/2569/2310
f 2857/2570/2311 2858/2569/2310 2856/2563/2304
f 2860/2567/2308 2853/2826/2504 2845/2552/2293
f 2790/2499/2244 2787/2492/2237 2853/2826/2504
f 2853/2826/2504 2787/2492/2237 2844/2558/2299
f 2845/2552/2293 2854/2565/2306 2859/2564/2305
f 2852/2557/2298 2841/2549/2290 2858/2569/2310
f 2855/2566/2307 2852/2557/2298 2858/2569/2310
f 2855/2566/2307 2843/2559/2300 2852/2557/2298
f 2850/2561/2302 2857/2570/2311 2856/2563/2304
f 2856/2563/2304 2849/2555/2296 2848/2556/2297
f 2853/2826/2504 2844/2558/2299 2845/2552/2293
f 2855/2566/2307 2854/2565/2306 2843/2559/2300
f 2843/2559/2300 2854/2565/2306 2845/2552/2293
f 2852/2557/2298 2843/2559/2300 2833/2550/2291
f 2840/2547/2288 2839/2546/2287 2848/2556/2297
f 2849/2555/2296 2831/2824/2502 2840/2547/2288
f 2848/2556/2297 2839/2546/2287 2847/2562/2303
f 2839/2546/2287 2846/2554/2295 2847/2562/2303
f 2838/2548/2289 2846/2554/2295 2829/2535/2278
f 2845/2552/2293 2834/2544/2285 2836/2553/2294
f 2844/2558/2299 2781/2486/2231 2834/2544/2285
f 2843/2559/2300 2842/2551/2292 2833/2550/2291
f 2832/2538/2281 2833/2550/2291 2842/2551/2292
f 2837/2545/2286 2838/2548/2289 2815/2524/2268
f 2839/2546/2287 2830/2536/2279 2829/2535/2278
f 2840/2547/2288 2831/2824/2502 2830/2536/2279
f 2831/2824/2502 2817/2537/2280 2830/2536/2279
f 2815/2524/2268 2828/2534/2277 2837/2545/2286
f 2772/2484/2229 2781/2486/2231 2779/2483/2228
f 2781/2486/2231 2780/2485/2230 2825/2530/2273
f 2836/2553/2294 2834/2544/2285 2835/2543/2284
f 2832/2538/2281 2824/2541/2283 2833/2550/2291
f 2825/2530/2273 2819/2539/2269 2832/2538/2281
f 2831/2824/2502 2824/2541/2283 2817/2537/2280
f 2820/2542/2282 2817/2537/2280 2824/2541/2283
f 2817/2537/2280 2814/2521/2265 2829/2535/2278
f 2820/2542/2282 2816/2526/2270 2817/2537/2280
f 2799/2507/2252 2813/2532/2275 2801/2523/2267
f 2811/2519/2263 2826/2533/2276 2812/2520/2264
f 2813/2532/2275 2812/2520/2264 2826/2533/2276
f 2825/2530/2273 2809/2516/2261 2808/2515/2260
f 2808/2515/2260 2809/2516/2261 2806/2514/2259
f 2818/2525/2269 2816/2526/2270 2820/2542/2282
f 2817/2537/2280 2804/2510/2255 2814/2521/2265
f 2816/2526/2270 2804/2510/2255 2817/2537/2280
f 2812/2520/2264 2813/2532/2275 2799/2507/2252
f 2797/2503/2248 2798/2505/2250 2811/2519/2263
f 2450/2705/2438 2806/2514/2259 2451/2165/1941
f 2807/2528/2260 2675/2518/2258 2810/2517/2262
f 2805/2512/2257 2669/2372/2127 2803/2511/2256
f 2451/2165/1941 2806/2514/2259 2780/2485/2230
f 2674/2378/2132 2676/2513/2258 2808/2515/2260
f 2676/2513/2258 2670/2374/2129 2672/2375/2130
f 2803/2511/2256 2669/2372/2127 2668/2373/2128
f 2803/2511/2256 2668/2373/2128 2802/2509/2254
f 2802/2509/2254 2659/2362/2118 2666/2522/2266
f 2645/2349/2108 2647/2348/2107 2648/2351/2110
f 2801/2523/2267 2800/2508/2253 2799/2507/2252
f 2797/2503/2248 2799/2507/2252 2645/2349/2108
f 2798/2505/2250 2665/2502/2247 2649/2506/2251
f 2790/2499/2244 2791/2495/2240 2787/2492/2237
f 2788/2493/2238 2785/2490/2235 2783/2491/2236
f 2779/2483/2228 2784/2488/2233 2783/2491/2236
f 2774/2478/2223 2775/2477/2222 2778/2482/2227
f 2785/2490/2235 2782/2487/2232 2778/2482/2227
f 2778/2482/2227 2779/2483/2228 2783/2491/2236
f 2451/2165/1941 2780/2485/2230 2772/2484/2229
f 2778/2482/2227 2455/2169/1945 2777/2480/2225
f 2453/2476/2221 2454/2166/1942 2775/2477/2222
f 2776/2479/2224 2458/2170/1946 2459/2171/1947
f 2774/2478/2223 2459/2171/1947 2453/2476/2221
f 2459/2171/1947 2448/2161/1938 2439/2153/1930
f 2773/2481/2226 2456/2168/1944 2452/2164/1940
f 2773/2481/2226 2452/2164/1940 2772/2484/2229
f 2772/2484/2229 2452/2164/1940 2451/2165/1941
f 2131/2583/2324 2130/1899/1698 2763/2461/2209
f 2121/1894/1693 2110/1882/1682 2763/2461/2209
f 2768/2470/2216 2771/2475/2220 2765/2465/2213
f 2764/2464/2212 2768/2470/2216 2761/2466/2214
f 2769/2467/2215 2445/2469/2210 2770/2473/2218
f 2766/2588/2329 2767/2468/2216 2769/2467/2215
f 2763/2461/2209 2759/2457/2205 2765/2465/2213
f 2764/2464/2212 2756/2454/2202 2757/2463/2211
f 2757/2463/2211 2407/2148/1926 2436/2146/1924
f 2764/2464/2212 2761/2466/2214 2756/2454/2202
f 2763/2461/2209 2762/2459/2207 2759/2457/2205
f 2762/2459/2207 2110/1882/1682 2096/1868/1668
f 2762/2459/2207 2095/1867/1667 2755/2460/2208
f 2761/2466/2214 2760/2458/2206 2756/2454/2202
f 2758/2455/2203 2760/2458/2206 2759/2457/2205
f 2755/2460/2208 2754/2453/2201 2759/2457/2205
f 2753/2456/2204 2750/2446/2194 2752/2452/2200
f 2757/2463/2211 2749/2443/2191 2407/2148/1926
f 2757/2463/2211 2756/2454/2202 2749/2443/2191
f 2095/1867/1667 2081/1864/1664 2085/2451/2199
f 2750/2446/2194 2754/2453/2201 2751/2447/2195
f 2741/2444/2192 2749/2443/2191 2750/2446/2194
f 2741/2444/2192 2750/2446/2194 2748/2440/2189
f 2753/2456/2204 2754/2453/2201 2750/2446/2194
f 2083/2448/2196 2089/2827/2505 2735/2433/2183
f 2740/2445/2193 2406/2126/1905 2749/2443/2191
f 2740/2445/2193 2739/2436/2185 2406/2126/1905
f 2035/1818/1621 2034/2426/2176 2738/2442/2181
f 2736/2828/2183 2090/1863/1663 2738/2442/2181
f 2735/2433/2183 2734/2432/2182 2733/2429/2179
f 2741/2444/2192 2748/2440/2189 2730/2435/2184
f 2730/2435/2184 2747/2441/2190 2727/2423/2173
f 2747/2441/2190 2729/2428/2178 2726/2427/2177
f 2747/2441/2190 2748/2440/2189 2729/2428/2178
f 2745/2707/2187 2735/2433/2183 2733/2429/2179
f 2731/2829/2180 2729/2428/2178 2744/2438/2187
f 2733/2429/2179 2732/2430/2180 2745/2707/2187
f 2740/2445/2193 2741/2444/2192 2730/2435/2184
f 2739/2436/2185 2730/2435/2184 2384/2101/1883
f 2384/2101/1883 2730/2435/2184 2330/2063/1848
f 2719/2419/2170 2728/2425/2175 2734/2432/2182
f 2033/2434/2176 2722/2709/2440 2719/2419/2170
f 2033/2434/2176 2734/2432/2182 2737/2431/2181
f 2724/2708/2439 2729/2428/2178 2731/2829/2180
f 2732/2430/2180 2728/2425/2175 2725/2424/2174
f 2730/2435/2184 2727/2423/2173 2331/2062/1847
f 2716/2414/2165 2726/2427/2177 2714/2415/2166
f 2020/1808/1611 2019/2410/2162 2723/2421/2172
f 2706/2404/2155 2711/2408/2160 2723/2421/2172
f 2728/2425/2175 2719/2419/2170 2718/2418/2169
f 2721/2420/2171 2725/2424/2174 2718/2418/2169
f 2331/2062/1847 2727/2423/2173 2717/2416/2167
f 2726/2427/2177 2716/2414/2165 2727/2423/2173
f 2716/2414/2165 2709/2407/2159 2717/2416/2167
f 2705/2403/2154 2722/2709/2440 2723/2421/2172
f 2722/2709/2440 2705/2403/2154 2719/2419/2170
f 2708/2411/2163 2713/2417/2168 2703/2399/2151
f 2717/2416/2167 2709/2407/2159 2300/2043/1829
f 2709/2407/2159 2716/2414/2165 2704/2413/2164
f 2702/2405/2157 2704/2413/2164 2714/2415/2166
f 1991/1807/1610 1988/1777/1584 2706/2404/2155
f 2692/2402/2146 2688/2388/2142 2710/2409/2161
f 2696/2401/2153 2705/2403/2154 1989/1776/1583
f 2703/2399/2151 2710/2409/2161 2688/2388/2142
f 2704/2413/2164 2206/1963/1757 2709/2407/2159
f 2685/2391/2143 2684/2396/2149 2689/2398/2144
f 2269/2023/1809 2206/1963/1757 2229/1998/1788
f 2702/2405/2157 2683/2382/2136 2681/2384/2138
f 2704/2413/2164 2702/2405/2157 2206/1963/1757
f 2206/1963/1757 2702/2405/2157 2681/2384/2138
f 2703/2399/2151 2690/2390/2144 2700/2412/2150
f 2691/2393/2146 2693/2830/2506 1956/1740/1549
f 1934/1739/1548 1933/2394/2147 1956/1740/1549
f 2685/2391/2143 1933/2394/2147 2684/2396/2149
f 2684/2396/2149 1933/2394/2147 2683/2382/2136
f 1931/2387/2141 2683/2382/2136 1933/2394/2147
f 1868/1690/1506 2678/2381/2135 2679/2386/2140
f 2679/2386/2140 2680/2383/2137 2683/2382/2136
f 2680/2383/2137 2191/1949/1744 2190/1950/1745
f 1898/2385/2139 1868/1690/1506 2679/2386/2140
f 1868/1690/1506 1844/2380/2134 2678/2381/2135
f 1845/1646/1464 1844/2380/2134 1868/1690/1506
f 2678/2381/2135 2163/1920/1719 2191/1949/1744
f 1802/1647/1465 1781/1918/1717 2677/2379/2133
f 1780/1592/1419 1781/1918/1717 1287/1591/1418
f 2675/2518/2258 2671/2376/2130 2669/2372/2127
f 2450/2705/2438 2449/2163/1939 2673/2377/2131
f 2670/2374/2129 2673/2377/2131 2664/2367/2123
f 2663/2366/2122 2662/2365/2121 2670/2374/2129
f 2658/2361/2117 2668/2373/2128 2669/2372/2127
f 2661/2371/2121 2654/2831/2119 2658/2361/2117
f 2654/2831/2119 2656/2360/2116 2658/2361/2117
f 2666/2522/2266 2659/2362/2118 2653/2370/2126
f 2633/2344/2103 2632/2336/2096 2651/2357/2114
f 2666/2522/2266 2653/2370/2126 2667/2369/2125
f 2653/2370/2126 2652/2356/2113 2646/2368/2124
f 2665/2502/2247 2648/2351/2110 2649/2506/2251
f 2664/2367/2123 2440/2155/1932 2663/2366/2122
f 2660/2364/2120 2662/2365/2121 2663/2366/2122
f 2642/2345/2104 2660/2364/2120 2643/2346/2105
f 2623/2323/2085 2636/2341/2101 2642/2345/2104
f 2659/2362/2118 2633/2344/2103 2651/2357/2114
f 2659/2362/2118 2658/2361/2117 2641/2343/2102
f 2655/2363/2119 2636/2341/2101 2657/2358/2115
f 2631/2832/2507 2651/2357/2114 2632/2336/2096
f 2616/2319/2081 2632/2336/2096 2617/2339/2099
f 2607/2350/2109 2630/2335/2095 2626/2833/2508
f 2630/2335/2095 2628/2332/2092 2626/2833/2508
f 2607/2350/2109 2626/2833/2508 2603/2834/2075
f 2651/2357/2114 2631/2832/2507 2630/2335/2095
f 2650/2504/2249 2649/2506/2251 2596/2306/2069
f 2596/2306/2069 2649/2506/2251 2625/2329/2089
f 2625/2329/2089 2649/2506/2251 2594/2353/2111
f 2649/2506/2251 2648/2351/2110 2594/2353/2111
f 2647/2348/2107 2605/2354/2112 2569/2352/2052
f 2645/2349/2108 2646/2368/2124 2607/2350/2109
f 2623/2323/2085 2642/2345/2104 2621/2324/2086
f 2639/2359/2100 2637/2337/2097 2641/2343/2102
f 2636/2341/2101 2635/2711/2441 2638/2342/2097
f 2614/2338/2098 2615/2318/2080 2617/2339/2099
f 2637/2337/2097 2634/2799/2492 2614/2338/2098
f 2618/2321/2083 2614/2338/2098 2634/2799/2492
f 2633/2344/2103 2617/2339/2099 2632/2336/2096
f 2616/2319/2081 2617/2339/2099 2615/2318/2080
f 2626/2833/2508 2628/2332/2092 2612/2835/2091
f 2631/2832/2507 2632/2336/2096 2630/2335/2095
f 2630/2335/2095 2609/2315/2077 2628/2332/2092
f 2625/2329/2089 2541/2355/2026 2573/2330/2090
f 2606/2836/2112 2600/2311/2073 2602/2314/2076
f 2593/2837/2067 2591/2327/2066 2624/2326/2087
f 2593/2837/2067 2624/2326/2087 2389/2107/1887
f 2424/2328/2088 2391/2108/1888 2389/2107/1887
f 2618/2321/2083 2620/2325/2086 2589/2298/2064
f 2588/2295/2061 2586/2297/2063 2614/2338/2098
f 2618/2321/2083 2589/2298/2064 2587/2320/2082
f 2615/2318/2080 2584/2292/2058 2582/2291/2057
f 2614/2338/2098 2586/2297/2063 2615/2318/2080
f 2613/2331/2091 2611/2334/2094 2601/2312/2074
f 2578/2316/2078 2597/2838/2509 2610/2317/2079
f 2598/2308/2070 2599/2785/2485 2611/2334/2094
f 2606/2836/2112 2602/2314/2076 2570/2286/2052
f 2566/2280/2046 2567/2282/2048 2602/2314/2076
f 2600/2311/2073 2606/2836/2112 2608/2712/2109
f 2601/2312/2074 2599/2785/2485 2581/2309/2071
f 2580/2310/2072 2600/2311/2073 2581/2309/2071
f 2577/2289/2055 2534/2259/2030 2581/2309/2071
f 2596/2306/2069 2573/2330/2090 2575/2307/2053
f 2574/2839/2090 2542/2255/2026 2543/2257/2028
f 2542/2255/2026 2595/2840/2111 2539/2285/2051
f 2570/2286/2052 2539/2285/2051 2595/2840/2111
f 2539/2285/2051 2540/2253/2024 2542/2255/2026
f 2564/2302/2068 2592/2301/2067 2388/2304/1887
f 2590/2300/2066 2564/2302/2068 2563/2278/2045
f 2588/2295/2061 2562/2296/2062 2586/2297/2063
f 2561/2275/2043 2587/2320/2082 2589/2298/2064
f 2587/2320/2082 2561/2275/2043 2588/2295/2061
f 2554/2265/2036 2553/2264/2035 2584/2292/2058
f 2586/2297/2063 2585/2294/2060 2584/2292/2058
f 2584/2292/2058 2553/2264/2035 2551/2263/2034
f 2546/2266/2037 2583/2293/2059 2552/2841/2034
f 2583/2293/2059 2546/2266/2037 2545/2258/2029
f 2580/2310/2072 2523/2236/2009 2566/2280/2046
f 2580/2310/2072 2534/2259/2030 2523/2236/2009
f 2572/2288/2054 2543/2257/2028 2544/2842/2510
f 2574/2839/2090 2543/2257/2028 2576/2287/2053
f 2540/2253/2024 2539/2285/2051 2538/2254/2025
f 2526/2284/2050 2539/2285/2051 2568/2281/2047
f 2536/2252/2023 2515/2239/2012 2537/2283/2049
f 2566/2280/2046 2536/2252/2023 2567/2282/2048
f 2536/2252/2023 2522/2235/2008 2535/2251/2022
f 2364/2084/1867 2341/2067/1852 2560/2277/2044
f 2560/2277/2044 2565/2299/2065 2364/2084/1867
f 2563/2278/2045 2564/2302/2068 2559/2279/2044
f 2561/2275/2043 2563/2278/2045 2555/2276/2040
f 2556/2271/2040 2560/2277/2044 2340/2272/2041
f 2562/2296/2062 2557/2274/2042 2550/2261/2032
f 2312/2051/1837 2533/2250/2021 2340/2272/2041
f 2550/2261/2032 2338/2270/1850 2531/2245/2018
f 2552/2841/2034 2548/2267/2033 2546/2266/2037
f 2528/2268/2038 2548/2267/2033 2530/2244/2017
f 2547/2262/2033 2549/2260/2031 2529/2247/2017
f 2528/2268/2038 2521/2233/2006 2545/2258/2029
f 2546/2266/2037 2528/2268/2038 2545/2258/2029
f 2528/2268/2038 2511/2234/2007 2521/2233/2006
f 2540/2253/2024 2527/2242/2015 2542/2255/2026
f 2538/2254/2025 2518/2241/2014 2527/2242/2015
f 2527/2242/2015 2519/2230/2003 2520/2256/2027
f 2538/2254/2025 2539/2285/2051 2526/2284/2050
f 2538/2254/2025 2526/2284/2050 2518/2241/2014
f 2525/2240/2013 2515/2239/2012 2536/2252/2023
f 2535/2251/2022 2495/2202/1975 2524/2237/2010
f 2535/2251/2022 2522/2235/2008 2495/2202/1975
f 2534/2259/2030 2514/2226/1999 2523/2236/2009
f 2521/2233/2006 2514/2226/1999 2534/2259/2030
f 2518/2241/2014 2526/2284/2050 2516/2232/2005
f 2533/2250/2021 2312/2051/1837 2337/2066/1851
f 2339/2065/1850 2307/2064/1849 2334/2248/2019
f 2333/2843/2511 2531/2245/2018 2335/2788/2020
f 2333/2843/2511 2306/2246/1831 2531/2245/2018
f 2509/2222/1995 2513/2224/1997 2511/2234/2007
f 2530/2244/2017 2510/2243/2016 2528/2268/2038
f 2528/2268/2038 2510/2243/2016 2511/2234/2007
f 2515/2239/2012 2516/2232/2005 2526/2284/2050
f 2496/2238/2011 2497/2204/1977 2507/2223/1996
f 2496/2238/2011 2524/2237/2010 2494/2203/1976
f 2522/2235/2008 2492/2199/1972 2493/2198/1971
f 2519/2230/2003 2508/2221/1994 2520/2256/2027
f 2519/2230/2003 2517/2231/2004 2501/2217/1990
f 2517/2231/2004 2518/2241/2014 2516/2232/2005
f 2506/2219/1992 2501/2217/1990 2516/2232/2005
f 2515/2239/2012 2496/2238/2011 2516/2232/2005
f 2279/2844/2512 2305/2227/2000 2308/2045/1831
f 2277/2229/2002 2504/2215/1988 2305/2227/2000
f 2270/2213/1986 2502/2210/1983 2503/2214/1987
f 2308/2045/1831 2305/2227/2000 2503/2214/1987
f 2513/2224/1997 2512/2225/1998 2492/2199/1972
f 2512/2225/1998 2509/2222/1995 2490/2211/1984
f 2502/2210/1983 2509/2222/1995 2511/2234/2007
f 2510/2243/2016 2503/2214/1987 2502/2210/1983
f 2497/2204/1977 2505/2218/1991 2507/2223/1996
f 2489/2207/1980 2500/2209/1982 2505/2218/1991
f 2489/2207/1980 2505/2218/1991 2497/2204/1977
f 2487/2208/1981 2489/2207/1980 2488/2205/1978
f 2504/2215/1988 2277/2229/2002 2253/2216/1989
f 2504/2215/1988 2257/2212/1985 2503/2214/1987
f 2245/2003/1793 2270/2213/1986 2244/2002/1792
f 2485/2201/1974 2488/2205/1978 2491/2200/1973
f 2486/2197/1970 2490/2211/1984 2502/2210/1983
f 2501/2217/1990 2500/2209/1982 2499/2220/1993
f 2499/2220/1993 2500/2209/1982 2498/2206/1979
f 2496/2238/2011 2494/2203/1976 2497/2204/1977
f 2493/2198/1971 2488/2205/1978 2494/2203/1976
f 2483/2193/1966 2482/2195/1968 2491/2200/1973
f 2212/1982/1774 2486/2197/1970 2245/2003/1793
f 2490/2211/1984 2483/2193/1966 2491/2200/1973
f 2485/2201/1974 2482/2195/1968 2480/2194/1967
f 2488/2205/1978 2485/2201/1974 2487/2208/1981
f 2481/2845/2513 2487/2208/1981 2485/2201/1974
f 2193/1952/1747 2174/1933/1730 2484/2196/1969
f 2486/2197/1970 2484/2196/1969 2483/2193/1966
f 2480/2194/1967 2481/2845/2513 2485/2201/1974
f 2482/2195/1968 2483/2193/1966 2478/2190/1963
f 2478/2190/1963 2477/2192/1965 2480/2194/1967
f 2476/2713/2442 2477/2192/1965 2474/2189/1962
f 2476/2713/2442 2474/2189/1962 2475/2187/1960
f 2475/2187/1960 2474/2189/1962 2472/2184/1959
f 2474/2189/1962 2479/2191/1964 2471/2182/1957
f 2469/2179/1955 2468/2178/1954 2471/2182/1957
f 2471/2182/1957 2174/1933/1730 2469/2179/1955
f 2469/2179/1955 2174/1933/1730 2465/2188/1961
f 2174/1933/1730 1799/1603/1430 2166/2175/1951
f 1800/1605/1432 2465/2188/1961 2166/2175/1951
f 2471/2182/1957 2470/2181/1956 2474/2189/1962
f 2473/2846/1959 2461/2172/1948 2464/2174/1950
f 2460/2185/1948 2470/2181/1956 1794/2183/1958
f 2467/2177/1953 1796/2180/1435 2468/2178/1954
f 2465/2188/1961 1800/1605/1432 2469/2179/1955
f 2466/2176/1952 1796/2180/1435 2467/2177/1953
f 2466/2176/1952 1800/1605/1432 1801/1604/1431
f 1800/1605/1432 2166/2175/1951 1798/1602/1429
f 1790/1600/1427 2462/2173/1949 2461/2172/1948
f 1789/1598/1425 1790/1600/1427 2461/2172/1948
f 2439/2153/1930 2430/2144/1922 2432/2167/1943
f 2458/2170/1946 2447/2474/2219 2448/2161/1938
f 2448/2161/1938 2447/2474/2219 2437/2162/1927
f 2442/2157/1934 2452/2164/1940 2456/2168/1944
f 2455/2169/1945 2454/2166/1942 2443/2160/1937
f 2443/2160/1937 2454/2166/1942 2431/2143/1921
f 2432/2167/1943 2453/2476/2221 2439/2153/1930
f 2451/2165/1941 2452/2164/1940 2441/2154/1931
f 2450/2705/2438 2451/2165/1941 2449/2163/1939
f 2447/2474/2219 2433/2471/1925 2437/2162/1927
f 2445/2469/2210 2435/2847/1924 2433/2471/1925
f 2431/2143/1921 2416/2142/1920 2444/2159/1936
f 2410/2128/1907 2411/2129/1908 2444/2159/1936
f 2427/2141/1919 2441/2154/1931 2429/2158/1935
f 2442/2157/1934 2425/2139/1917 2429/2158/1935
f 2443/2160/1937 2428/2156/1933 2442/2157/1934
f 2442/2157/1934 2428/2156/1933 2425/2139/1917
f 2434/2147/1925 2423/2138/1916 2438/2149/1927
f 2407/2148/1926 2423/2138/1916 2436/2146/1924
f 2432/2167/1943 2430/2144/1922 2431/2143/1921
f 2415/2145/1923 2420/2152/1929 2403/2135/1903
f 2425/2139/1917 2427/2141/1919 2429/2158/1935
f 2425/2139/1917 2417/2134/1913 2426/2140/1918
f 2417/2134/1913 2412/2130/1909 2413/2131/1910
f 2415/2145/1923 2398/2133/1912 2416/2142/1920
f 2413/2131/1910 2391/2108/1888 2425/2139/1917
f 2381/2120/1900 2422/2136/1914 2399/2118/1898
f 2381/2120/1900 2400/2119/1899 2422/2136/1914
f 2403/2135/1903 2420/2152/1929 2418/2151/1915
f 2415/2145/1923 2403/2135/1903 2405/2124/1904
f 2404/2123/1903 2419/2137/1915 2400/2119/1899
f 2414/2132/1911 2374/2091/1874 2410/2128/1907
f 2410/2128/1907 2416/2142/1920 2414/2132/1911
f 2398/2133/1912 2415/2145/1923 2405/2124/1904
f 2374/2091/1874 2414/2132/1911 2379/2095/1878
f 2412/2130/1909 2394/2113/1893 2387/2103/1885
f 2410/2128/1907 2392/2111/1891 2411/2129/1908
f 2387/2103/1885 2385/2105/1886 2391/2108/1888
f 2409/2127/1906 2390/2848/1887 2386/2106/1886
f 2359/2100/1882 2362/2102/1884 2399/2118/1898
f 2407/2148/1926 2406/2126/1905 2399/2118/1898
f 2382/2849/1901 2397/2117/1897 2401/2125/1902
f 2381/2120/1900 2399/2118/1898 2363/2097/1880
f 2379/2095/1878 2373/2089/1872 2374/2091/1874
f 2398/2133/1912 2397/2117/1897 2379/2095/1878
f 2382/2849/1901 2377/2096/1879 2397/2117/1897
f 2365/2116/1896 2396/2115/1895 2367/2110/1890
f 2393/2112/1892 2392/2111/1891 2367/2110/1890
f 2347/2109/1889 2392/2111/1891 2374/2091/1874
f 2383/2121/1901 2380/2098/1881 2295/2093/1876
f 2381/2120/1900 2363/2097/1880 2380/2098/1881
f 2363/2097/1880 2362/2102/1884 2328/2060/1845
f 2380/2098/1881 2363/2097/1880 2296/2039/1825
f 2378/2099/1879 2356/2076/1861 2376/2850/1877
f 2373/2089/1872 2353/2090/1873 2374/2091/1874
f 2371/2092/1875 2353/2090/1873 2344/2851/1871
f 2372/2087/1870 2345/2088/1871 2346/2070/1855
f 2357/2078/1862 2352/2715/2444 2353/2090/1873
f 2366/2852/2514 2343/2071/1856 2370/2085/1868
f 2348/2069/1854 2343/2071/1856 2366/2852/2514
f 2364/2084/1867 2370/2085/1868 2349/2086/1869
f 2366/2852/2514 2368/2853/1890 2348/2069/1854
f 2314/2054/1840 2343/2071/1856 2348/2069/1854
f 2362/2102/1884 2361/2082/1865 2328/2060/1845
f 2360/2083/1866 2359/2100/1882 2332/2081/1864
f 2332/2081/1864 2359/2100/1882 2330/2063/1848
f 2357/2078/1862 2326/2077/1860 2324/2784/2484
f 2322/2854/2515 2352/2715/2444 2324/2784/2484
f 2317/2716/2445 2352/2715/2444 2322/2854/2515
f 2350/2855/1859 2353/2090/1873 2352/2715/2444
f 2291/2717/2446 2350/2855/1859 2352/2715/2444
f 2316/2072/1857 2351/2074/1859 2292/2781/2446
f 2349/2086/1869 2343/2071/1856 2342/2068/1853
f 2314/2054/1840 2348/2069/1854 2315/2055/1841
f 2315/2055/1841 2316/2072/1857 2284/2780/2482
f 2343/2071/1856 2313/2053/1839 2342/2068/1853
f 2311/2050/1836 2340/2272/2041 2341/2067/1852
f 2312/2051/1837 2340/2272/2041 2311/2050/1836
f 2337/2066/1851 2304/2049/1835 2309/2048/1834
f 2298/2041/1827 2329/2061/1846 2332/2081/1864
f 2330/2063/1848 2298/2041/1827 2332/2081/1864
f 2297/2042/1828 2296/2039/1825 2329/2061/1846
f 2325/2800/2484 2327/2075/1860 2321/2057/1843
f 2320/2056/1842 2323/2059/1844 2325/2800/2484
f 2295/2093/1876 2293/2035/1821 2321/2057/1843
f 2319/2782/2445 2283/2032/1818 2292/2781/2446
f 2311/2050/1836 2281/2030/1816 2273/2026/1812
f 2315/2055/1841 2284/2780/2482 2282/2052/1838
f 2280/2031/1817 2281/2030/1816 2282/2052/1838
f 2280/2031/1817 2282/2052/1838 2284/2780/2482
f 2279/2844/2512 2308/2045/1831 2303/2044/1830
f 2301/2047/1833 2304/2049/1835 2276/2028/1814
f 2302/2719/1830 2252/2024/1810 2278/2856/2516
f 2279/2844/2512 2274/2228/2001 2305/2227/2000
f 2304/2049/1835 2273/2026/1812 2276/2028/1814
f 2301/2047/1833 2276/2028/1814 2271/2027/1813
f 2297/2042/1828 2243/2001/1791 2267/2022/1808
f 2206/1963/1757 2269/2023/1809 2300/2043/1829
f 2298/2041/1827 2269/2023/1809 2297/2042/1828
f 2297/2042/1828 2267/2022/1808 2296/2039/1825
f 2293/2035/1821 2295/2093/1876 2296/2039/1825
f 2264/2017/1804 2287/2037/1823 2263/2018/1805
f 2289/2058/1819 2294/2036/1822 2285/2038/1824
f 2283/2032/1818 2239/1994/1785 2262/2016/1803
f 2288/2034/1820 2265/2019/1804 2283/2032/1818
f 2261/2029/1815 2284/2780/2482 2283/2032/1818
f 2280/2031/1817 2261/2029/1815 2254/2010/1798
f 2258/2013/1800 2273/2026/1812 2254/2010/1798
f 2278/2856/2516 2252/2024/1810 2275/2857/2517
f 2256/2720/2447 2277/2229/2002 2275/2857/2517
f 2253/2216/1989 2277/2229/2002 2256/2720/2447
f 2252/2024/1810 2256/2720/2447 2275/2857/2517
f 2271/2027/1813 2255/2012/1799 2249/2858/2518
f 2272/2718/1813 2250/2025/1811 2252/2024/1810
f 2266/2021/1807 2268/2020/1806 2227/1975/1769
f 2268/2020/1806 2267/2022/1808 2242/2000/1790
f 2265/2019/1804 2224/1974/1768 2225/1973/1767
f 2263/2018/1805 2241/1995/1786 2223/1997/1787
f 2261/2029/1815 2262/2016/1803 2260/2015/1802
f 2247/2009/1796 2258/2013/1800 2254/2010/1798
f 2238/1991/1782 2254/2010/1798 2240/1993/1784
f 2246/2004/1794 2257/2212/1985 2253/2216/1989
f 2253/2216/1989 2256/2720/2447 2251/2008/1797
f 2249/2858/2518 2255/2012/1799 2236/2011/1780
f 2247/2009/1796 2238/1991/1782 2233/1986/1778
f 2253/2216/1989 2251/2008/1797 2246/2004/1794
f 2252/2024/1810 2237/1989/1780 2251/2008/1797
f 2246/2004/1794 2251/2008/1797 2230/2005/1795
f 2244/2002/1792 2230/2005/1795 2232/1984/1776
f 2229/1998/1788 2206/1963/1757 2189/1948/1743
f 2242/2000/1790 2228/1999/1789 2226/1976/1770
f 2227/1975/1769 2221/1996/1766 2241/1995/1786
f 2201/1969/1763 2217/1992/1783 2225/1973/1767
f 2225/1973/1767 2217/1992/1783 2239/1994/1785
f 2213/1966/1760 2238/1991/1782 2200/1959/1753
f 2194/1988/1750 2233/1986/1778 2207/1985/1777
f 2208/2859/1777 2216/2860/2519 2197/1954/1749
f 2230/2005/1795 2211/1981/1773 2232/1984/1776
f 2230/2005/1795 2209/1964/1758 2210/1965/1759
f 2211/1981/1773 2230/2005/1795 2210/1965/1759
f 2203/1979/1755 2205/1978/1772 2187/1962/1756
f 2228/1999/1789 2205/1978/1772 2226/1976/1770
f 2221/1996/1766 2227/1975/1769 2219/1977/1771
f 2226/1976/1770 2203/1979/1755 2219/1977/1771
f 2224/1974/1768 2222/1972/1766 2218/1970/1764
f 2220/1980/1771 2182/1943/1739 2222/1972/1766
f 2171/1942/1738 2202/1971/1765 2182/1943/1739
f 2180/1960/1754 2217/1992/1783 2201/1969/1763
f 2217/1992/1783 2180/1960/1754 2200/1959/1753
f 2215/1968/1762 2213/1966/1760 2198/1958/1751
f 2212/1982/1774 2211/1981/1773 2193/1952/1747
f 2210/1965/1759 2193/1952/1747 2211/1981/1773
f 2195/1955/1750 2165/1953/1748 2209/1964/1758
f 2165/1953/1748 2145/1908/1707 2192/1951/1746
f 2208/2859/1777 2197/1954/1749 2195/1955/1750
f 2205/1978/1772 2189/1948/1743 2187/1962/1756
f 2172/1928/1727 2182/1943/1739 2188/1944/1740
f 2169/1926/1725 2181/1941/1737 2171/1942/1738
f 2201/1969/1763 2202/1971/1765 2180/1960/1754
f 2198/1958/1751 2179/1957/1752 2177/2721/1733
f 2176/1937/1734 2165/1953/1748 2195/1955/1750
f 2174/1933/1730 2192/1951/1746 2141/1922/1721
f 2164/1919/1718 2173/1931/1729 2190/1950/1745
f 2189/1948/1743 2190/1950/1745 2173/1931/1729
f 2158/2861/2520 2185/1946/1741 2173/1931/1729
f 2159/1916/1715 2156/1915/1714 2186/1945/1741
f 2184/2862/1742 2186/1945/1741 2188/1944/1740
f 2179/1957/1752 2181/1941/1737 2170/1927/1726
f 2180/1960/1754 2181/1941/1737 2179/1957/1752
f 2176/1937/1734 2175/1935/1732 2142/1938/1735
f 2168/1934/1731 2175/1935/1732 2178/1936/1733
f 1758/1587/1415 2161/2863/1720 1779/1932/1728
f 2158/2861/2520 2173/1931/1729 2160/1921/1720
f 2163/1920/1719 2162/1917/1716 1778/1930/1728
f 2171/1942/1738 2172/1928/1727 2157/1914/1713
f 2146/1940/1709 2170/1927/1726 2148/1924/1723
f 2157/1914/1713 2155/1913/1712 2169/1926/1725
f 1769/2722/1404 2152/1925/1724 2155/1913/1712
f 2165/1953/1748 2142/1938/1735 2145/1908/1707
f 2145/1908/1707 1745/1550/1383 2141/1922/1721
f 2144/1909/1708 2143/1907/1706 2142/1938/1735
f 1761/1568/1398 1781/1918/1717 1763/1589/1417
f 1759/1929/1397 2162/1917/1716 1761/1568/1398
f 2161/2863/1720 1758/1587/1415 2159/1916/1715
f 2156/1915/1714 2159/1916/1715 1777/1588/1416
f 2156/1915/1714 2154/1912/1711 1776/1585/1413
f 1777/1588/1416 1755/1586/1414 2154/1912/1711
f 1769/2722/1404 2155/1913/1712 1774/1582/1410
f 2153/2864/2521 1764/1570/1400 2151/1911/1710
f 2153/2864/2521 1770/1575/1404 1771/1577/1406
f 1771/1577/1406 1764/1570/1400 2153/2864/2521
f 1764/1570/1400 2144/1909/1708 2151/1911/1710
f 2147/1910/1709 2149/2865/1723 2151/1911/1710
f 2144/1909/1708 1764/1570/1400 1725/1556/1389
f 2145/1908/1707 2142/1938/1735 1744/1549/1382
f 2144/1909/1708 1725/1556/1389 2143/1907/1706
f 2142/1938/1735 2143/1907/1706 1744/1549/1382
f 1747/1552/1385 1799/1603/1430 1746/1553/1386
f 2141/1922/1721 1746/1553/1386 1799/1603/1430
f 2139/1905/1704 2135/1904/1703 2134/1903/1702
f 2137/2594/2334 2139/1905/1704 2134/1903/1702
f 2133/1902/1701 2129/1900/1699 2130/1899/1698
f 2135/1904/1703 2132/1901/1700 2134/1903/1702
f 2129/1900/1699 2132/1901/1700 2127/1897/1696
f 2127/1897/1696 2128/1898/1697 2122/1893/1692
f 2125/1895/1694 2123/2866/2522 2124/1892/1691
f 2123/2866/2522 2115/1885/1685 2124/1892/1691
f 2116/1887/1686 2119/1890/1689 2124/1892/1691
f 2121/1894/1693 2120/1889/1688 2101/1880/1680
f 2119/1890/1689 2120/1889/1688 2122/1893/1692
f 2121/1894/1693 2101/1880/1680 2110/1882/1682
f 2101/1880/1680 2119/1890/1689 2100/1874/1674
f 2118/1888/1687 2119/1890/1689 2116/1887/1686
f 2118/1888/1687 2100/1874/1674 2119/1890/1689
f 2108/2867/1678 2117/2778/2481 2106/1891/1690
f 2111/1884/1684 2097/1873/1673 2087/1869/1669
f 2101/1880/1680 2094/1879/1679 2110/1882/1682
f 2107/2868/1690 2068/1860/1660 2109/1878/1678
f 2107/2868/1690 2105/1877/1677 2068/1860/1660
f 2106/1891/1690 2099/1871/1671 2103/1876/1676
f 2069/1859/1645 2104/2869/2523 2102/1875/1675
f 2099/1871/1671 2062/1839/1641 2102/1875/1675
f 2091/1866/1666 2101/1880/1680 2100/1874/1674
f 2088/1861/1661 2075/1856/1657 2080/1857/1658
f 2097/1873/1673 2079/1854/1655 2087/1869/1669
f 2098/1870/1670 2040/1824/1627 2099/1871/1671
f 2096/1868/1668 2092/1865/1665 2081/1864/1664
f 2054/1832/1634 2082/2450/2198 2081/1864/1664
f 2055/1833/1635 2054/1832/1634 2081/1864/1664
f 2093/1881/1681 2092/1865/1665 2094/1879/1679
f 2093/1881/1681 2091/1866/1666 2092/1865/1665
f 2055/1833/1635 2091/1866/1666 2080/1857/1658
f 2079/1854/1655 2086/1872/1672 2060/1858/1659
f 2082/2450/2198 2054/1832/1634 2058/1835/1637
f 2054/1832/1634 2052/1830/1632 2050/1829/1631
f 2039/1823/1626 2040/1824/1627 2079/1854/1655
f 2074/1849/1650 2037/1820/1623 2036/1819/1622
f 2077/1862/1662 2036/1819/1622 2035/1818/1621
f 2036/1819/1622 2077/1862/1662 2076/1851/1652
f 2076/1851/1652 2053/1853/1654 2049/1850/1651
f 2036/1819/1622 2076/1851/1652 2074/1849/1650
f 2037/1820/1623 2074/1849/1650 2038/1821/1624
f 2075/1856/1657 2048/1847/1649 2052/1830/1632
f 2067/1844/1646 2064/2870/1648 2071/1842/1644
f 2068/1860/1660 2070/1843/1645 2071/1842/1644
f 2062/1839/1641 2026/1813/1616 2066/1840/1642
f 2021/1812/1615 2026/1813/1616 2062/1839/1641
f 2016/1801/1604 2039/1823/1626 2059/1836/1638
f 2014/1802/1605 2016/1801/1604 2059/1836/1638
f 2001/1788/1591 2059/1836/1638 2031/1837/1639
f 2060/1858/1659 2061/1838/1640 2059/1836/1638
f 2057/2706/1636 2051/2871/1631 2045/1852/1653
f 2051/2871/1631 2047/2872/2524 2045/1852/1653
f 2045/1852/1653 2047/2872/2524 2049/1850/1651
f 2025/1814/1617 2026/1813/1616 2024/1811/1614
f 2012/1809/1612 2021/1812/1615 2039/1823/1626
f 2037/1820/1623 2006/1822/1625 2036/1819/1622
f 2037/1820/1623 2005/1806/1609 2006/1822/1625
f 2037/1820/1623 2018/1805/1608 2005/1806/1609
f 2018/1805/1608 2013/1800/1603 1997/1784/1589
f 1990/1795/1598 2020/1808/1611 2036/1819/1622
f 2034/2426/2176 2035/1818/1621 2020/1808/1611
f 2007/1796/1599 2032/1816/1619 2015/1803/1606
f 2001/1788/1591 2031/1837/1639 2017/1804/1607
f 2023/2873/2525 2028/1817/1620 2030/1826/1629
f 2028/1817/1620 2023/2873/2525 2013/1800/1603
f 2021/1812/1615 2012/1809/1612 2024/1811/1614
f 2008/1797/1600 2024/1811/1614 2012/1809/1612
f 2023/2873/2525 2009/2874/1600 2013/1800/1603
f 2013/1800/1603 2009/2874/1600 2011/1799/1602
f 2019/2410/2162 2020/1808/1611 1991/1807/1610
f 2006/1822/1625 2004/1793/1596 2003/1794/1597
f 1997/1784/1589 1986/1791/1594 2005/1806/1609
f 2017/1804/1607 1974/1757/1565 1983/1771/1579
f 2014/1802/1605 1992/1789/1592 2015/1803/1606
f 2014/1802/1605 2001/1788/1591 1992/1789/1592
f 1998/1798/1601 2008/1797/1600 2012/1809/1612
f 2011/1799/1602 2010/2875/1600 2000/1787/1590
f 1997/1784/1589 2000/1787/1590 1996/1783/1588
f 1999/1786/1590 2008/1797/1600 1995/1779/1586
f 2006/1822/1625 2003/1794/1597 1990/1795/1598
f 2005/1806/1609 1986/1791/1594 2004/1793/1596
f 2004/1793/1596 1975/1774/1582 2003/1794/1597
f 2002/1792/1595 1975/1774/1582 2004/1793/1596
f 1972/1756/1564 1975/1774/1582 2002/1792/1595
f 1997/1784/1589 1971/1755/1563 1986/1791/1594
f 1984/1772/1580 1969/1753/1561 2001/1788/1591
f 1980/1780/1574 1996/1783/1588 2000/1787/1590
f 1977/1765/1573 1995/1779/1586 1998/1798/1601
f 1996/1783/1588 1980/1780/1574 1971/1755/1563
f 1993/1785/1587 1995/1779/1586 1981/1769/1577
f 1992/1789/1592 1969/1753/1561 1977/1765/1573
f 1990/1795/1598 1988/1777/1584 1991/1807/1610
f 1989/1776/1583 1988/1777/1584 1952/1761/1569
f 1988/1777/1584 1987/1773/1581 1962/1762/1570
f 1944/1754/1562 1975/1774/1582 1972/1756/1564
f 1983/1771/1579 1974/1757/1565 1961/1742/1551
f 1961/1742/1551 1960/1744/1553 1966/1749/1557
f 1978/1767/1575 1935/1722/1535 1965/1768/1576
f 1978/1767/1575 1964/1763/1571 1935/1722/1535
f 1936/1748/1539 1965/1768/1576 1935/1722/1535
f 1968/1778/1585 1970/1752/1560 1977/1765/1573
f 1975/1774/1582 1944/1754/1562 1953/1759/1567
f 1882/1682/1498 1946/1733/1543 1917/1745/1554
f 1973/1758/1566 1958/1743/1552 1961/1742/1551
f 1899/1723/1536 1935/1722/1535 1874/1677/1493
f 1968/1778/1585 1969/1753/1561 1970/1752/1560
f 1907/1747/1556 1967/1751/1559 1906/1700/1513
f 1948/1750/1558 1967/1751/1559 1966/1749/1557
f 1946/1733/1543 1947/1732/1542 1960/1744/1553
f 1936/1748/1539 1935/1722/1535 1902/1694/1508
f 1936/1748/1539 1938/1770/1578 1965/1768/1576
f 1960/1744/1553 1916/1705/1518 1917/1745/1554
f 1960/1744/1553 1961/1742/1551 1959/1741/1550
f 1960/1744/1553 1959/1741/1550 1916/1705/1518
f 1958/1743/1552 1925/1711/1524 1959/1741/1550
f 1932/1719/1532 1934/1739/1548 1945/1731/1541
f 1950/1760/1568 1952/1761/1569 1953/1759/1567
f 1950/1760/1568 1944/1754/1562 1943/2876/1545
f 1943/2876/1545 1939/1728/1538 1941/1734/1540
f 1906/1700/1513 1948/1750/1558 1905/1698/1511
f 1882/1682/1498 1905/1698/1511 1946/1733/1543
f 1933/2394/2147 1934/1739/1548 1932/1719/1532
f 1932/1719/1532 1945/1731/1541 1930/1720/1533
f 1943/2876/1545 1944/1754/1562 1939/1728/1538
f 1929/1721/1534 1869/1673/1489 1931/2387/2141
f 1866/1671/1487 1928/1716/1529 1865/1672/1488
f 1927/2774/2478 1928/1716/1529 1915/1701/1514
f 1885/1717/1530 1928/1716/1529 1866/1671/1487
f 1928/1716/1529 1926/1715/1528 1891/1713/1526
f 1889/2775/2479 1927/2774/2478 1915/1701/1514
f 1865/1672/1488 1891/1713/1526 1890/1707/1520
f 1890/1707/1520 1888/2802/2493 1919/2877/2526
f 1908/2878/2527 1924/2879/1524 1920/2880/2526
f 1919/2877/2526 1923/1709/1522 1890/1707/1520
f 1915/1701/1514 1920/2880/2526 1889/2775/2479
f 1915/1701/1514 1913/1703/1516 1908/2878/2527
f 1920/2880/2526 1915/1701/1514 1908/2878/2527
f 1886/1687/1503 1887/1688/1504 1890/1707/1520
f 1882/1682/1498 1917/1745/1554 1916/1705/1518
f 1910/1710/1523 1912/1706/1519 1916/1705/1518
f 1885/1717/1530 1883/1702/1515 1915/1701/1514
f 1899/1723/1536 1874/1677/1493 1877/1678/1494
f 1849/1657/1475 1874/1677/1493 1871/1674/1490
f 1907/1747/1556 1906/1700/1513 1874/1677/1493
f 1862/1683/1499 1870/1675/1491 1882/1682/1498
f 1903/1724/1537 1902/1694/1508 1900/1691/1507
f 1899/1723/1536 1877/1678/1494 1902/1694/1508
f 1898/2385/2139 1869/1673/1489 1868/1690/1506
f 1897/1718/1531 1867/1689/1505 1896/2723/2448
f 1869/1673/1489 1896/2723/2448 1867/1689/1505
f 1866/1671/1487 1842/1643/1461 1843/1668/1484
f 1890/1707/1520 1887/1688/1504 1840/1641/1459
f 1839/1638/1457 1349/1640/1458 1840/1641/1459
f 1887/1688/1504 1886/1687/1503 1864/1686/1502
f 1886/1687/1503 1837/1670/1486 1838/1636/1455
f 1884/1684/1500 1883/1702/1515 1885/1717/1530
f 1860/2772/1501 1883/1702/1515 1884/1684/1500
f 1834/1649/1467 1846/1648/1466 1862/1683/1499
f 1862/1683/1499 1882/1682/1498 1863/1681/1497
f 1843/1668/1484 1832/1667/1483 1859/1685/1501
f 1877/1678/1494 1854/1658/1476 1853/2727/1479
f 1854/1658/1476 1873/1676/1492 1849/1657/1475
f 1871/1674/1490 1847/1652/1470 1848/1651/1469
f 1871/1674/1490 1872/1699/1512 1870/1675/1491
f 1841/1642/1460 1842/1643/1461 1865/1672/1488
f 1865/1672/1488 1840/1641/1459 1841/1642/1460
f 1838/1636/1455 1337/1637/1456 1339/1639/1056
f 1862/1683/1499 1863/1681/1497 1834/1649/1467
f 1858/1663/1480 1857/1665/1482 1834/1649/1467
f 1861/1664/1481 1833/2881/2528 1857/1665/1482
f 1856/2882/2529 1832/1667/1483 1320/1155/1041
f 1296/1134/1025 1856/2882/2529 1320/1155/1041
f 1813/1617/1441 1855/1659/1477 1815/1618/1442
f 1830/1653/1471 1828/2883/2530 1851/1654/1472
f 1807/1645/1463 1853/2727/1479 1854/1658/1476
f 1810/1655/1473 1807/1645/1463 1854/1658/1476
f 1853/2727/1479 1807/1645/1463 1851/1654/1472
f 1810/1655/1473 1848/1651/1469 1809/2770/2477
f 1848/1651/1469 1810/1655/1473 1849/1657/1475
f 1847/1652/1470 1824/1650/1468 1823/1625/1447
f 1848/1651/1469 1825/1628/1450 1809/2770/2477
f 1846/1648/1466 1824/1650/1468 1847/1652/1470
f 1846/1648/1466 1818/1622/1443 1822/1621/1445
f 1834/1649/1467 1297/1666/1025 1818/1622/1443
f 1282/1122/1014 1815/1618/1442 1811/1614/1439
f 1830/1653/1471 1807/1645/1463 1816/1644/1462
f 1812/1613/1439 1816/1644/1462 1808/1611/1437
f 1844/2380/2134 1845/1646/1464 1802/1647/1465
f 1842/1643/1461 1333/1182/1065 1843/1668/1484
f 1339/1639/1056 1341/2884/1058 1349/1640/1458
f 1837/1670/1486 1275/1634/1012 1838/1636/1455
f 1274/1168/1053 1335/1170/1055 1023/1169/1054
f 1320/1155/1041 1831/1669/1485 1333/1182/1065
f 1315/1152/1039 1319/1156/1042 1330/1164/1050
f 1832/1667/1483 1831/1669/1485 1320/1155/1041
f 1814/2885/1462 1826/1660/2531 1829/2886/2532
f 1810/1655/1473 1809/2770/2477 1806/1656/1474
f 1823/1625/1447 1804/2822/2476 1825/1628/1450
f 1809/2770/2477 1825/1628/1450 1312/1147/1035
f 1825/1628/1450 1804/2822/2476 1311/1629/1451
f 1823/1625/1447 1824/1650/1468 1821/1626/1448
f 1821/1626/1448 1822/1621/1445 1299/1620/1444
f 1819/2767/2475 1298/1137/1028 1304/1139/1030
f 1296/1134/1025 1295/1136/1027 1817/1619/1443
f 1802/1647/1465 1813/1617/1441 1282/1122/1014
f 1807/1645/1463 1806/1656/1474 1805/1609/1436
f 1809/2770/2477 1314/1631/1453 1806/1656/1474
f 1807/1645/1463 1805/1609/1436 1808/1611/1437
f 1314/1631/1453 1805/1609/1436 1806/1656/1474
f 1314/1631/1453 1290/1610/1037 1805/1609/1436
f 1282/1122/1014 1283/1123/1015 1802/1647/1465
f 1287/1591/1418 1802/1647/1465 1283/1123/1015
f 1792/1606/1433 1793/1607/1434 1801/1604/1431
f 1800/1605/1432 1791/1601/1428 1792/1606/1433
f 1795/2714/2443 1797/1608/1435 1793/1607/1434
f 1792/1606/1433 1786/1596/1423 1793/1607/1434
f 1786/1596/1423 1789/1598/1425 1793/1607/1434
f 1786/1596/1423 1792/1606/1433 1791/1601/1428
f 1791/1601/1428 1787/1597/1424 1786/1596/1423
f 1788/2887/2533 1784/1599/1426 1789/1598/1425
f 1789/1598/1425 1786/1596/1423 1788/2887/2533
f 1786/1596/1423 1785/1595/1422 1788/2887/2533
f 1784/1599/1426 1788/2887/2533 1785/1595/1422
f 1784/1599/1426 1785/1595/1422 1782/1593/1420
f 1783/1594/1421 1722/1522/1359 1720/1521/1358
f 1649/1458/1308 1652/1460/1310 1675/1479/1325
f 1763/1589/1417 1781/1918/1717 1780/1592/1419
f 1780/1592/1419 1284/1590/1016 1763/1589/1417
f 1737/1542/1375 1777/1588/1416 1758/1587/1415
f 1756/1563/1395 1755/1586/1414 1757/1562/1394
f 1750/1558/1390 1752/1583/1411 1754/1560/1392
f 1753/2888/2534 1768/1578/1407 1773/1580/1409
f 1766/1579/1408 1749/1576/1405 1770/1575/1404
f 1751/1572/1401 1748/2889/2535 1765/1573/1402
f 1764/1570/1400 1749/1576/1405 1729/1571/1387
f 1761/1568/1398 1763/1589/1417 933/808/721
f 933/808/721 924/810/723 1761/1568/1398
f 1760/1565/1397 1762/2890/1398 1740/1545/1378
f 1762/2890/1398 929/1567/720 1740/1545/1378
f 922/804/718 1741/2891/2536 928/1566/720
f 1758/1587/1415 1760/1565/1397 1738/1564/1396
f 909/1548/1381 1742/1547/1380 923/2892/718
f 1737/1542/1375 1718/1520/1357 1757/1562/1394
f 1756/1563/1395 1736/1561/1393 1755/1586/1414
f 1754/1560/1392 1755/1586/1414 1736/1561/1393
f 1754/1560/1392 1734/1539/1372 1750/1558/1390
f 1748/2889/2535 1751/1572/1401 1727/1534/1367
f 1751/1572/1401 1732/1538/1371 1727/1534/1367
f 1752/1583/1411 1750/1558/1390 1751/1572/1401
f 1751/1572/1401 1750/1558/1390 1732/1538/1371
f 1727/1534/1367 1728/1554/1387 1748/2889/2535
f 1729/1571/1387 1691/1557/1388 1725/1556/1389
f 1677/1529/1364 1726/1530/1365 1684/1527/1332
f 1723/1525/1362 1747/1552/1385 1743/1551/1384
f 1743/1551/1384 1746/1553/1386 1745/1550/1383
f 1745/1550/1383 1724/1526/1363 1678/1485/1329
f 1676/1482/1327 1724/1526/1363 1677/1529/1364
f 1723/1525/1362 1743/1551/1384 1719/1524/1361
f 909/1548/1381 904/2893/2537 1739/1546/1379
f 1738/1564/1396 1740/1545/1378 1717/1543/1376
f 1717/1543/1376 1739/1546/1379 906/1544/1377
f 1739/1546/1379 904/2893/2537 906/1544/1377
f 1715/2894/1353 905/2895/1377 893/787/703
f 1737/1542/1375 1738/1564/1396 1717/1543/1376
f 1736/1561/1393 1718/1520/1357 1735/1541/1374
f 1714/1517/1354 1718/1520/1357 1717/1543/1376
f 1713/1540/1373 1705/1515/1352 1730/1535/1368
f 1706/1536/1369 1700/1505/1347 1733/1537/1370
f 1732/1538/1371 1709/1510/1349 1707/1506/1348
f 1731/1559/1391 1730/1535/1368 1706/1536/1369
f 1730/1535/1368 1672/1476/1323 1673/1478/1324
f 1692/1494/1337 1728/1554/1387 1727/1534/1367
f 1687/1495/1338 1692/1494/1337 1704/1533/1366
f 1725/1556/1389 1680/1531/1334 1726/1530/1365
f 1617/1528/1331 1654/1483/1328 1677/1529/1364
f 1656/1481/1311 1678/1485/1329 1724/1526/1363
f 1721/1523/1360 1649/1458/1308 1720/1521/1358
f 1649/1458/1308 1719/1524/1361 1678/1485/1329
f 1714/1517/1354 1712/1512/1351 1710/1511/1350
f 1717/1543/1376 1716/1516/1353 1714/1517/1354
f 890/1519/1356 1715/2894/1353 893/787/703
f 1711/1514/1351 890/1519/1356 885/1518/1355
f 891/2896/1356 1712/1512/1351 1716/1516/1353
f 1705/1515/1352 1713/1540/1373 1710/1511/1350
f 1670/1471/1320 1705/1515/1352 884/1513/694
f 872/778/695 867/775/693 1711/1514/1351
f 884/1513/694 882/1472/692 1670/1471/1320
f 1694/1503/1346 1701/1502/1345 1697/1508/1341
f 1704/1533/1366 1707/1506/1348 1702/1501/1344
f 1706/1536/1369 1673/1478/1324 1700/1505/1347
f 1661/1465/1315 1693/1496/1339 1673/1478/1324
f 1670/1471/1320 1672/1476/1323 1705/1515/1352
f 1672/1476/1323 1671/1475/1322 1673/1478/1324
f 1672/1476/1323 1669/1473/1321 1671/1475/1322
f 1687/1495/1338 1704/1533/1366 1702/1501/1344
f 1662/1464/1314 1698/1507/1341 1693/1496/1339
f 1658/1492/1336 1688/1500/1343 1637/1462/1312
f 1696/1499/1342 1664/2897/1314 1668/1470/1319
f 1700/1505/1347 1693/1496/1339 1698/1507/1341
f 1699/1498/1341 1664/2897/1314 1696/1499/1342
f 1688/1500/1343 1695/1497/1340 1696/1499/1342
f 1668/1470/1319 1664/2897/1314 1667/1469/1318
f 1690/2898/1388 1686/1491/1335 1679/1490/1334
f 1689/1555/1388 1692/1494/1337 1685/1493/1335
f 1686/1491/1335 1688/1500/1343 1658/1492/1336
f 1679/1490/1334 1658/1492/1336 1601/1411/1268
f 1572/1393/1251 1616/1487/1331 1657/1486/1330
f 1679/1490/1334 1657/1486/1330 1681/1489/1333
f 1677/1529/1364 1654/1483/1328 1676/1482/1327
f 1649/1458/1308 1651/1457/1307 1652/1460/1310
f 1648/1456/1306 1634/1441/1293 1636/1454/1304
f 1669/1473/1321 1641/1474/1299 1646/1448/1300
f 878/772/690 1642/1444/1296 880/2899/692
f 1641/1474/1299 1669/1473/1321 1643/2900/1296
f 882/1472/692 1643/2900/1296 1669/1473/1321
f 1635/1442/1294 1668/1470/1319 1667/1469/1318
f 1629/1438/1289 1665/2901/2538 1662/1464/1314
f 1601/1411/1268 1658/1492/1336 1637/1462/1312
f 1657/1486/1330 1601/1411/1268 1572/1393/1251
f 1593/1407/1264 1596/1408/1265 1600/1410/1267
f 1653/1484/1328 1600/1410/1267 1655/1461/1311
f 1650/1459/1309 1651/1457/1307 1615/1429/1284
f 1649/1458/1308 1613/1425/1281 1615/1429/1284
f 1623/2902/2539 1609/1420/1277 1610/1422/1279
f 1620/1433/1288 1644/1446/1298 1639/1445/1297
f 1638/1443/1295 1589/1415/1272 1639/1445/1297
f 837/734/656 1638/1443/1295 1642/1444/1296
f 1639/1445/1297 1640/1447/1299 1638/1443/1295
f 1591/1414/1271 1589/1415/1272 1638/1443/1295
f 1602/1412/1269 1637/1462/1312 1635/1442/1294
f 1635/1442/1294 1636/1454/1304 1634/1441/1293
f 1604/2903/2540 1602/1412/1269 1619/1439/1286
f 1609/1420/1277 1623/2902/2539 1626/1435/1290
f 1609/1420/1277 1626/1435/1290 1606/1417/1274
f 1620/1433/1288 1608/1419/1276 1606/1417/1274
f 1604/2903/2540 1587/1401/1258 1602/1412/1269
f 1615/1429/1284 1613/1425/1281 1595/1424/1266
f 1590/1404/1261 837/734/656 836/733/655
f 1584/1398/1256 1605/1421/1278 1581/1413/1270
f 1605/1421/1278 1606/1417/1274 1575/1416/1273
f 1589/1415/1272 1565/1405/1262 1588/1418/1275
f 1585/1400/1257 1586/2904/2541 1603/1430/1285
f 1573/1399/1252 1586/2904/2541 1585/1400/1257
f 1601/1411/1268 1587/1401/1258 1562/1391/1249
f 1593/1407/1264 1600/1410/1267 1569/1390/1248
f 1541/1363/1222 1568/1388/1246 1571/1392/1250
f 1572/1393/1251 1571/1392/1250 1600/1410/1267
f 1594/1409/1266 1567/1406/1263 1598/2905/1282
f 1593/1407/1264 1567/1406/1263 1594/1409/1266
f 1569/1390/1248 1570/1389/1247 1593/1407/1264
f 1570/1389/1247 1526/1362/1221 1556/1372/1230
f 836/733/655 777/1387/1245 1566/1386/1244
f 1590/1404/1261 1566/1386/1244 1555/1382/1240
f 1583/1397/1255 1592/1403/1260 1584/1398/1256
f 1575/1416/1273 1588/1418/1275 1564/1383/1241
f 1565/1405/1262 1564/1383/1241 1588/1418/1275
f 1580/1395/1253 1577/1402/1259 1550/1381/1239
f 1576/2906/1259 1564/1383/1241 1552/1384/1242
f 1590/1404/1261 1565/1405/1262 1591/1414/1271
f 1573/1399/1252 1583/1397/1255 1578/1396/1254
f 1576/2906/1259 1581/1413/1270 1575/1416/1273
f 1582/2803/1270 1580/1395/1253 1579/2907/2542
f 1579/2907/2542 1580/1395/1253 1574/1394/1252
f 1575/1416/1273 1564/1383/1241 1576/2906/1259
f 1561/1375/1233 1563/1377/1235 1559/1373/1231
f 1563/1377/1235 1561/1375/1233 1557/1378/1236
f 1574/1394/1252 1560/1374/1232 1563/1377/1235
f 1562/1391/1249 1558/1376/1234 1541/1363/1222
f 1541/1363/1222 1571/1392/1250 1562/1391/1249
f 1569/1390/1248 1568/1388/1246 1526/1362/1221
f 1541/1363/1222 1529/1345/1207 1568/1388/1246
f 776/1385/1243 710/639/574 1539/1359/1218
f 1554/1371/1229 1555/1382/1240 1566/1386/1244
f 1555/1382/1240 1551/1370/1228 1552/1384/1242
f 1555/1382/1240 1564/1383/1241 1565/1405/1262
f 1550/1381/1239 1545/1365/1224 1530/1348/1210
f 1549/1368/1227 1550/1381/1239 1553/1380/1238
f 1562/1391/1249 1563/1377/1235 1558/1376/1234
f 1561/1375/1233 1543/1367/1226 1557/1378/1236
f 1558/1376/1234 1543/1367/1226 1528/1349/1211
f 1554/1371/1229 1538/1360/1219 1536/1356/1215
f 1546/2908/1237 1552/1384/1242 1551/1370/1228
f 1532/1357/1216 1551/1370/1228 1536/1356/1215
f 1546/2908/1237 1551/1370/1228 1534/1369/1214
f 1550/1381/1239 1549/1368/1227 1545/1365/1224
f 1546/2908/1237 1534/1369/1214 1548/2909/1227
f 1530/1348/1210 1544/1366/1225 1514/1333/1195
f 1544/1366/1225 1545/1365/1224 1521/1334/1196
f 1476/1346/1208 1529/1345/1207 1528/1349/1211
f 1503/1342/1204 1525/1341/1203 1540/1361/1220
f 1538/1360/1219 688/618/554 1522/1337/1199
f 1520/1330/1193 1531/1352/1212 1533/1354/1213
f 1520/1330/1193 1533/1354/1213 1519/1328/1191
f 1476/1346/1208 1477/1292/1159 1503/1342/1204
f 1526/1362/1221 1529/1345/1207 1503/1342/1204
f 1528/1349/1211 1475/1293/1160 1476/1346/1208
f 685/615/552 1522/1337/1199 688/618/554
f 1485/1326/1166 1521/1334/1196 1509/1351/1188
f 1458/1273/1144 1484/1299/1166 1500/1312/1178
f 1512/1350/1194 1520/1330/1193 1518/1329/1192
f 1482/1297/1164 1504/1320/1184 1483/1298/1165
f 1504/1320/1184 1515/1347/1209 1513/1327/1190
f 1514/1333/1195 1485/1326/1166 1513/1327/1190
f 1505/1322/1186 1474/1289/1156 1475/1293/1160
f 1505/1322/1186 1506/1321/1185 1473/1288/1155
f 1482/1297/1164 1453/1287/1154 1504/1320/1184
f 1502/1343/1205 1503/1342/1204 1477/1292/1159
f 1445/1291/1158 1502/1343/1205 1477/1292/1159
f 1501/1338/1200 657/1314/1180 1498/1317/1182
f 1469/1282/1149 1492/1306/1173 1462/1305/1172
f 1419/1259/1133 1469/1282/1149 1443/1277/1146
f 1466/1278/1147 1443/1277/1146 1469/1282/1149
f 1489/1316/1181 657/1314/1180 652/1313/1179
f 623/1281/1148 1466/1278/1147 618/551/498
f 1469/1282/1149 618/551/498 1466/1278/1147
f 1500/1312/1178 1496/2765/2473 1459/1267/1141
f 1492/1306/1173 1461/2763/2472 1497/1307/1174
f 1499/1335/1197 1491/2910/1181 1495/1336/1198
f 1494/2804/1198 1488/1302/1169 1493/1304/1171
f 1458/1273/1144 1450/1269/1143 1480/1295/1162
f 1482/1297/1164 1454/1264/1138 1453/1287/1154
f 1478/2911/2543 1480/1295/1162 1451/1294/1161
f 1476/1346/1208 1475/1293/1160 1477/1292/1159
f 1475/1293/1160 1474/1289/1156 1445/1291/1158
f 1472/1319/1183 1473/1288/1155 1446/1263/1137
f 1384/1214/1097 1446/1263/1137 1453/1287/1154
f 1428/1260/1134 1467/1285/1152 1444/1261/1135
f 1469/1282/1149 1444/1261/1135 1471/1286/1153
f 1444/1261/1135 1419/1259/1133 1420/1239/1118
f 611/549/496 582/2794/493 583/519/471
f 1466/1278/1147 622/1279/1148 583/519/471
f 1438/1310/1176 1464/1283/1150 1428/1260/1134
f 1460/1309/1175 1464/1283/1150 1435/1311/1177
f 1455/1266/1140 1433/2912/2544 1450/1269/1143
f 1433/2912/2544 1431/1270/1124 1450/1269/1143
f 1458/1273/1144 1459/1267/1141 1455/1266/1140
f 1456/1268/1142 1433/2912/2544 1455/1266/1140
f 1454/1264/1138 1452/2729/2451 1449/1265/1139
f 1453/1287/1154 1454/1264/1138 1425/1244/1120
f 1448/1276/1145 1426/1275/1123 1423/2913/1120
f 1448/1276/1145 1451/1294/1161 1447/1296/1163
f 583/519/471 547/491/448 1443/1277/1146
f 1443/1277/1146 547/491/448 1419/1259/1133
f 1430/1248/1125 1438/1310/1176 1428/1260/1134
f 1420/1239/1118 1413/1258/1128 1428/1260/1134
f 1397/1255/1130 1442/1257/1132 1395/1225/1105
f 1427/1246/1123 1397/1255/1130 1387/1243/1121
f 1416/1252/2545 1436/1271/1129 1431/1270/1124
f 1435/1311/1177 1430/1248/1125 1434/1250/1127
f 1428/1260/1134 1413/1258/1128 1430/1248/1125
f 1392/1222/1102 1407/2914/1113 1394/1221/1101
f 1388/1223/1103 1387/1243/1121 1396/1224/1104
f 1387/1243/1121 1369/1203/1086 1377/1209/1092
f 1421/1290/1157 1422/1262/1136 1386/1219/1099
f 1419/1259/1133 1400/1230/1110 1420/1239/1118
f 1408/1240/1119 1420/1239/1118 1404/1232/1112
f 1419/1259/1133 548/490/447 1400/1230/1110
f 548/490/447 534/479/435 532/481/437
f 1414/2915/1128 1411/1237/1116 1418/1238/1117
f 1383/1212/1095 1411/1237/1116 1409/1234/1114
f 1383/1212/1095 1382/1213/1096 1411/1237/1116
f 1392/1222/1102 1379/1210/1093 1383/1212/1095
f 1401/2731/1115 1398/1226/1106 1406/1233/1113
f 1374/1205/1088 1394/1221/1101 1390/1220/1100
f 1401/2731/1115 1403/2916/2546 1398/1226/1106
f 548/490/447 532/481/437 1398/1226/1106
f 1397/1255/1130 1395/1225/1105 1396/1224/1104
f 1395/1225/1105 1382/1213/1096 1388/1223/1103
f 1365/1199/1082 1369/1203/1086 1388/1223/1103
f 1387/1243/1121 1388/1223/1103 1369/1203/1086
f 1371/1216/1087 1385/1218/1098 1386/1219/1099
f 1379/1210/1093 1367/1201/1084 1382/1213/1096
f 1367/1201/1084 1365/1199/1082 1382/1213/1096
f 1374/1205/1088 1368/1200/1083 1367/1201/1084
f 1370/1204/1087 1372/1208/1091 1369/1203/1086
f 1366/1202/1085 1365/1199/1082 1364/1198/1081
f 320/284/255 1360/1196/1079 1368/1200/1083
f 1360/1196/1079 1358/1195/1078 1364/1198/1081
f 1363/1197/1080 1358/1195/1078 1362/1194/1077
f 1360/1196/1079 1361/1192/1075 1359/1191/1074
f 1358/1195/1078 1359/1191/1074 1357/1189/1072
f 1357/1189/1072 1359/1191/1074 1355/1187/1070
f 1356/1190/1073 1358/1195/1078 1357/1189/1072
f 320/284/255 271/244/220 1354/1193/1076
f 1356/1190/1073 1355/1187/1070 1353/1188/1071
f 271/244/220 1352/1186/1069 1355/1187/1070
f 271/244/220 223/199/183 1352/1186/1069
f 1341/2884/1058 1344/1180/1063 1349/1640/1458
f 1347/1179/1062 1348/1183/1066 1344/1180/1063
f 1344/1180/1063 1341/2884/1058 1343/1178/1060
f 1346/1181/1064 1347/1179/1062 1343/1178/1060
f 1271/2917/2547 1324/1175/1045 1322/2918/2548
f 1322/2918/2548 1336/1172/1057 1278/2919/2549
f 1322/2918/2548 1324/1175/1045 1336/1172/1057
f 1333/1182/1065 1332/1167/1052 1330/1164/1050
f 1318/1153/1040 1327/1163/1049 1239/1112/1004
f 1318/1153/1040 1239/1112/1004 1235/1087/980
f 1321/1158/1044 1327/1163/1049 1325/1159/1045
f 1272/1157/1043 1323/2920/2548 1279/1119/1011
f 1321/1158/1044 1272/1157/1043 1240/1118/1010
f 1240/1118/1010 1272/1157/1043 1270/1117/1009
f 1279/1119/1011 1238/1090/983 1272/1157/1043
f 1253/1104/996 1319/1156/1042 1315/1152/1039
f 1235/1087/980 1268/2921/1005 1316/1154/1039
f 1314/1631/1453 1263/1630/1452 1313/1151/1038
f 1313/1151/1038 1264/1111/1003 1266/1149/1036
f 1263/1630/1452 1264/1111/1003 1313/1151/1038
f 1263/1630/1452 1312/1147/1035 1258/1109/1001
f 1310/2769/1451 1304/1139/1030 1302/1140/1031
f 1258/1109/1001 1309/1148/1033 1262/1110/1002
f 1249/1146/1034 1248/1129/1021 1305/1144/1032
f 1259/2922/1000 1261/1141/1002 1248/1129/1021
f 1249/1146/1034 1301/1138/1029 1246/1107/999
f 1248/1129/1021 1256/1128/1020 1259/2922/1000
f 1301/1138/1029 1302/1140/1031 1289/1127/1019
f 1302/1140/1031 1301/1138/1029 1249/1146/1034
f 1289/1127/1019 1295/1136/1027 1288/1126/1018
f 1229/1084/977 1295/1136/1027 1251/1102/994
f 1254/1135/1026 1252/1103/995 1295/1136/1027
f 1254/1135/1026 1253/1104/996 1252/1103/995
f 1294/1612/1438 1292/1130/1022 1281/1133/1024
f 1292/1130/1022 1290/1610/1037 1265/1131/1023
f 1249/1146/1034 1246/1107/999 1248/1129/1021
f 1287/1591/1418 1283/1123/1015 1286/1125/1017
f 1280/1616/1024 1241/1092/985 1282/1122/1014
f 913/798/712 935/813/725 1245/1121/1013
f 1242/1095/988 1241/1092/985 1280/1616/1024
f 1269/1116/1008 1274/1168/1053 1022/897/804
f 1270/1117/1009 1272/1157/1043 1238/1090/983
f 1212/1066/961 1239/1112/1004 1237/1091/984
f 1233/2923/2550 1268/2921/1005 1235/1087/980
f 1250/1101/993 1266/1149/1036 1221/1100/992
f 1258/1109/1001 1219/1096/989 1221/1100/992
f 1263/1630/1452 1258/1109/1001 1264/1111/1003
f 1257/2761/1020 1219/1096/989 1260/1108/1000
f 1228/1106/998 1230/1085/978 1255/1105/997
f 1202/1115/1007 1224/1080/974 1253/1104/996
f 1251/1102/994 1224/1080/974 1222/1077/971
f 1244/2807/988 1250/1101/993 1220/1074/968
f 1214/2732/2452 1244/2807/988 1220/1074/968
f 1246/1107/999 1231/1086/979 1217/1098/965
f 1247/1097/990 1218/1071/965 1171/1073/967
f 1215/1099/991 1231/1086/979 1210/1064/959
f 1245/1121/1013 1241/1092/985 930/1094/987
f 1239/1112/1004 1240/1118/1010 1237/1091/984
f 1236/1089/982 1211/1065/960 1238/1090/983
f 1162/1032/929 1150/1029/926 1211/1065/960
f 1200/1058/953 1201/1059/954 1203/1076/970
f 1233/2923/2550 1235/1087/980 1199/1068/953
f 1230/1085/978 1208/1082/975 1198/1057/952
f 1228/1106/998 1229/1084/977 1208/1082/975
f 1201/1059/954 1205/1062/957 1227/1075/969
f 1204/1078/972 1206/1083/976 1209/1079/973
f 1225/2924/2551 1203/1076/970 1227/1075/969
f 1220/1074/968 1221/1100/992 1171/1073/967
f 1171/1073/967 1216/1072/966 1197/2925/2552
f 1214/2732/2452 1195/1051/947 918/1069/963
f 918/1069/963 916/1070/964 915/2926/713
f 916/1070/964 1169/1050/946 899/2927/707
f 1194/1047/944 1184/1067/962 1212/1066/961
f 1193/1048/945 1211/1065/960 1144/1028/925
f 1181/1055/950 1198/1057/952 1188/1045/942
f 1192/1063/958 1179/1044/941 1188/1045/942
f 1191/1061/956 1207/2928/976 1205/1062/957
f 1192/1063/958 1206/1083/976 1190/2929/2553
f 1205/1062/957 1201/1059/954 1172/1041/938
f 1200/1058/953 1187/1040/937 1201/1059/954
f 1172/1041/938 1201/1059/954 1186/1039/936
f 1156/1026/923 1187/1040/937 1200/1058/953
f 1171/1073/967 1197/2925/2552 1167/2930/930
f 1164/2931/2554 1196/1056/951 1181/1055/950
f 1154/1034/931 1166/2932/2471 1176/2758/2469
f 1167/2930/930 1197/2925/2552 1165/2933/2471
f 916/1070/964 1195/1051/947 1169/1050/946
f 1020/893/800 1014/889/796 1162/1032/929
f 1182/2934/934 1184/1067/962 1194/1047/944
f 1194/1047/944 1157/1049/921 1182/2934/934
f 1193/1048/945 1144/1028/925 1160/1030/927
f 1173/1046/943 1181/1055/950 1188/1045/942
f 1192/1063/958 1189/1042/939 1179/1044/941
f 1179/1044/941 1174/1043/940 1173/1046/943
f 1159/1025/922 1186/1039/936 1156/1026/923
f 1158/1024/921 1143/1023/920 1153/1027/924
f 1146/2734/2454 1147/1020/917 1148/1036/933
f 1172/1041/938 1148/1036/933 1154/1034/931
f 1171/1073/967 1167/2930/930 1151/1052/918
f 1152/1021/918 854/752/672 877/784/700
f 900/791/707 1170/1035/932 895/792/708
f 1166/2932/2471 1154/1034/931 1168/1033/930
f 1013/887/794 1011/885/792 1162/1032/929
f 1149/1019/916 1155/1022/919 1160/1030/927
f 1159/1025/922 1153/1027/924 1148/1036/933
f 1153/1027/924 1146/2734/2454 1148/1036/933
f 832/730/654 854/752/672 1147/1020/917
f 1142/1015/912 1144/1028/925 1141/1013/910
f 1150/1029/926 1011/885/792 1140/1016/913
f 1143/1023/920 1149/1019/916 1134/1014/911
f 1147/1020/917 1146/2734/2454 1145/1018/915
f 1146/2734/2454 831/729/653 1145/1018/915
f 1146/2734/2454 1143/1023/920 1135/1012/909
f 831/729/653 1146/2734/2454 1135/1012/909
f 1144/1028/925 1140/1016/913 1141/1013/910
f 1011/885/792 1005/877/784 1139/1011/908
f 1143/1023/920 1134/1014/911 1135/1012/909
f 1134/1014/911 1142/1015/912 1110/1010/907
f 1138/1017/914 1126/1008/905 1141/1013/910
f 831/729/653 1135/1012/909 830/1007/904
f 1140/1016/913 1137/1009/906 1138/1017/914
f 1119/978/882 1137/1009/906 1131/996/893
f 987/861/771 1118/976/880 1132/997/894
f 1126/1008/905 1138/1017/914 1137/1009/906
f 1136/1006/903 1103/964/869 830/1007/904
f 1136/1006/903 1116/991/891 1111/1005/902
f 1135/1012/909 1116/991/891 1136/1006/903
f 796/705/631 830/1007/904 774/682/612
f 1133/1003/900 1104/966/870 774/682/612
f 1093/986/889 1123/1002/899 1074/1000/897
f 1091/953/860 1066/999/896 1120/998/895
f 982/859/770 1118/976/880 987/861/771
f 982/859/770 1087/961/867 1118/976/880
f 1094/954/861 1098/993/892 1100/955/862
f 1080/994/855 1083/972/876 1100/955/862
f 1108/988/873 1110/1010/907 1127/989/888
f 1126/1008/905 1092/2808/2494 1127/989/888
f 1078/983/886 1109/969/873 1130/984/887
f 1128/985/888 1077/982/885 1130/984/887
f 1068/1001/898 1077/982/885 1093/986/889
f 1117/977/881 1122/980/883 1119/978/882
f 1121/2935/2555 1124/979/883 1091/953/860
f 1117/977/881 1087/961/867 1084/960/859
f 1103/964/869 1111/1005/902 1106/967/871
f 1078/983/886 1063/946/853 1109/969/873
f 1108/988/873 1095/992/863 1110/1010/907
f 768/2936/607 766/683/606 1104/966/870
f 1091/953/860 1073/963/868 1066/999/896
f 1087/961/867 1101/995/865 1071/962/864
f 970/928/835 1072/957/864 981/959/866
f 1085/952/859 1072/957/864 970/928/835
f 980/2937/2556 981/959/866 1102/958/865
f 970/928/835 981/959/866 968/852/763
f 1094/954/861 1070/947/854 1069/942/849
f 1079/948/855 1097/2757/892 1069/942/849
f 1094/954/861 1096/956/863 1070/947/854
f 1068/1001/898 1061/934/841 1077/982/885
f 1065/940/847 1085/952/859 970/928/835
f 1082/975/879 1079/948/855 1081/949/856
f 1064/944/851 1079/948/855 1060/939/846
f 1077/982/885 1063/946/853 1078/983/886
f 1049/933/840 1063/946/853 1077/982/885
f 647/579/521 728/652/586 730/943/850
f 647/579/521 730/943/850 705/931/838
f 1067/941/848 1074/1000/897 1066/999/896
f 1059/930/837 1066/999/896 1073/963/868
f 1070/947/854 1056/936/843 1069/942/849
f 1069/942/849 1055/927/834 1057/938/845
f 1068/1001/898 1052/925/832 1061/934/841
f 1066/999/896 1044/918/825 1067/941/848
f 1061/934/841 1052/925/832 1042/923/830
f 1066/999/896 1059/930/837 1044/918/825
f 1065/940/847 970/928/835 1058/929/836
f 1062/935/842 1063/946/853 1050/932/839
f 1046/920/827 1056/936/843 1062/935/842
f 1037/912/819 1050/932/839 1042/923/830
f 705/931/838 1060/939/846 1048/922/829
f 949/843/754 1033/907/814 970/928/835
f 1048/922/829 1055/927/834 1047/921/828
f 1045/919/826 1038/913/820 1053/926/833
f 1053/926/833 1038/913/820 1047/921/828
f 1050/932/839 1037/912/819 1046/920/827
f 1034/909/816 1037/912/819 1042/923/830
f 1048/922/829 1039/915/822 645/577/519
f 1040/914/821 645/577/519 1039/915/822
f 1042/923/830 1041/916/823 1035/910/817
f 1035/910/817 1041/916/823 1032/906/813
f 645/577/519 643/574/516 644/576/518
f 1031/905/812 601/575/517 1039/915/822
f 1030/902/809 1037/912/819 1036/911/818
f 1036/911/818 1034/909/816 1028/908/815
f 1025/2736/2456 529/901/808 1028/908/815
f 1027/900/807 1034/909/816 1035/910/817
f 528/476/432 527/477/433 1027/900/807
f 940/821/732 942/838/749 1033/907/814
f 1032/906/813 1033/907/814 528/476/432
f 1031/905/812 1030/902/809 1029/904/811
f 1029/904/811 572/509/463 1026/899/806
f 572/509/463 1029/904/811 1030/902/809
f 501/451/407 526/474/430 528/476/432
f 1025/2736/2456 525/473/429 529/901/808
f 472/424/380 529/901/808 525/473/429
f 529/901/808 472/424/380 473/510/464
f 1022/897/804 1023/1169/1054 1024/898/805
f 1022/897/804 1021/896/803 1019/894/801
f 1019/894/801 1021/896/803 1018/895/802
f 1019/894/801 1015/888/795 1020/893/800
f 1018/895/802 1017/892/799 1015/888/795
f 1012/886/793 1015/888/795 1016/890/797
f 1012/886/793 1013/887/794 1015/888/795
f 1009/883/790 1010/884/791 1012/886/793
f 1007/891/798 991/880/787 1006/879/786
f 1010/884/791 1002/876/783 1004/875/782
f 1004/875/782 1003/878/785 1010/884/791
f 1002/876/783 1009/883/790 999/870/779
f 1008/882/789 1006/879/786 992/881/788
f 991/880/787 974/865/774 992/881/788
f 1001/874/781 1000/872/780 1003/878/785
f 985/862/768 1005/877/784 1000/872/780
f 1001/874/781 1003/878/785 1004/875/782
f 1002/876/783 999/870/779 1001/874/781
f 997/869/778 1000/872/780 1001/874/781
f 992/881/788 972/871/777 999/870/779
f 985/862/768 1000/872/780 995/873/776
f 997/869/778 993/2938/2557 995/873/776
f 986/857/768 996/867/776 969/854/765
f 998/2939/2558 973/868/777 994/866/775
f 992/881/788 974/865/774 972/871/777
f 974/865/774 991/880/787 990/863/772
f 983/855/766 971/849/760 975/851/762
f 975/851/762 989/2940/773 984/856/767
f 964/842/753 969/854/765 963/841/752
f 963/841/752 971/849/760 961/839/750
f 983/855/766 967/846/757 966/848/759
f 981/959/866 980/2937/2556 968/852/763
f 978/853/764 968/852/763 980/2937/2556
f 973/868/777 975/851/762 976/850/761
f 966/848/759 960/837/748 961/839/750
f 968/852/763 949/843/754 970/928/835
f 969/854/765 964/842/753 968/852/763
f 949/843/754 968/852/763 964/842/753
f 966/848/759 967/846/757 960/837/748
f 965/847/758 957/836/747 959/845/756
f 953/831/742 944/824/735 950/828/739
f 940/821/732 949/843/754 954/835/746
f 962/840/751 964/842/753 963/841/752
f 951/833/744 961/839/750 960/837/748
f 959/845/756 950/828/739 960/837/748
f 953/831/742 958/844/755 957/836/747
f 948/827/738 954/835/746 955/832/743
f 940/821/732 954/835/746 941/819/730
f 941/819/730 954/835/746 948/827/738
f 950/828/739 944/824/735 945/825/736
f 952/830/741 520/466/422 946/829/740
f 951/833/744 950/828/739 948/827/738
f 945/825/736 937/822/733 936/817/728
f 947/826/737 521/468/424 506/467/423
f 946/829/740 519/464/420 947/826/737
f 513/461/417 937/822/733 514/460/416
f 514/460/416 943/823/734 506/467/423
f 942/838/749 939/820/731 501/451/407
f 939/820/731 516/815/726 489/436/392
f 516/815/726 939/820/731 941/819/730
f 516/815/726 938/818/729 515/816/727
f 937/822/733 513/461/417 936/817/728
f 498/448/404 515/816/727 936/817/728
f 936/817/728 513/461/417 498/448/404
f 932/811/724 935/813/725 913/798/712
f 911/812/710 925/805/719 932/811/724
f 917/800/714 913/798/712 930/1094/987
f 920/806/717 925/805/719 911/812/710
f 921/803/717 912/794/710 910/793/709
f 893/787/703 919/802/716 910/793/709
f 921/803/717 910/793/709 919/802/716
f 899/2927/707 915/2926/713 916/1070/964
f 914/799/713 898/797/707 896/796/711
f 913/798/712 896/796/711 911/812/710
f 897/2737/2457 894/788/704 912/794/710
f 897/2737/2457 892/789/705 894/788/704
f 903/2820/2500 893/787/703 905/2895/1377
f 897/2737/2457 895/792/708 889/785/701
f 877/784/700 889/785/701 895/792/708
f 892/789/705 897/2737/2457 889/785/701
f 886/782/698 892/789/705 889/785/701
f 888/786/702 894/788/704 892/789/705
f 885/1518/1355 893/787/703 888/786/702
f 885/1518/1355 888/786/702 887/783/699
f 877/784/700 875/771/689 889/785/701
f 887/783/699 888/786/702 886/782/698
f 885/1518/1355 887/783/699 872/778/695
f 872/778/695 866/759/678 867/775/693
f 867/775/693 857/780/696 879/776/690
f 837/734/656 878/772/690 839/735/657
f 877/784/700 854/752/672 853/745/667
f 875/771/689 874/766/684 876/781/697
f 875/771/689 853/745/667 816/770/688
f 869/2819/2499 874/766/684 849/769/687
f 871/767/685 874/766/684 869/2819/2499
f 871/767/685 872/778/695 873/768/686
f 868/764/682 850/765/683 844/761/679
f 869/2819/2499 849/769/687 851/2941/2559
f 859/756/676 858/755/675 855/754/674
f 867/775/693 866/759/678 857/780/696
f 835/739/661 861/757/677 863/763/681
f 840/740/662 838/753/673 858/755/675
f 841/736/658 836/733/655 837/734/656
f 834/751/671 852/749/670 832/730/654
f 852/749/670 834/751/671 829/750/650
f 853/745/667 818/747/669 816/770/688
f 852/749/670 825/746/668 853/745/667
f 815/2942/688 812/2755/2468 846/2754/2467
f 845/742/664 850/765/683 848/743/665
f 850/765/683 845/742/664 805/711/636
f 845/742/664 803/714/639 806/744/666
f 805/711/636 845/742/664 806/744/666
f 846/2754/2467 821/741/663 848/743/665
f 836/733/655 842/738/660 800/708/633
f 800/708/633 842/738/660 799/707/632
f 805/711/636 799/707/632 843/737/659
f 840/740/662 835/739/661 842/738/660
f 801/709/634 777/1387/1245 836/733/655
f 832/730/654 796/705/631 827/731/649
f 796/705/631 798/704/630 827/731/649
f 831/729/653 796/705/631 832/730/654
f 830/1007/904 796/705/631 831/729/653
f 792/703/629 794/2943/2560 795/727/651
f 789/700/626 792/703/629 795/727/651
f 822/723/647 760/702/628 785/694/621
f 789/700/626 795/727/651 826/725/649
f 783/693/620 786/697/624 784/695/622
f 824/748/668 822/723/647 817/720/644
f 823/719/643 822/723/647 785/694/621
f 782/718/623 804/712/637 787/2944/2561
f 779/710/635 806/744/666 802/713/638
f 804/712/637 779/710/635 802/713/638
f 804/712/637 803/714/639 814/716/641
f 820/715/640 787/2944/2561 804/712/637
f 819/2945/2562 809/2946/642 786/697/624
f 816/770/688 818/747/669 813/2947/2468
f 807/721/645 786/697/624 809/2946/642
f 799/707/632 805/711/636 778/688/615
f 805/711/636 806/744/666 779/710/635
f 736/656/588 775/687/614 777/1387/1245
f 760/702/628 794/2943/2560 793/701/627
f 790/724/648 797/706/630 757/686/601
f 773/2948/610 798/704/630 771/681/611
f 760/702/628 795/727/651 794/2943/2560
f 790/724/648 757/686/601 789/700/626
f 783/693/620 784/695/622 751/665/597
f 779/710/635 748/691/618 743/658/590
f 781/2949/623 783/693/620 747/692/619
f 740/659/591 743/658/590 742/690/617
f 741/2810/617 747/692/619 744/660/592
f 778/688/615 779/710/635 743/658/590
f 778/688/615 743/658/590 735/655/587
f 776/1385/1243 777/1387/1245 775/687/614
f 710/639/574 775/687/614 709/637/572
f 770/2950/611 765/678/606 772/680/610
f 729/2951/850 723/647/582 763/684/613
f 750/666/598 761/673/605 759/671/603
f 760/702/628 761/673/605 750/666/598
f 759/671/603 720/646/581 726/664/596
f 754/672/604 753/667/599 725/650/584
f 725/650/584 753/667/599 723/647/582
f 746/663/595 726/664/596 722/645/580
f 747/692/619 749/662/594 744/660/592
f 746/663/595 745/661/593 744/660/592
f 717/2741/2459 744/660/592 718/643/578
f 733/2811/589 713/641/576 711/640/575
f 709/637/572 715/654/577 691/621/557
f 729/2951/850 706/2740/569 723/647/582
f 729/2951/850 727/2952/586 706/2740/569
f 724/649/583 725/650/584 702/633/568
f 723/647/582 702/633/568 719/651/585
f 698/627/562 722/645/580 721/644/579
f 722/645/580 698/627/562 718/643/578
f 720/646/581 701/632/567 721/644/579
f 701/632/567 702/633/568 684/631/566
f 696/630/565 718/643/578 700/629/564
f 696/630/565 716/2739/2458 717/2741/2459
f 696/630/565 713/641/576 716/2739/2458
f 696/630/565 697/625/560 713/641/576
f 695/623/559 713/641/576 697/625/560
f 714/642/577 711/640/575 695/623/559
f 709/637/572 691/621/557 692/638/573
f 704/635/570 646/578/520 683/636/571
f 647/579/521 646/578/520 704/635/570
f 647/579/521 705/931/838 645/577/519
f 702/633/568 703/648/570 682/613/551
f 684/631/566 682/613/551 681/611/549
f 636/561/507 679/606/545 700/629/564
f 681/611/549 637/565/510 698/627/562
f 679/606/545 697/625/560 696/630/565
f 679/606/545 694/626/561 697/625/560
f 679/606/545 677/607/546 694/626/561
f 693/622/558 695/623/559 694/626/561
f 668/604/543 667/598/537 693/622/558
f 689/620/556 692/638/573 691/621/557
f 665/597/536 690/624/557 667/598/537
f 688/618/554 689/620/556 664/2817/2497
f 664/2817/2497 687/616/553 688/618/554
f 686/2953/2563 663/594/533 660/596/535
f 655/589/529 685/615/552 661/617/535
f 646/578/520 603/543/490 649/581/523
f 638/568/513 681/611/549 642/612/550
f 682/613/551 642/612/550 681/611/549
f 672/605/544 678/608/546 626/558/504
f 677/607/546 671/2954/544 673/2752/2466
f 636/561/507 634/563/509 677/607/546
f 668/604/543 669/2955/539 588/525/476
f 674/603/542 669/2955/539 668/604/543
f 668/604/543 588/525/476 667/598/537
f 667/598/537 588/525/476 590/527/478
f 667/598/537 590/527/478 662/595/534
f 665/597/536 662/595/534 663/594/533
f 662/595/534 590/527/478 625/554/501
f 660/596/535 624/593/532 654/592/531
f 608/587/494 656/586/527 659/588/528
f 656/586/527 650/585/526 657/1314/1180
f 608/587/494 619/2791/2490 650/585/526
f 649/581/523 603/543/490 598/540/487
f 644/576/518 643/574/516 600/542/489
f 594/569/483 638/568/513 639/571/514
f 642/612/550 640/573/515 639/571/514
f 596/537/486 592/572/484 639/571/514
f 641/580/522 598/540/487 597/539/486
f 629/570/512 631/610/548 638/568/513
f 587/528/479 626/558/504 628/559/505
f 633/566/511 627/562/508 636/561/507
f 630/567/512 591/535/485 632/560/506
f 585/2956/477 589/599/538 586/557/503
f 559/556/475 625/554/501 584/526/477
f 606/544/491 610/590/530 580/521/473
f 624/593/532 625/554/501 580/521/473
f 617/553/500 623/1281/1148 618/551/498
f 611/549/496 614/548/495 609/2957/2564
f 611/549/496 609/2957/2564 582/2794/493
f 606/544/491 607/547/494 610/590/530
f 550/493/449 577/516/470 604/545/492
f 602/541/488 576/513/467 598/540/487
f 601/575/517 575/511/465 600/542/489
f 602/541/488 600/542/489 574/514/468
f 599/903/810 575/511/465 601/575/517
f 575/511/465 599/903/810 573/512/466
f 598/540/487 576/513/467 569/508/462
f 571/532/482 568/2958/462 564/530/481
f 592/572/484 596/537/486 570/536/482
f 593/534/484 571/532/482 591/535/485
f 563/529/480 591/535/485 571/532/482
f 464/531/458 563/529/480 571/532/482
f 562/503/457 591/535/485 563/529/480
f 587/528/479 591/535/485 562/503/457
f 562/503/457 561/500/454 451/499/453
f 586/557/503 587/528/479 451/499/453
f 586/557/503 451/499/453 585/2956/477
f 560/524/475 585/2956/477 451/499/453
f 555/497/451 560/524/475 450/498/452
f 580/521/473 558/555/502 556/522/474
f 582/2794/493 549/520/472 583/519/471
f 534/479/435 547/491/448 549/520/472
f 578/2793/470 549/520/472 582/2794/493
f 580/521/473 552/523/450 550/493/449
f 557/2959/474 448/406/364 553/496/450
f 549/520/472 578/2793/470 543/2960/2565
f 577/516/470 539/517/439 545/2961/446
f 574/514/468 470/422/378 566/507/461
f 574/514/468 575/511/465 468/420/376
f 468/420/376 572/509/463 467/419/375
f 529/901/808 473/510/464 572/509/463
f 463/506/460 466/418/374 569/508/462
f 462/414/372 466/418/374 463/506/460
f 459/417/373 465/504/458 466/418/374
f 458/416/373 457/411/369 464/531/458
f 464/531/458 457/411/369 563/529/480
f 561/500/454 452/409/367 451/499/453
f 452/409/367 422/382/342 449/407/365
f 554/2751/451 558/555/502 559/556/475
f 448/406/364 557/2959/474 555/497/451
f 413/405/358 551/495/449 448/406/364
f 539/517/439 550/493/449 439/492/359
f 551/495/449 413/405/358 437/2962/360
f 549/520/472 543/2960/2565 534/479/435
f 534/479/435 543/2960/2565 535/2742/438
f 542/486/442 434/397/356 544/515/469
f 541/2963/2566 538/488/445 546/489/446
f 536/482/438 544/515/469 434/397/356
f 447/487/444 441/402/361 537/484/440
f 538/488/445 443/402/443 542/486/442
f 440/400/359 435/398/357 540/483/439
f 524/472/428 528/476/432 526/474/430
f 525/473/429 430/393/352 472/424/380
f 522/470/426 524/472/428 526/474/430
f 502/450/406 522/470/426 500/475/431
f 403/359/325 404/361/327 430/393/352
f 522/470/426 512/459/415 403/359/325
f 376/333/302 512/459/415 345/469/425
f 32/25/23 33/27/25 481/429/385
f 345/469/425 503/452/408 33/27/25
f 521/468/424 518/463/419 507/455/411
f 517/465/421 511/462/418 519/464/420
f 508/458/414 518/463/419 511/462/418
f 517/465/421 509/456/412 510/457/413
f 494/443/399 505/453/409 507/455/411
f 489/436/392 516/815/726 497/449/405
f 515/816/727 498/448/404 497/449/405
f 490/445/401 499/446/402 504/454/410
f 506/467/423 504/454/410 514/460/416
f 492/441/397 491/438/394 504/454/410
f 510/457/413 508/458/414 511/462/418
f 495/444/400 508/458/414 510/457/413
f 495/444/400 493/442/398 508/458/414
f 507/455/411 508/458/414 494/443/399
f 506/467/423 507/455/411 504/454/410
f 504/454/410 505/453/409 492/441/397
f 488/437/393 481/429/385 502/450/406
f 500/475/431 501/451/407 502/450/406
f 496/447/403 35/28/26 497/449/405
f 496/447/403 497/449/405 498/448/404
f 496/447/403 490/445/401 35/28/26
f 487/434/390 484/433/389 493/442/398
f 486/440/396 494/443/399 484/433/389
f 491/438/394 492/441/397 482/431/387
f 486/440/396 479/432/388 482/431/387
f 479/432/388 486/440/396 483/439/395
f 490/445/401 491/438/394 478/427/383
f 480/428/384 481/429/385 488/437/393
f 485/435/391 483/439/395 484/433/389
f 478/427/383 482/431/387 476/425/381
f 481/429/385 480/428/384 29/23/21
f 34/29/27 35/28/26 478/427/383
f 30/24/22 34/29/27 474/2964/2567
f 30/24/22 474/2964/2567 26/2965/2568
f 34/29/27 475/426/382 474/2964/2567
f 26/2965/2568 474/2964/2567 475/426/382
f 473/510/464 429/396/355 467/419/375
f 471/423/379 432/395/354 472/424/380
f 432/395/354 429/396/355 473/510/464
f 431/392/351 432/395/354 471/423/379
f 469/421/377 425/385/345 426/388/348
f 428/390/349 425/385/345 469/421/377
f 400/387/347 424/386/346 456/412/370
f 401/389/347 461/415/371 426/388/348
f 457/411/369 458/416/373 456/412/370
f 424/386/346 454/502/456 455/410/368
f 424/386/346 455/410/368 456/412/370
f 454/502/456 424/386/346 392/384/344
f 453/501/455 454/502/456 392/384/344
f 453/501/455 392/384/344 452/409/367
f 451/499/453 449/407/365 450/498/452
f 325/346/314 391/378/339 421/408/366
f 421/408/366 391/378/339 420/381/341
f 450/498/452 449/407/365 448/406/364
f 449/407/365 418/2743/2460 448/406/364
f 418/2743/2460 415/376/338 417/404/363
f 448/406/364 418/2743/2460 417/404/363
f 409/375/334 382/2966/2569 413/405/358
f 406/362/328 444/403/362 435/398/357
f 446/485/441 442/402/2570 433/397/2571
f 438/401/360 414/399/358 435/398/357
f 377/336/305 435/398/357 408/370/335
f 429/396/355 427/394/353 402/358/324
f 427/394/353 432/395/354 431/392/351
f 370/330/299 427/394/353 373/360/326
f 375/332/301 404/361/327 403/359/325
f 396/352/319 425/385/345 397/353/320
f 428/390/349 374/357/323 397/353/320
f 428/390/349 429/396/355 402/358/324
f 370/330/299 402/358/324 427/394/353
f 425/385/345 399/354/321 401/389/347
f 424/386/346 395/349/317 392/384/344
f 325/346/314 392/384/344 361/347/315
f 421/408/366 422/382/342 325/346/314
f 391/378/339 390/345/313 389/344/312
f 412/366/332 416/380/338 391/378/339
f 417/404/363 415/376/338 409/375/334
f 385/371/333 408/370/335 414/399/358
f 381/372/336 408/370/335 351/369/330
f 388/365/331 350/364/330 384/2967/333
f 318/337/306 377/336/305 348/373/337
f 407/1206/1089 405/363/329 347/311/281
f 378/335/304 379/338/307 405/363/329
f 346/339/308 379/338/307 378/335/304
f 343/308/278 370/330/299 371/327/296
f 404/361/327 375/332/301 371/327/296
f 374/357/323 370/330/299 337/305/275
f 400/387/347 398/356/321 395/349/317
f 396/352/319 363/351/293 399/354/321
f 397/353/320 338/391/350 366/324/294
f 367/2968/295 363/351/293 366/324/294
f 395/349/317 365/348/316 361/347/315
f 365/348/316 393/350/318 364/323/293
f 361/347/315 360/320/290 326/287/258
f 324/342/310 390/345/313 323/289/260
f 324/342/310 389/344/312 390/345/313
f 356/316/286 352/312/282 388/365/331
f 387/374/331 386/343/311 355/341/309
f 355/341/309 386/343/311 324/342/310
f 380/2744/336 350/364/330 322/286/257
f 319/282/253 318/337/306 348/373/337
f 317/281/252 346/339/308 318/337/306
f 341/334/303 369/329/298 375/332/301
f 374/357/323 337/305/275 338/391/350
f 343/308/278 369/329/298 336/306/276
f 369/329/298 335/303/273 336/306/276
f 369/329/298 341/334/303 335/303/273
f 331/321/291 364/323/293 333/298/269
f 367/2968/295 366/324/294 332/325/269
f 338/391/350 308/304/274 366/324/294
f 362/322/292 365/348/316 364/323/293
f 359/318/288 362/322/292 330/297/268
f 360/320/290 357/317/287 326/287/258
f 330/297/268 328/293/264 359/318/288
f 357/317/287 328/293/264 279/292/263
f 324/342/310 273/2815/285 353/340/284
f 273/2815/285 324/342/310 323/289/260
f 321/285/256 352/312/282 354/314/284
f 322/286/257 350/364/330 352/312/282
f 229/203/187 349/313/283 322/286/257
f 348/373/337 349/313/283 319/282/253
f 346/339/308 317/281/252 347/311/281
f 345/469/425 33/27/25 340/309/279
f 311/279/250 340/309/279 315/278/249
f 312/276/247 337/305/275 344/307/277
f 343/308/278 336/306/276 312/276/247
f 341/334/303 342/331/300 310/302/272
f 339/310/280 311/279/250 310/302/272
f 338/391/350 337/305/275 308/304/274
f 307/275/246 313/277/248 337/305/275
f 336/306/276 335/303/273 306/272/244
f 335/303/273 334/301/271 296/300/270
f 335/303/273 296/300/270 299/265/238
f 294/261/235 258/233/211 296/300/270
f 292/258/232 309/296/267 314/299/248
f 331/321/291 333/298/269 329/295/266
f 328/293/264 329/295/266 327/290/261
f 325/346/314 326/287/258 323/289/260
f 276/2969/2495 323/289/260 278/288/259
f 237/2814/192 323/289/260 276/2969/2495
f 321/285/256 228/204/188 229/203/187
f 321/285/256 274/315/285 230/209/193
f 230/209/193 227/245/221 228/204/188
f 319/282/253 229/203/187 272/283/254
f 317/281/252 316/280/251 320/284/255
f 224/200/184 316/280/251 272/283/254
f 317/281/252 318/337/306 319/282/253
f 271/244/220 316/280/251 206/198/182
f 269/240/216 295/274/245 315/278/249
f 315/278/249 31/26/24 270/243/219
f 265/269/242 314/299/248 305/270/243
f 310/302/272 311/279/250 296/300/270
f 292/258/232 291/257/231 309/296/267
f 307/275/246 306/272/244 304/271/243
f 306/272/244 299/265/238 302/273/241
f 301/266/239 290/256/230 303/268/241
f 297/264/237 300/2970/2572 299/265/238
f 302/273/241 299/265/238 300/2970/2572
f 301/266/239 298/2971/237 289/255/229
f 288/262/229 297/264/237 285/263/236
f 285/263/236 296/300/270 258/233/211
f 295/274/245 268/241/217 294/261/235
f 261/239/215 254/234/208 294/261/235
f 281/291/262 293/294/265 282/249/225
f 260/260/234 282/249/225 291/257/231
f 260/260/234 291/257/231 264/259/233
f 287/254/228 284/2972/227 259/250/226
f 248/223/202 287/254/228 259/250/226
f 285/263/236 258/233/211 286/253/228
f 284/2972/227 253/251/210 259/250/226
f 281/291/262 280/248/224 279/292/263
f 247/224/203 241/225/204 242/217/198
f 275/2816/2496 279/292/263 240/216/197
f 240/216/197 211/187/173 275/2816/2496
f 274/315/285 238/208/192 230/209/193
f 278/288/259 275/2816/2496 276/2969/2495
f 233/246/222 276/2969/2495 275/2816/2496
f 275/2816/2496 211/187/173 233/246/222
f 224/200/184 272/283/254 226/202/186
f 261/239/215 267/242/218 266/238/214
f 28/22/20 19/13/12 31/26/24
f 267/242/218 261/239/215 269/240/216
f 19/13/12 18/236/213 266/238/214
f 265/269/242 262/267/240 264/259/233
f 262/267/240 260/260/234 264/259/233
f 222/2745/2461 219/197/181 257/231/209
f 256/235/212 254/234/208 18/236/213
f 254/234/208 261/239/215 18/236/213
f 248/223/202 259/250/226 221/196/180
f 221/196/180 259/250/226 220/195/179
f 253/251/210 255/230/208 220/195/179
f 216/218/176 242/217/198 245/226/201
f 239/215/196 240/216/197 244/221/200
f 211/187/173 239/215/196 199/171/158
f 239/215/196 243/219/199 199/171/158
f 216/218/176 214/220/175 243/219/199
f 234/205/189 210/206/190 238/208/192
f 213/211/194 169/166/154 232/207/191
f 232/207/191 191/165/153 234/205/189
f 232/207/191 234/205/189 236/2973/2573
f 230/209/193 190/163/151 209/186/172
f 228/204/188 225/201/185 226/202/186
f 207/185/171 227/245/221 209/186/172
f 227/245/221 207/185/171 208/184/170
f 226/202/186 183/181/167 224/200/184
f 183/181/167 226/202/186 185/183/169
f 208/184/170 184/182/168 225/201/185
f 222/2745/2461 14/179/165 219/197/181
f 16/10/10 14/179/165 222/2745/2461
f 220/195/179 203/174/160 221/196/180
f 201/173/159 221/196/180 202/178/164
f 219/197/181 205/176/162 204/175/161
f 179/154/142 201/173/159 202/178/164
f 198/169/156 215/189/175 217/191/176
f 212/213/194 211/187/173 195/188/174
f 191/165/153 169/166/154 170/143/133
f 192/170/157 195/188/174 199/171/158
f 187/158/146 207/185/171 186/159/147
f 208/184/170 158/157/145 184/182/168
f 206/198/182 182/156/144 180/155/143
f 17/9/9 178/177/163 14/179/165
f 198/169/156 201/173/159 171/144/134
f 171/144/134 143/146/135 198/169/156
f 172/192/177 198/169/156 174/168/136
f 196/210/174 194/2974/157 169/166/154
f 145/141/131 142/140/130 169/166/154
f 173/167/155 169/166/154 194/2974/157
f 165/164/152 168/138/129 188/162/150
f 165/164/152 163/132/124 168/138/129
f 191/165/153 164/134/126 190/163/151
f 162/133/125 164/134/126 191/165/153
f 170/143/133 161/142/132 191/165/153
f 133/110/102 189/161/149 168/138/129
f 157/129/121 187/158/146 160/131/123
f 133/110/102 160/131/123 186/159/147
f 181/180/166 158/157/145 159/130/122
f 152/127/119 180/155/143 155/124/116
f 182/156/144 154/125/117 155/124/116
f 181/180/166 159/130/122 154/125/117
f 4/15/14 151/152/140 17/9/9
f 179/154/142 177/149/137 176/153/141
f 178/177/163 177/149/137 179/154/142
f 149/122/114 150/123/115 148/151/139
f 178/177/163 17/9/9 177/149/137
f 151/152/140 147/150/138 177/149/137
f 176/153/141 121/2746/2462 171/144/134
f 176/153/141 150/123/115 121/2746/2462
f 144/148/135 116/94/87 145/141/131
f 121/2746/2462 117/145/88 171/144/134
f 169/166/154 142/140/130 170/143/133
f 145/141/131 111/119/111 142/140/130
f 137/112/104 141/2975/127 167/139/128
f 133/110/102 168/138/129 138/135/110
f 164/134/126 163/132/124 165/164/152
f 163/132/124 134/114/106 137/112/104
f 137/112/104 134/114/106 135/113/105
f 134/114/106 162/133/125 161/142/132
f 134/114/106 161/142/132 136/111/103
f 133/110/102 101/80/74 160/131/123
f 125/104/96 159/130/122 123/105/97
f 158/157/145 156/160/148 128/106/98
f 129/128/120 98/2976/2574 127/107/99
f 128/106/98 156/160/148 157/129/121
f 126/101/93 153/126/118 125/104/96
f 125/104/96 124/102/94 126/101/93
f 120/99/91 89/73/67 121/2746/2462
f 147/150/138 149/122/114 148/151/139
f 147/150/138 146/121/113 149/122/114
f 92/75/69 149/122/114 146/121/113
f 145/141/131 116/94/87 119/120/112
f 143/146/135 117/145/88 115/2977/87
f 102/82/76 136/111/103 111/119/111
f 139/118/110 141/2975/127 137/112/104
f 130/108/100 138/135/110 131/115/107
f 107/116/108 137/112/104 105/84/77
f 104/83/75 107/116/108 105/84/77
f 134/114/106 105/84/77 135/113/105
f 100/109/101 130/108/100 131/115/107
f 99/79/73 98/2976/2574 129/128/120
f 129/128/120 101/80/74 99/79/73
f 123/105/97 127/107/99 96/78/72
f 123/105/97 96/78/72 95/103/95
f 97/77/71 73/2750/2465 95/103/95
f 98/2976/2574 96/78/72 127/107/99
f 95/103/95 124/102/94 125/104/96
f 95/103/95 94/100/92 124/102/94
f 4/15/14 1/3/3 2/2/2
f 91/76/70 90/98/90 122/2747/2463
f 114/91/84 82/67/62 84/66/61
f 121/2746/2462 89/73/67 117/145/88
f 117/145/88 89/73/67 113/97/84
f 89/73/67 86/72/66 113/97/84
f 92/75/69 85/71/65 89/73/67
f 119/120/112 110/90/83 80/89/82
f 109/86/79 110/90/83 108/96/89
f 116/94/87 112/92/85 110/90/83
f 110/90/83 83/93/86 108/96/89
f 111/119/111 80/89/82 77/64/59
f 108/96/89 66/87/80 109/86/79
f 79/2978/60 104/83/75 102/82/76
f 79/2978/60 102/82/76 76/63/58
f 100/109/101 59/46/43 101/80/74
f 98/2976/2574 99/79/73 96/78/72
f 73/2750/2465 97/77/71 56/56/52
f 96/78/72 55/58/54 57/59/55
f 93/2749/2464 94/100/92 95/103/95
f 73/2750/2465 72/55/51 93/2749/2464
f 90/98/90 91/76/70 92/75/69
f 88/2748/63 71/54/50 68/52/48
f 86/72/66 69/69/64 87/68/63
f 69/69/64 86/72/66 85/71/65
f 84/66/61 65/51/47 83/93/86
f 83/93/86 65/51/47 66/87/80
f 80/89/82 64/88/81 50/38/36
f 64/88/81 66/87/80 52/2979/2575
f 75/62/58 61/47/44 74/61/57
f 63/48/45 76/63/58 50/38/36
f 60/50/46 61/47/44 62/49/45
f 45/34/32 59/46/43 61/47/44
f 72/55/51 73/2750/2465 56/56/52
f 56/56/52 36/43/40 38/57/53
f 52/2979/2575 65/51/47 67/53/49
f 65/51/47 52/2979/2575 66/87/80
f 50/38/36 64/88/81 51/39/37
f 52/2979/2575 51/39/37 64/88/81
f 49/40/35 47/2980/34 63/48/45
f 60/50/46 44/30/28 61/47/44
f 58/60/56 59/46/43 53/45/42
f 36/43/40 56/56/52 57/59/55
f 54/42/39 36/43/40 53/45/42
f 41/41/38 37/44/41 54/42/39
f 45/34/32 43/32/30 40/35/33
f 36/43/40 37/44/41 38/57/53
f 34/29/27 30/24/22 29/23/21
f 31/26/24 32/25/23 28/22/20
f 30/24/22 26/2965/2568 24/19/17
f 25/20/18 27/21/19 29/23/21
f 25/20/18 23/17/15 27/21/19
f 22/18/16 23/17/15 24/19/17
f 19/13/12 23/17/15 20/14/13
f 10/16/11 22/18/16 12/2981/8
f 17/9/9 9/6/6 4/15/14
f 15/237/10 19/13/12 8/12/6
f 9/6/6 21/2982/13 5/5/5
f 21/2982/13 11/11/11 5/5/5
f 18/236/213 19/13/12 15/237/10
f 14/179/165 16/10/10 17/9/9
f 11/11/11 13/8/8 7/7/7
f 7/7/7 6/4/4 5/5/5
f 1/3/3 5/5/5 6/4/4
