# Blender 4.5.3 LTS
# www.blender.org
mtllib WoodBoat.mtl
o vemgdcmbw_LOD0_TIER2_000_MatID_1_0
v 0.295161 0.292891 -1.897998
v 0.290221 0.298391 -1.902948
v 0.289305 0.294335 -1.901010
v 0.294557 0.303120 -1.910793
v 0.311776 0.290404 -1.806772
v 0.307584 0.297307 -1.833904
v 0.304035 0.361650 -1.910505
v 0.324514 0.299203 -1.725904
v 0.321620 0.291342 -1.737409
v 0.345486 0.288058 -1.590517
v 0.318115 0.378960 -1.817347
v 0.345736 0.296724 -1.588911
v 0.347664 0.286632 -1.581132
v 0.312091 0.382766 -1.868320
v 0.305564 0.377945 -1.908760
v 0.305957 0.382779 -1.915148
v 0.319407 0.383352 -1.825925
v 0.355387 0.379084 -1.558861
v 0.352823 0.373099 -1.558848
v 0.349945 0.295437 -1.563271
v 0.350153 0.284572 -1.562419
v 0.345787 0.251795 -1.567039
v 0.345644 0.260352 -1.579121
v 0.343585 0.243455 -1.581807
v 0.343559 0.238481 -1.582027
v 0.344214 0.238563 -1.569481
v -0.327264 0.066191 -1.568498
v -0.332566 0.073823 -1.572587
v -0.332367 0.065040 -1.570355
v -0.332763 0.081647 -1.566808
v -0.283086 0.064217 -1.566319
v -0.246384 0.063998 -1.567661
v -0.317820 0.109571 -1.563381
v -0.334484 0.097928 -1.565779
v -0.335218 0.087674 -1.567235
v -0.333676 0.093601 -1.572018
v -0.347811 0.189181 -1.552763
v -0.135884 0.072593 -1.566653
v -0.211976 0.063304 -1.568547
v -0.139870 0.064182 -1.567168
v -0.346587 0.276367 -1.537709
v -0.354113 0.231161 -1.544491
v -0.360835 0.287593 -1.535373
v -0.075945 0.067173 -1.566674
v -0.080152 0.062091 -1.568456
v -0.056200 0.062935 -1.569368
v -0.011669 0.062230 -1.567466
v -0.350658 0.287922 -1.535386
v -0.358303 0.291513 -1.552732
v -0.286322 0.287718 -1.535337
v 0.008407 0.068879 -1.566172
v 0.020687 0.062982 -1.566663
v 0.069275 0.061659 -1.567125
v 0.174121 0.179698 -1.554901
v 0.130485 0.068430 -1.565973
v 0.116030 0.062219 -1.566804
v -0.013127 0.278647 -1.538842
v 0.314038 0.066851 -1.566224
v 0.313531 0.059514 -1.567143
v 0.321733 0.066270 -1.575859
v 0.315315 0.134273 -1.561824
v 0.321906 0.093927 -1.567743
v 0.326563 0.093917 -1.572765
v 0.328907 0.111046 -1.572423
v 0.325543 0.126421 -1.564699
v 0.331676 0.132519 -1.566965
v 0.334473 0.170455 -1.558501
v 0.338732 0.186397 -1.556498
v 0.328543 0.188056 -1.556065
v 0.345018 0.230096 -1.549558
v 0.344962 0.235556 -1.547985
v 0.351256 0.230560 -1.554855
v 0.354617 0.234994 -1.559416
v 0.348217 0.237921 -1.549157
v 0.348743 0.243029 -1.548169
v 0.353558 0.284088 -1.540154
v 0.188245 0.276594 -1.539783
v 0.345774 0.278005 -1.540934
v 0.345309 0.288282 -1.550699
v 0.351447 0.287709 -1.554058
v 0.218230 0.285409 -1.536765
v 0.345626 0.288924 -1.560206
v 0.350153 0.284572 -1.562419
v 0.203698 0.290357 -1.562397
v 0.340411 0.273880 -1.564184
v 0.345787 0.251795 -1.567039
v 0.109089 0.287616 -1.538157
v 0.098614 0.291738 -1.562094
v 0.127148 0.275526 -1.564642
v 0.334694 0.229196 -1.572725
v 0.344214 0.238563 -1.569481
v 0.340424 0.228396 -1.570087
v 0.351805 0.231081 -1.567243
v 0.017224 0.288036 -1.538500
v -0.082274 0.292568 -1.560671
v -0.100290 0.288710 -1.537152
v -0.181776 0.288159 -1.535731
v -0.019386 0.282946 -1.562822
v -0.154862 0.292142 -1.559782
v -0.250903 0.291579 -1.558606
v -0.350027 0.289235 -1.557458
v -0.356756 0.288154 -1.556927
v -0.346364 0.278990 -1.560243
v -0.351037 0.240072 -1.566676
v -0.339783 0.226856 -1.570251
v -0.349141 0.230271 -1.569948
v -0.335116 0.138327 -1.585274
v -0.326912 0.141135 -1.583902
v -0.337373 0.132347 -1.585597
v -0.333189 0.122047 -1.586967
v -0.319435 0.103537 -1.588572
v -0.329130 0.104460 -1.588653
v 0.098409 0.150963 -1.584577
v -0.328849 0.093741 -1.590572
v -0.332785 0.098963 -1.589459
v -0.329266 0.081523 -1.591228
v -0.169636 0.074970 -1.591199
v -0.316115 0.078871 -1.590544
v -0.325114 0.072083 -1.590543
v -0.319241 0.068794 -1.594276
v -0.228924 0.064346 -1.590999
v -0.161337 0.064286 -1.591804
v -0.146073 0.065638 -1.591525
v -0.111628 0.064360 -1.591683
v -0.052806 0.064519 -1.591640
v 0.237704 0.073694 -1.591465
v 0.006045 0.064144 -1.592505
v 0.147571 0.063826 -1.591644
v 0.260529 0.062912 -1.592376
v 0.287254 0.065428 -1.592529
v 0.294076 0.080087 -1.590518
v 0.295449 0.063428 -1.592734
v 0.316347 0.066492 -1.592379
v 0.317524 0.137047 -1.584343
v 0.335855 0.197763 -1.578643
v 0.328735 0.137027 -1.583631
v 0.325732 0.121706 -1.586610
v 0.320254 0.097462 -1.588340
v 0.319979 0.067513 -1.588615
v 0.324380 0.096361 -1.585789
v 0.434617 0.230694 -0.894259
v 0.441521 0.231495 -0.897380
v 0.441746 0.237304 -0.897645
v 0.433008 0.239064 -0.893147
v 0.432558 0.175528 -0.897738
v 0.423547 0.173667 -0.898562
v 0.432049 0.109968 -0.901847
v 0.427872 0.310899 -0.890402
v 0.433481 0.313007 -0.889243
v 0.432224 0.323853 -0.890066
v 0.425933 0.107078 -0.903459
v 0.429779 0.104091 -0.912992
v 0.430896 0.099846 -0.901550
v 0.425353 0.320929 -0.893621
v 0.428660 0.333669 -0.917783
v 0.416921 0.037225 -0.905456
v 0.426868 0.058506 -0.905345
v 0.420034 0.036437 -0.904829
v 0.389085 0.101719 -0.902482
v 0.380529 0.093594 -0.903180
v 0.375538 0.101571 -0.904050
v 0.385049 0.164324 -0.899526
v 0.372888 0.129111 -0.901898
v 0.375040 0.104177 -0.920019
v 0.399489 0.224560 -0.900499
v 0.378667 0.156694 -0.908432
v 0.371475 0.133659 -0.952772
v 0.371483 0.103407 -0.941793
v 0.372003 0.102863 -0.954748
v 0.408845 0.267967 -0.928498
v 0.398942 0.221720 -0.940615
v 0.393369 0.191476 -0.947277
v 0.376841 0.097917 -0.953645
v 0.412613 0.272700 -0.940091
v 0.426670 0.328720 -0.928815
v 0.427570 0.332554 -0.933008
v 0.427100 0.316687 -0.938877
v 0.421617 0.227753 -0.945087
v 0.427897 0.238577 -0.945164
v 0.424519 0.140347 -0.951042
v 0.429276 0.231314 -0.944123
v 0.437695 0.237124 -0.945989
v 0.438061 0.231984 -0.939823
v 0.429017 0.217408 -0.945237
v 0.427100 0.114147 -0.953301
v 0.423113 0.112860 -0.953145
v 0.426253 0.104390 -0.938252
v 0.418758 0.102841 -0.953749
v 0.426664 0.102200 -0.953526
v 0.418592 0.096006 -0.953786
v 0.414488 0.044905 -0.955153
v 0.423011 0.061552 -0.954889
v 0.419533 0.036956 -0.959130
v 0.467674 0.346264 -0.169136
v 0.470886 0.361679 -0.171304
v 0.472725 0.364909 -0.195687
v 0.469115 0.339334 -0.176794
v 0.469341 0.359855 -0.282679
v 0.466373 0.338573 -0.174131
v 0.465443 0.332475 -0.173488
v 0.467891 0.350694 -0.283343
v 0.469363 0.363072 -0.291565
v 0.466471 0.363979 -0.361169
v 0.462872 0.302139 -0.178330
v 0.464068 0.317862 -0.174938
v 0.462945 0.305142 -0.175056
v 0.462597 0.304507 -0.166063
v 0.457508 0.294858 -0.029445
v 0.462885 0.320064 -0.409570
v 0.463054 0.271831 -0.255048
v 0.456608 0.289217 -0.014752
v 0.454140 0.290599 0.037521
v 0.457846 0.364520 -0.540881
v 0.464587 0.368884 -0.541707
v 0.457643 0.368070 -0.607872
v 0.453122 0.351833 -0.630075
v 0.459410 0.365311 -0.625835
v 0.456416 0.364972 -0.651758
v 0.450663 0.365312 -0.686991
v 0.454117 0.278361 -0.642308
v 0.446619 0.335263 -0.744741
v 0.442777 0.367362 -0.780351
v 0.452929 0.370234 -0.699863
v 0.434948 0.371490 -0.885989
v 0.434146 0.368987 -0.888107
v 0.432197 0.354180 -0.886268
v 0.433236 0.322491 -0.881839
v 0.432224 0.323853 -0.890066
v 0.433481 0.313007 -0.889243
v 0.441999 0.274870 -0.812975
v 0.434545 0.242879 -0.886468
v 0.433008 0.239064 -0.893147
v 0.441746 0.237304 -0.897645
v 0.442565 0.237427 -0.836322
v 0.441521 0.231495 -0.897380
v 0.446172 0.239017 -0.756343
v 0.452192 0.231045 -0.765133
v 0.452721 0.237180 -0.756529
v 0.441520 0.228993 -0.832847
v 0.434617 0.230694 -0.894259
v 0.453471 0.230077 -0.639913
v 0.454859 0.236170 -0.604087
v 0.439449 0.149552 -0.827565
v 0.432558 0.175528 -0.897738
v 0.432049 0.109968 -0.901847
v 0.430896 0.099846 -0.901550
v 0.429779 0.104091 -0.912992
v 0.434613 0.082588 -0.843635
v 0.426868 0.058506 -0.905345
v 0.449787 0.199173 -0.685567
v 0.425737 0.039469 -0.900270
v 0.420034 0.036437 -0.904829
v 0.439178 0.037930 -0.702054
v 0.413119 0.035049 -0.892486
v 0.410579 0.033098 -0.901462
v 0.430763 0.041199 -0.832921
v 0.430114 0.029749 -0.837804
v 0.432059 0.028809 -0.789125
v 0.416317 0.028821 -0.796902
v 0.357640 0.031033 -0.891855
v 0.437396 0.026779 -0.704454
v 0.393187 0.033457 -0.904612
v 0.351658 0.033209 -0.905058
v 0.321092 0.031946 -0.903556
v 0.317990 0.033620 -0.906281
v 0.302154 0.033599 -0.905194
v 0.294810 0.031504 -0.880458
v 0.289284 0.025889 -0.630690
v 0.226636 0.033206 -0.899079
v 0.225474 0.033305 -0.905765
v 0.138816 0.033304 -0.906188
v 0.138501 0.032549 -0.894880
v 0.095335 0.033387 -0.905967
v 0.153156 0.030090 -0.789764
v 0.044057 0.032285 -0.907397
v 0.444068 0.024151 -0.519406
v -0.026224 0.030134 -0.903632
v -0.032204 0.032103 -0.908154
v -0.083541 0.031165 -0.906097
v -0.041715 0.023989 -0.672200
v -0.148789 0.031106 -0.890402
v -0.116239 0.031989 -0.908141
v -0.148488 0.031764 -0.908469
v -0.215464 0.032400 -0.909017
v -0.214530 0.032180 -0.902147
v -0.376519 0.030431 -0.909821
v -0.428950 0.029989 -0.903392
v -0.426487 0.032099 -0.910126
v -0.432132 0.025772 -0.785942
v -0.430718 0.034615 -0.905932
v -0.432962 0.057645 -0.908994
v -0.438174 0.094629 -0.906620
v -0.436444 0.027165 -0.807892
v -0.137675 0.024263 -0.508076
v -0.437415 0.024829 -0.724229
v -0.443710 0.024747 -0.658949
v -0.040967 0.022279 -0.424583
v -0.438584 0.023200 -0.646713
v 0.199421 0.026826 -0.511868
v -0.451810 0.103231 -0.729178
v -0.445335 0.023409 -0.621175
v -0.442672 0.094229 -0.856173
v -0.447031 0.036261 -0.617831
v -0.446477 0.107574 -0.822402
v -0.445989 0.116197 -0.858050
v -0.455342 0.107980 -0.801431
v -0.440302 0.110707 -0.911360
v -0.437957 0.099431 -0.910379
v -0.434607 0.100408 -0.920337
v -0.454177 0.111442 -0.835023
v -0.451056 0.117755 -0.845132
v -0.445920 0.112281 -0.812436
v -0.443901 0.122133 -0.852788
v -0.454668 0.114047 -0.629597
v -0.440188 0.117592 -0.876379
v -0.437803 0.112324 -0.911361
v -0.436604 0.130562 -0.909650
v -0.441582 0.126884 -0.858604
v -0.439346 0.215377 -0.905010
v -0.448441 0.211310 -0.780378
v -0.440341 0.227849 -0.904870
v -0.460988 0.215563 -0.542674
v -0.448301 0.225080 -0.785954
v -0.453986 0.223417 -0.698949
v -0.452345 0.228203 -0.846681
v -0.439992 0.230056 -0.893975
v -0.439392 0.232266 -0.902571
v -0.455608 0.227842 -0.785841
v -0.446803 0.229945 -0.816333
v -0.458840 0.226549 -0.748680
v -0.451828 0.230042 -0.753110
v -0.447607 0.253985 -0.816290
v -0.444321 0.335340 -0.898237
v -0.442508 0.328612 -0.904874
v -0.440129 0.330732 -0.926338
v -0.439766 0.338821 -0.931786
v -0.440569 0.361879 -0.927165
v -0.448890 0.359251 -0.836643
v -0.460479 0.252411 -0.658993
v -0.450583 0.329400 -0.819977
v -0.455242 0.352776 -0.746075
v -0.460279 0.357102 -0.754850
v -0.461546 0.355364 -0.677647
v -0.458190 0.337710 -0.717229
v -0.466901 0.341036 -0.587114
v -0.466602 0.354311 -0.596965
v -0.473509 0.352687 -0.457223
v -0.474388 0.344493 -0.429500
v -0.475040 0.352327 -0.434038
v -0.477895 0.351516 -0.332993
v -0.479039 0.334830 -0.245074
v -0.480389 0.349418 -0.262218
v -0.481515 0.348472 -0.230296
v -0.481095 0.348592 -0.179172
v -0.478096 0.342650 -0.177132
v -0.476556 0.324859 -0.181215
v -0.472006 0.274588 -0.339143
v -0.473677 0.287967 -0.182417
v -0.476007 0.323761 -0.175009
v -0.474002 0.297658 -0.175466
v -0.473334 0.292101 -0.154676
v -0.471777 0.291366 -0.042704
v -0.470768 0.285179 -0.036202
v -0.469719 0.292872 -0.011550
v -0.468050 0.288719 0.037491
v -0.468602 0.292576 0.037167
v -0.466887 0.257832 -0.000255
v -0.464166 0.259073 0.038137
v -0.460466 0.223936 0.039016
v -0.465907 0.225858 -0.114711
v -0.462537 0.229914 -0.001304
v -0.464342 0.227244 0.003907
v -0.468560 0.228916 -0.220840
v -0.472873 0.224054 -0.059901
v -0.470222 0.221270 -0.094630
v -0.469352 0.221394 -0.042635
v -0.469536 0.224009 0.008649
v -0.468732 0.221092 0.025634
v -0.459550 0.220601 0.039838
v -0.462425 0.221151 0.001085
v -0.456349 0.206217 0.038484
v -0.461294 0.221000 -0.051463
v -0.464115 0.203729 -0.179965
v -0.465164 0.222408 -0.131701
v -0.443371 0.113179 0.039301
v -0.475234 0.226737 -0.137594
v -0.472959 0.220082 -0.142557
v -0.467944 0.222390 -0.206210
v -0.468238 0.226233 -0.270656
v -0.469168 0.228693 -0.360963
v -0.464307 0.210362 -0.413934
v -0.461796 0.230145 -0.584719
v -0.466277 0.221934 -0.368972
v -0.458784 0.233555 -0.645286
v -0.462243 0.227849 -0.631025
v -0.471194 0.227243 -0.536137
v -0.468784 0.224218 -0.408386
v -0.466243 0.224419 -0.600562
v -0.464036 0.226208 -0.691651
v -0.458871 0.124800 -0.347685
v -0.457141 0.125132 -0.520485
v -0.453848 0.096910 -0.151071
v -0.441828 0.094014 0.041737
v -0.440821 0.096239 0.049664
v -0.457678 0.113449 -0.547655
v -0.460208 0.118155 -0.525512
v -0.448868 0.023535 -0.520016
v -0.458768 0.117902 -0.464530
v -0.458233 0.110279 -0.453711
v -0.446785 0.023095 -0.519611
v -0.458661 0.119745 -0.444610
v -0.464224 0.118794 -0.438289
v -0.457938 0.098245 -0.300099
v -0.448636 0.025630 -0.361319
v -0.448721 0.032227 -0.300317
v -0.444516 0.022685 -0.344438
v -0.416019 0.021426 -0.294750
v -0.447130 0.021727 -0.279435
v -0.437110 0.020390 -0.246342
v -0.444492 0.022404 -0.210231
v -0.443821 0.026061 -0.174062
v -0.438904 0.021148 -0.160109
v -0.221378 0.023768 0.030428
v -0.316292 0.023813 0.029680
v -0.441739 0.021953 -0.130976
v -0.433490 0.024273 -0.008661
v -0.430364 0.022729 -0.002300
v -0.418849 0.022708 0.035755
v -0.435030 0.050637 0.037525
v -0.435001 0.061120 0.041955
v -0.432091 0.043368 0.043579
v -0.427524 0.024598 0.041995
v -0.429173 0.025294 0.029831
v -0.417668 0.024859 0.042019
v -0.409735 0.023606 0.048565
v -0.375053 0.022648 0.035002
v -0.374367 0.026301 0.041468
v -0.362802 0.023659 0.044287
v -0.343602 0.027031 0.042111
v -0.332024 0.026075 0.041709
v -0.266460 0.025320 0.042405
v -0.251697 0.026335 0.041108
v -0.224688 0.027360 0.042072
v -0.211982 0.025810 0.041712
v -0.154017 0.025178 0.031908
v -0.142561 0.026266 0.042205
v -0.096157 0.025504 0.042494
v -0.070764 0.024659 0.045826
v -0.026768 0.023687 0.025330
v -0.042581 0.025753 0.044149
v 0.062316 0.024023 0.044655
v -0.009873 0.023719 -0.319270
v -0.014043 0.021699 -0.181656
v 0.132227 0.025154 -0.281454
v 0.084375 0.027235 0.044977
v 0.096205 0.024579 0.044855
v 0.129387 0.024366 0.041482
v 0.131142 0.024657 0.045566
v 0.135323 0.025640 0.045137
v 0.224089 0.024210 0.046585
v 0.135265 0.024835 -0.219195
v 0.141093 0.026045 -0.230635
v 0.254629 0.026458 -0.209670
v 0.264904 0.027003 -0.280465
v 0.268681 0.026646 -0.445686
v 0.268859 0.025438 -0.391743
v 0.273528 0.025330 -0.429521
v 0.400106 0.022353 -0.333469
v 0.270849 0.023634 -0.245319
v 0.269105 0.024741 -0.220745
v 0.264363 0.024330 -0.121556
v 0.230666 0.024740 -0.093310
v 0.267720 0.023319 0.045078
v 0.264329 0.025177 0.046137
v 0.286795 0.022659 0.051176
v 0.301514 0.023591 0.047386
v 0.314750 0.021904 0.043344
v 0.327067 0.023415 0.049617
v 0.357858 0.023170 0.049909
v 0.387644 0.024488 0.042107
v 0.389129 0.024748 0.046495
v 0.418952 0.025165 0.043356
v 0.417660 0.025283 0.046805
v 0.424627 0.027847 0.053279
v 0.422912 0.023837 -0.064575
v 0.424221 0.028079 0.044162
v 0.426231 0.042405 0.047814
v 0.397408 0.022229 -0.162636
v 0.428458 0.052231 0.042861
v 0.434709 0.088815 0.046444
v 0.429061 0.023326 -0.259706
v 0.435213 0.024342 -0.151649
v 0.434284 0.029903 -0.103175
v 0.441303 0.024391 -0.244692
v 0.436370 0.098648 0.043564
v 0.434465 0.093824 0.048490
v 0.434454 0.095167 0.050288
v 0.440330 0.027847 -0.228449
v 0.444039 0.131546 -0.037667
v 0.442272 0.034022 -0.249747
v 0.449921 0.121250 -0.217883
v 0.442397 0.023627 -0.330606
v 0.442999 0.031219 -0.328521
v 0.444478 0.036058 -0.461722
v 0.455820 0.128954 -0.379598
v 0.449756 0.114638 -0.657350
v 0.458227 0.211925 -0.368056
v 0.459115 0.232908 -0.491403
v 0.453120 0.211830 -0.165532
v 0.462109 0.237429 -0.512141
v 0.460504 0.231282 -0.295450
v 0.464354 0.234373 -0.457594
v 0.456761 0.239332 -0.445735
v 0.464159 0.235470 -0.373797
v 0.460371 0.235286 -0.303428
v 0.468156 0.236467 -0.238392
v 0.459535 0.238485 -0.197960
v 0.461177 0.232710 -0.227633
v 0.455120 0.251917 -0.071026
v 0.466284 0.230838 -0.197441
v 0.459816 0.233796 -0.145367
v 0.453618 0.228775 -0.141705
v 0.464090 0.230404 -0.084679
v 0.451887 0.227417 -0.065829
v 0.459577 0.235887 -0.075276
v 0.454072 0.237591 -0.054751
v 0.460895 0.235389 -0.041225
v 0.453102 0.243313 -0.015782
v 0.452498 0.239161 -0.016390
v 0.449987 0.242220 0.034551
v 0.450985 0.259016 0.038023
v 0.450293 0.239317 0.041808
v 0.453337 0.236878 0.042928
v 0.458977 0.229919 -0.011822
v 0.448603 0.230987 0.040147
v 0.450937 0.229431 -0.033633
v 0.463081 0.229389 -0.046578
v 0.447769 0.208685 -0.004842
v 0.444042 0.197361 0.040511
v 0.081152 0.271353 1.951045
v 0.091056 0.274915 1.950819
v 0.088327 0.275260 1.940158
v 0.080382 0.259005 1.951165
v 0.089640 0.270164 1.941081
v 0.088709 0.268985 1.932900
v 0.084550 0.264763 1.932569
v 0.085693 0.258475 1.933671
v 0.090484 0.249713 1.951777
v 0.099026 0.256204 1.950388
v 0.096284 0.260726 1.932683
v 0.100209 0.268137 1.951316
v 0.088327 0.275260 1.940158
v 0.091056 0.274915 1.950819
v 0.089640 0.270164 1.941081
v 0.088709 0.268985 1.932900
v 0.084550 0.264763 1.932569
v 0.085693 0.258475 1.933671
v 0.165258 0.136130 1.960085
v 0.161951 0.133226 1.957230
v 0.154540 0.133469 1.953025
v 0.161709 0.145668 1.952977
v 0.128314 0.131303 1.955368
v 0.035670 0.149487 1.953703
v 0.108807 0.132809 1.954401
v 0.057638 0.131091 1.955957
v 0.037073 0.130529 1.954301
v -0.013250 0.130929 1.954588
v -0.049505 0.134027 1.952983
v -0.048942 0.129164 1.955421
v -0.113291 0.126217 1.954818
v -0.157236 0.135650 1.953488
v -0.157816 0.126213 1.953671
v -0.166773 0.126382 1.953246
v -0.181195 0.208904 1.952375
v -0.181697 0.244015 1.951585
v -0.191221 0.244967 1.951405
v -0.098911 0.249933 1.951071
v -0.105983 0.256726 1.952592
v -0.103263 0.269224 1.953165
v -0.200153 0.351122 1.950476
v -0.210482 0.324569 1.951131
v -0.214645 0.349819 1.950797
v -0.084882 0.282604 1.951758
v -0.094659 0.273509 1.952680
v -0.085900 0.267621 1.951851
v 0.193262 0.362014 1.950183
v -0.085831 0.256619 1.952058
v 0.094667 0.371446 1.950582
v -0.061322 0.372008 1.950806
v -0.101216 0.374027 1.953568
v -0.060076 0.376619 1.955449
v 0.001916 0.377918 1.952446
v 0.109754 0.376549 1.950724
v 0.175696 0.373264 1.957532
v 0.205236 0.366940 1.950546
v 0.202913 0.356808 1.950281
v 0.185339 0.270169 1.951161
v 0.175776 0.268305 1.951224
v 0.183206 0.260624 1.951406
v 0.113848 0.270043 1.951499
v 0.160266 0.188446 1.949529
v 0.175566 0.215893 1.951809
v 0.169806 0.186781 1.948534
v 0.163864 0.152606 1.952128
v 0.108269 0.250004 1.951578
v 0.090484 0.249713 1.951777
v 0.080382 0.259005 1.951165
v 0.099026 0.256204 1.950388
v 0.100209 0.268137 1.951316
v 0.091056 0.274915 1.950819
v 0.078764 0.286832 1.951020
v 0.081152 0.271353 1.951045
v -0.472032 0.326190 0.066753
v -0.461283 0.326474 0.068039
v -0.473209 0.329361 0.070441
v -0.455054 0.328045 0.069832
v -0.469609 0.349793 0.062214
v -0.460288 0.353644 0.057705
v -0.469985 0.344288 0.058201
v -0.473209 0.329361 0.070441
v -0.475398 0.341528 0.060699
v -0.473041 0.340448 0.042468
v -0.477256 0.345441 0.042817
v -0.474338 0.348792 -0.012569
v -0.480957 0.347976 -0.047383
v -0.478765 0.347157 -0.109940
v -0.460084 0.352184 0.042396
v -0.471841 0.351117 -0.160296
v -0.479145 0.347489 -0.162878
v -0.481095 0.348592 -0.179172
v -0.478096 0.342650 -0.177132
v -0.475950 0.351259 -0.174049
v -0.472133 0.351335 -0.173895
v -0.478096 0.342650 -0.177132
v -0.466809 0.351986 -0.162890
v -0.469934 0.329698 -0.179798
v -0.476556 0.324859 -0.181215
v -0.438495 0.326206 -0.179647
v -0.348848 0.326177 -0.179167
v -0.352627 0.353140 -0.169810
v -0.136768 0.333003 -0.176101
v -0.320160 0.326297 -0.179885
v -0.145751 0.329072 -0.177228
v -0.111664 0.329199 -0.174268
v -0.040907 0.331031 -0.177727
v -0.300897 0.354512 -0.153703
v -0.114854 0.356851 -0.166305
v -0.193890 0.353678 -0.150310
v -0.315026 0.354531 0.045414
v -0.051828 0.356983 -0.166357
v -0.052613 0.357423 -0.149663
v -0.006745 0.344008 -0.171654
v -0.004383 0.359021 -0.162622
v 0.045429 0.338685 -0.175422
v 0.047758 0.334071 -0.176664
v 0.078812 0.361390 -0.164106
v 0.081404 0.336854 -0.178001
v 0.172081 0.334944 -0.179629
v 0.189567 0.337442 -0.178441
v 0.221096 0.336265 -0.177680
v 0.121735 0.360770 -0.152254
v 0.219916 0.362545 -0.167302
v 0.235243 0.347598 -0.175314
v 0.249790 0.339235 -0.178447
v 0.251709 0.336220 -0.176192
v 0.324400 0.338329 -0.177410
v 0.341200 0.343953 -0.175085
v 0.383717 0.339223 -0.178189
v 0.428717 0.340215 -0.182198
v 0.357406 0.364162 -0.159662
v 0.442517 0.343935 -0.178720
v 0.464570 0.340241 -0.182982
v 0.464127 0.347267 -0.178601
v 0.463342 0.364952 -0.163862
v 0.366642 0.364053 -0.139257
v -0.100246 0.355944 0.038812
v 0.459780 0.364907 -0.142315
v -0.242067 0.354864 0.044359
v 0.465341 0.350415 -0.146559
v -0.260284 0.355127 0.060957
v 0.465304 0.348552 -0.167667
v 0.464127 0.347267 -0.178601
v 0.464570 0.340241 -0.182982
v 0.466373 0.338573 -0.174131
v 0.467674 0.346264 -0.169136
v 0.469115 0.339334 -0.176794
v 0.468238 0.357210 -0.137491
v 0.470886 0.361679 -0.171304
v 0.464441 0.352002 -0.121318
v 0.466674 0.356504 -0.104715
v 0.463556 0.351448 -0.083754
v 0.466125 0.360565 -0.044422
v 0.462814 0.359527 -0.110775
v 0.455752 0.364622 -0.094832
v 0.461556 0.352377 -0.069864
v 0.433109 0.362109 0.007394
v 0.462624 0.352385 -0.048447
v 0.460634 0.357738 -0.029867
v 0.461002 0.352391 -0.019152
v 0.458541 0.361273 0.000850
v 0.460607 0.354033 0.001926
v 0.463529 0.360020 0.017342
v 0.458915 0.353847 0.029575
v 0.461365 0.358683 0.056980
v 0.456773 0.352618 0.064774
v 0.455434 0.362449 0.057504
v 0.447464 0.363248 0.044191
v 0.422895 0.352229 0.067708
v 0.456773 0.352618 0.064774
v 0.455703 0.334681 0.072116
v 0.426314 0.336606 0.072434
v 0.395810 0.335797 0.072954
v 0.403939 0.362227 0.060705
v 0.379900 0.335360 0.073145
v 0.324627 0.334667 0.072332
v 0.250235 0.360723 0.040570
v 0.329578 0.360892 0.057963
v 0.296769 0.333066 0.074890
v 0.282550 0.349933 0.066406
v 0.272448 0.333401 0.075006
v 0.249057 0.361810 0.057652
v 0.248094 0.339491 0.073923
v 0.245078 0.331762 0.072503
v 0.250361 0.357873 0.065011
v 0.226881 0.336559 0.074039
v 0.215750 0.333297 0.075473
v 0.230262 0.354509 0.065537
v 0.223779 0.360254 0.058503
v 0.212111 0.341685 0.072677
v 0.203088 0.332272 0.075685
v 0.170611 0.332108 0.076206
v 0.183798 0.360273 0.057271
v 0.159099 0.332647 0.077030
v 0.103717 0.358789 0.041302
v 0.159629 0.360930 0.058345
v 0.135061 0.334588 0.075608
v 0.128495 0.331904 0.074704
v 0.134727 0.359389 0.060854
v 0.110539 0.332416 0.075553
v 0.099647 0.331177 0.075930
v 0.126483 0.358618 0.059157
v 0.092488 0.331341 0.075335
v 0.100494 0.357298 0.061512
v 0.076634 0.331845 0.076631
v 0.051794 0.358829 0.060277
v 0.066793 0.333595 0.076578
v 0.035902 0.331775 0.076704
v 0.064802 0.357354 0.062266
v 0.034200 0.345367 0.072201
v 0.017320 0.331736 0.076070
v -0.015680 0.332786 0.076815
v 0.006085 0.351580 0.066958
v -0.005953 0.357748 0.063083
v -0.038594 0.335293 0.075880
v -0.068996 0.330454 0.072438
v -0.153420 0.331115 0.070990
v -0.109551 0.356372 0.059142
v -0.047481 0.354513 0.066585
v -0.139675 0.337746 0.072523
v -0.121463 0.355409 0.062928
v -0.183315 0.355955 0.060866
v -0.157664 0.340879 0.070720
v -0.176982 0.329810 0.068563
v -0.178138 0.353775 0.064727
v -0.205836 0.333990 0.070993
v -0.235578 0.330247 0.069591
v -0.203399 0.352502 0.067085
v -0.221383 0.354617 0.063686
v -0.247983 0.332374 0.070591
v -0.268965 0.328931 0.069167
v -0.265853 0.336619 0.069233
v -0.307261 0.331827 0.067921
v -0.318024 0.327701 0.064886
v -0.294584 0.351883 0.063247
v -0.323613 0.334647 0.069419
v -0.351934 0.327974 0.068099
v -0.300758 0.354335 0.061424
v -0.387244 0.335665 0.068799
v -0.369277 0.327287 0.065544
v -0.385519 0.327640 0.067888
v -0.404612 0.326901 0.066890
v -0.359089 0.355958 0.056299
v -0.447147 0.352117 0.058577
v -0.383567 0.351336 0.061121
v -0.414428 0.328553 0.068060
v -0.423333 0.336198 0.065107
v -0.432921 0.327146 0.064768
v -0.276591 0.053347 1.097596
v -0.300774 0.059920 1.096022
v -0.304027 0.054494 1.095888
v -0.264287 0.055461 1.097433
v -0.295489 0.070568 1.096314
v -0.239795 0.057320 1.096930
v -0.225759 0.053330 1.092678
v -0.212286 0.057694 1.096818
v -0.162210 0.056378 1.094818
v -0.112130 0.063497 1.096028
v -0.123612 0.057204 1.096959
v -0.023754 0.056203 1.096537
v -0.163913 0.119485 1.092203
v -0.277084 0.123020 1.092505
v 0.215672 0.061528 1.095785
v 0.095758 0.056145 1.096188
v 0.264637 0.055099 1.096160
v 0.297761 0.058284 1.095331
v 0.296058 0.064965 1.095515
v 0.283418 0.087156 1.094709
v 0.262125 0.117316 1.092539
v 0.029351 0.116617 1.092475
v 0.189801 0.121475 1.089213
v 0.258292 0.124609 1.092328
v -0.008794 0.120916 1.085294
v 0.223005 0.122410 1.079285
v 0.255651 0.123997 1.084330
v 0.254372 0.121493 1.063159
v 0.045627 0.118922 1.085071
v 0.136741 0.120437 1.059782
v 0.229708 0.118081 1.043091
v 0.261560 0.119570 1.045954
v 0.263094 0.119160 1.042282
v 0.265309 0.112470 1.042640
v 0.114969 0.117656 1.046311
v 0.124895 0.112732 1.044025
v 0.067865 0.117482 1.047633
v 0.246949 0.050854 1.046504
v 0.295901 0.057782 1.045319
v 0.300340 0.054096 1.045626
v -0.011778 0.119624 1.049387
v 0.216858 0.051551 1.051154
v 0.193560 0.052890 1.047164
v 0.161838 0.058983 1.046365
v 0.164004 0.053100 1.046906
v 0.123055 0.053051 1.045834
v -0.006566 0.062527 1.045815
v -0.051744 0.053061 1.047196
v -0.125446 0.053741 1.046077
v 0.014892 0.112635 1.043094
v -0.162498 0.062820 1.045645
v -0.161539 0.054098 1.046167
v -0.230297 0.052225 1.046801
v -0.302435 0.058509 1.046368
v -0.281892 0.052193 1.046907
v -0.296306 0.051265 1.049812
v -0.304642 0.054614 1.049056
v -0.269656 0.116214 1.042214
v -0.258059 0.122277 1.048286
v -0.266995 0.122114 1.039651
v -0.258658 0.125586 1.071544
v -0.243137 0.124394 1.090375
v -0.272401 0.126123 1.092298
v -0.270960 0.125688 1.079114
v 0.417660 0.025283 0.046805
v 0.426231 0.042405 0.047814
v 0.424627 0.027847 0.053279
v 0.412662 0.032701 0.046839
v 0.434709 0.088815 0.046444
v 0.378515 0.088163 0.046414
v 0.434465 0.093824 0.048490
v 0.375443 0.093221 0.046041
v 0.434454 0.095167 0.050288
v 0.430756 0.104345 0.043303
v 0.436370 0.098648 0.043564
v 0.444042 0.197361 0.040511
v 0.386208 0.125852 0.044876
v 0.444581 0.235878 0.039606
v 0.448603 0.230987 0.040147
v 0.453337 0.236878 0.042928
v 0.450293 0.239317 0.041808
v 0.450985 0.259016 0.038023
v 0.454140 0.290599 0.037521
v 0.443728 0.292899 0.038825
v 0.378241 0.125523 0.046349
v 0.371510 0.102968 0.054780
v 0.374420 0.093477 0.055492
v 0.412318 0.215085 0.050517
v 0.444067 0.297390 0.043984
v 0.443672 0.295554 0.037892
v 0.373197 0.099482 0.086859
v 0.372390 0.094250 0.089545
v 0.374816 0.093159 0.097026
v 0.388040 0.154560 0.088538
v 0.451399 0.310179 0.086203
v 0.453648 0.318789 0.049274
v 0.444746 0.312319 0.042626
v 0.456993 0.321553 0.034349
v 0.457886 0.333217 0.026724
v 0.457174 0.329693 0.019748
v 0.456696 0.332689 0.046119
v 0.455680 0.334253 0.065673
v 0.455703 0.334681 0.072116
v 0.448521 0.298263 0.089078
v 0.449200 0.268517 0.090732
v 0.447360 0.239558 0.090390
v 0.444331 0.230519 0.090985
v 0.451211 0.232102 0.090058
v 0.409481 0.197248 0.092802
v 0.378889 0.122819 0.097121
v 0.424224 0.097554 0.094316
v 0.431770 0.099578 0.093944
v 0.378275 0.099511 0.096665
v 0.428540 0.095208 0.088653
v 0.424342 0.089083 0.098255
v 0.376692 0.089648 0.097621
v 0.429060 0.088274 0.095635
v 0.428356 0.073423 0.093544
v 0.413263 0.030492 0.098478
v 0.416961 0.030516 0.096111
v 0.411748 0.025789 0.098241
v -0.359288 0.232776 1.090205
v -0.357076 0.229379 1.087610
v -0.352821 0.236866 1.090689
v -0.348691 0.229485 1.090706
v -0.336109 0.231407 1.090221
v -0.344750 0.215811 1.091815
v -0.359778 0.269035 1.089373
v -0.333645 0.166941 1.093540
v -0.353981 0.296592 1.086458
v -0.373738 0.333398 1.089033
v -0.312547 0.127679 1.094466
v -0.322498 0.125331 1.095264
v -0.291712 0.177827 1.090539
v -0.375653 0.334336 1.079086
v -0.379541 0.338959 1.089633
v -0.387924 0.338848 1.039523
v -0.382929 0.336126 1.039041
v -0.324972 0.245743 1.078141
v -0.346336 0.275668 1.044705
v -0.379518 0.332051 1.037973
v -0.303692 0.206421 1.083742
v -0.272722 0.141726 1.048977
v -0.344859 0.262844 1.037822
v -0.372605 0.292873 1.038231
v -0.360534 0.234837 1.041736
v -0.356101 0.230025 1.038733
v -0.350763 0.218338 1.039462
v -0.307807 0.201291 1.038517
v -0.319859 0.120778 1.041957
v -0.346412 0.185670 1.041007
v -0.331722 0.125131 1.042066
v -0.328221 0.120002 1.051515
v -0.323533 0.094245 1.050233
v -0.284640 0.134328 1.039067
v -0.302435 0.058509 1.046368
v -0.313357 0.058255 1.050793
v -0.304642 0.054614 1.049056
v -0.269656 0.116214 1.042214
v -0.266995 0.122114 1.039651
v -0.281626 0.155165 1.038353
v -0.258658 0.125586 1.071544
v -0.283436 0.165966 1.065097
v -0.272085 0.137546 1.078922
v -0.270960 0.125688 1.079114
v -0.272401 0.126123 1.092298
v -0.273831 0.143504 1.091499
v -0.277084 0.123020 1.092505
v -0.295489 0.070568 1.096314
v -0.300774 0.059920 1.096022
v -0.308832 0.061922 1.089921
v -0.304027 0.054494 1.095888
v -0.315862 0.119704 1.092203
v -0.320450 0.109321 1.089395
v -0.323181 0.115032 1.085172
v 0.420034 0.036437 -0.904829
v 0.416921 0.037225 -0.905456
v 0.410579 0.033098 -0.901462
v 0.393187 0.033457 -0.904612
v 0.298625 0.040426 -0.905158
v 0.351658 0.033209 -0.905058
v 0.317990 0.033620 -0.906281
v 0.302154 0.033599 -0.905194
v 0.225474 0.033305 -0.905765
v 0.380529 0.093594 -0.903180
v 0.102507 0.039632 -0.906662
v 0.138816 0.033304 -0.906188
v 0.095335 0.033387 -0.905967
v 0.044057 0.032285 -0.907397
v 0.118299 0.091826 -0.904953
v -0.003288 0.038507 -0.907692
v -0.032204 0.032103 -0.908154
v -0.039747 0.088590 -0.906808
v -0.124841 0.038088 -0.908801
v -0.083541 0.031165 -0.906097
v -0.116239 0.031989 -0.908141
v -0.148488 0.031764 -0.908469
v -0.215464 0.032400 -0.909017
v -0.376519 0.030431 -0.909821
v -0.421393 0.036952 -0.909507
v -0.426487 0.032099 -0.910126
v -0.386307 0.085612 -0.908051
v -0.184513 0.089066 -0.907388
v -0.357936 0.095829 -0.907917
v -0.377817 0.098087 -0.906490
v -0.376920 0.099228 -0.908792
v -0.090608 0.093255 -0.909254
v -0.368604 0.099265 -0.910223
v -0.372143 0.100323 -0.930735
v -0.088502 0.098045 -0.915509
v -0.306694 0.099508 -0.920752
v -0.364269 0.101354 -0.952691
v -0.384363 0.102126 -0.954659
v -0.389739 0.098238 -0.957937
v -0.236254 0.100273 -0.942846
v -0.254128 0.096727 -0.956487
v -0.298446 0.039661 -0.961058
v -0.419116 0.043766 -0.961715
v -0.411290 0.034353 -0.962573
v -0.424200 0.036532 -0.962047
v -0.270347 0.032910 -0.961308
v -0.146756 0.033568 -0.959933
v -0.158683 0.093668 -0.956446
v -0.085381 0.040526 -0.959383
v -0.099527 0.033506 -0.959218
v -0.038122 0.034740 -0.959134
v 0.088489 0.034807 -0.957773
v 0.068271 0.043240 -0.957068
v 0.140184 0.034973 -0.958042
v -0.020513 0.087815 -0.955732
v 0.220580 0.043777 -0.956691
v 0.167583 0.034741 -0.957661
v 0.229417 0.034475 -0.956745
v -0.058353 0.095168 -0.953453
v 0.290387 0.034268 -0.956441
v -0.008259 0.100125 -0.946083
v 0.334904 0.033841 -0.956530
v 0.289057 0.033965 -0.964209
v 0.393637 0.034646 -0.965075
v 0.345177 0.044341 -0.955824
v 0.413815 0.035406 -0.955843
v 0.414257 0.035356 -0.962330
v 0.419533 0.036956 -0.959130
v 0.414488 0.044905 -0.955153
v 0.376841 0.097917 -0.953645
v 0.175839 0.096382 -0.950168
v 0.365093 0.102396 -0.954172
v 0.372003 0.102863 -0.954748
v 0.076296 0.100296 -0.940152
v 0.371483 0.103407 -0.941793
v 0.353758 0.102686 -0.931079
v -0.004853 0.099270 -0.916816
v 0.367856 0.102837 -0.923787
v 0.375040 0.104177 -0.920019
v 0.375538 0.101571 -0.904050
v 0.354300 0.100538 -0.905422
v -0.042556 0.098957 -0.914237
v 0.086251 0.274150 2.062993
v 0.086168 0.266298 2.054219
v 0.082237 0.267605 2.059801
v 0.083925 0.269192 2.008867
v 0.093442 0.271308 2.009006
v 0.088234 0.275507 2.007601
v 0.089110 0.273805 2.066289
v 0.098432 0.271177 2.053267
v 0.096428 0.266951 2.008935
v 0.088858 0.264791 2.067150
v 0.092478 0.261168 2.009241
v 0.093264 0.260986 2.056700
v 0.084754 0.263260 2.062720
v 0.086158 0.262543 2.008625
v 0.086168 0.266298 2.054219
v 0.082237 0.267605 2.059801
v 0.083925 0.269192 2.008867
v 0.323596 0.115709 1.053960
v 0.328644 0.125470 1.041270
v 0.322822 0.106619 1.053356
v 0.323648 0.106631 1.049773
v 0.317739 0.082260 1.056456
v 0.343438 0.132686 0.950703
v 0.339874 0.229415 1.035151
v 0.312489 0.054782 1.048025
v 0.309773 0.057141 1.055194
v 0.300340 0.054096 1.045626
v 0.341455 0.044274 0.840319
v 0.301817 0.053177 1.039979
v 0.246949 0.050854 1.046504
v 0.328660 0.045748 0.888618
v 0.262870 0.051901 1.042618
v 0.256725 0.045730 0.962570
v 0.253090 0.049390 1.043791
v 0.248664 0.049472 1.040630
v 0.216858 0.051551 1.051154
v 0.243473 0.042323 0.912270
v 0.193333 0.052272 1.039530
v 0.193560 0.052890 1.047164
v 0.164004 0.053100 1.046906
v 0.127841 0.043661 0.880625
v 0.099448 0.051626 1.035770
v 0.123055 0.053051 1.045834
v -0.051744 0.053061 1.047196
v 0.123282 0.034562 0.616661
v -0.124539 0.053324 1.038229
v -0.125446 0.053741 1.046077
v -0.161539 0.054098 1.046167
v -0.230297 0.052225 1.046801
v -0.043406 0.041692 0.867281
v 0.035935 0.026924 0.423062
v -0.130610 0.038166 0.669516
v -0.308779 0.049433 1.041993
v -0.281892 0.052193 1.046907
v -0.296306 0.051265 1.049812
v -0.304642 0.054614 1.049056
v -0.313357 0.058255 1.050793
v -0.316213 0.063594 1.047222
v -0.323533 0.094245 1.050233
v -0.331722 0.125131 1.042066
v -0.328221 0.120002 1.051515
v -0.348070 0.183391 1.026483
v -0.346412 0.185670 1.041007
v -0.315772 0.050269 1.026302
v -0.354819 0.219868 1.034638
v -0.350763 0.218338 1.039462
v -0.356101 0.230025 1.038733
v -0.355690 0.072681 0.812024
v -0.323321 0.045345 0.961090
v -0.333787 0.042419 0.892319
v -0.329320 0.041910 0.885585
v -0.347718 0.036954 0.786541
v -0.357493 0.032257 0.611705
v -0.363476 0.034581 0.670754
v -0.379704 0.078228 0.644619
v -0.381509 0.028507 0.524449
v -0.393357 0.214993 0.758688
v -0.392136 0.053241 0.508559
v -0.421375 0.214202 0.507566
v -0.377382 0.029221 0.483832
v -0.388778 0.026279 0.466051
v -0.405510 0.036469 0.359416
v -0.106998 0.028796 0.309779
v -0.397838 0.024936 0.388530
v -0.407389 0.024002 0.227639
v -0.412324 0.022427 0.260878
v -0.418355 0.023950 0.097969
v -0.424548 0.074359 0.245116
v -0.427279 0.032227 0.100132
v -0.424088 0.022453 0.101223
v -0.426334 0.027326 0.088959
v -0.419602 0.025035 0.091679
v -0.439510 0.093045 0.091703
v -0.411873 0.023975 0.087722
v -0.346390 0.025190 0.092131
v -0.138928 0.025893 0.094223
v -0.125089 0.026286 0.101341
v -0.124568 0.026762 0.093774
v -0.102462 0.025611 0.093388
v -0.027305 0.023104 0.100396
v 0.064831 0.024267 0.094781
v 0.094849 0.024683 0.096527
v 0.129141 0.026960 0.308076
v 0.178376 0.025422 0.102988
v 0.140029 0.026359 0.095681
v 0.257021 0.030646 0.553186
v 0.266621 0.025490 0.210327
v 0.242176 0.025077 0.101277
v 0.262512 0.031887 0.631724
v 0.271624 0.022421 0.189149
v 0.265679 0.025017 0.100797
v 0.270628 0.021982 0.101418
v 0.268569 0.031329 0.624887
v 0.273028 0.022550 0.202928
v 0.301670 0.022183 0.101214
v 0.292466 0.036047 0.698714
v 0.263612 0.022688 0.280121
v 0.340367 0.040957 0.750458
v 0.263264 0.025624 0.336905
v 0.267865 0.024223 0.320877
v 0.261055 0.027589 0.503287
v 0.265372 0.029445 0.533803
v 0.387718 0.027048 0.286756
v 0.375132 0.033748 0.543766
v 0.381236 0.029947 0.395977
v 0.411596 0.026351 0.157557
v 0.343877 0.023426 0.097532
v 0.411748 0.025789 0.098241
v 0.400954 0.028509 0.299457
v 0.420008 0.030039 0.105935
v 0.416961 0.030516 0.096111
v 0.428356 0.073423 0.093544
v 0.389698 0.029891 0.408479
v 0.404988 0.034178 0.279927
v 0.404676 0.044971 0.293726
v 0.430954 0.085065 0.099652
v 0.429060 0.088274 0.095635
v 0.408757 0.121857 0.421784
v 0.431770 0.099578 0.093944
v 0.428540 0.095208 0.088653
v 0.382445 0.037289 0.500713
v 0.442480 0.196069 0.096447
v 0.365811 0.036627 0.644221
v 0.383306 0.135456 0.661975
v 0.406708 0.151994 0.460059
v 0.398120 0.221519 0.601487
v 0.436310 0.217684 0.199892
v 0.426712 0.219448 0.307037
v 0.442340 0.207931 0.091637
v 0.444331 0.230519 0.090985
v 0.444625 0.230177 0.095113
v 0.451211 0.232102 0.090058
v 0.447360 0.239558 0.090390
v 0.432702 0.231657 0.250139
v 0.438059 0.231619 0.187258
v 0.449741 0.231715 0.120382
v 0.432604 0.232986 0.304279
v 0.450835 0.239228 0.124170
v 0.448753 0.231769 0.158327
v 0.440738 0.232737 0.252628
v 0.436226 0.240676 0.300671
v 0.428296 0.243570 0.318918
v 0.438634 0.289169 0.250044
v 0.449200 0.268517 0.090732
v 0.391662 0.246264 0.702167
v 0.455825 0.350821 0.105117
v 0.451399 0.310179 0.086203
v 0.455703 0.334681 0.072116
v 0.456773 0.352618 0.064774
v 0.461365 0.358683 0.056980
v 0.441622 0.354028 0.293043
v 0.433679 0.341604 0.357668
v 0.433916 0.353134 0.373724
v 0.425544 0.267247 0.378991
v 0.420413 0.351330 0.513774
v 0.414769 0.356987 0.584545
v 0.396742 0.270288 0.656427
v 0.399512 0.344474 0.692420
v 0.384468 0.357027 0.834498
v 0.372159 0.347208 0.906836
v 0.373066 0.354897 0.907853
v 0.369020 0.354211 0.933437
v 0.358868 0.357374 1.029709
v 0.356170 0.355223 1.029864
v 0.355487 0.343136 1.022021
v 0.353308 0.338185 1.028941
v 0.343388 0.255637 1.026512
v 0.341530 0.251953 1.033305
v 0.369333 0.260296 0.851975
v 0.348800 0.248149 1.037390
v 0.341555 0.242693 1.034303
v 0.379429 0.248120 0.777848
v 0.354399 0.248043 1.002697
v 0.341555 0.242693 1.034303
v 0.349485 0.253248 0.988997
v 0.368805 0.249642 0.843749
v 0.351929 0.250565 0.971230
v 0.363071 0.247992 0.909879
v 0.383491 0.246261 0.787888
v 0.360892 0.244191 0.976314
v 0.362828 0.246982 0.940905
v 0.365131 0.241057 0.913546
v 0.352409 0.241220 0.951682
v 0.381549 0.240228 0.757338
v 0.409595 0.243768 0.597096
v 0.410976 0.234401 0.483391
v 0.406260 0.236330 0.601796
v 0.419695 0.235193 0.486606
v -0.476591 0.344981 0.089928
v -0.475398 0.341528 0.060699
v -0.477256 0.345441 0.042817
v -0.473919 0.343648 0.125869
v -0.475780 0.337330 0.071007
v -0.473209 0.329361 0.070441
v -0.472706 0.323234 0.078890
v -0.470537 0.315349 0.088105
v -0.472744 0.337606 0.119735
v -0.458904 0.338861 0.341867
v -0.461960 0.342016 0.356382
v -0.449082 0.340535 0.526116
v -0.469572 0.308871 0.091934
v -0.463132 0.256684 0.087948
v -0.456705 0.265812 0.227313
v -0.459483 0.228200 0.091416
v -0.459863 0.224485 0.087658
v -0.467481 0.224806 0.089972
v -0.438188 0.337168 0.593971
v -0.443389 0.337965 0.587274
v -0.437881 0.339203 0.641101
v -0.435194 0.322126 0.596718
v -0.420604 0.338341 0.777391
v -0.418393 0.338744 0.822146
v -0.382929 0.336126 1.039041
v -0.400304 0.338821 0.961166
v -0.387924 0.338848 1.039523
v -0.412159 0.330411 0.823602
v -0.382058 0.331107 1.034162
v -0.379518 0.332051 1.037973
v -0.399240 0.291214 0.847203
v -0.373377 0.291836 1.032326
v -0.372605 0.292873 1.038231
v -0.360534 0.234837 1.041736
v -0.429908 0.277161 0.558971
v -0.381259 0.231910 0.898541
v -0.364440 0.232660 1.020935
v -0.356742 0.227189 1.031048
v -0.369544 0.229018 1.006717
v -0.373683 0.226317 0.917753
v -0.377878 0.230419 0.966162
v -0.382381 0.226161 0.919143
v -0.387841 0.224491 0.867726
v -0.396786 0.226453 0.765127
v -0.398961 0.227337 0.823474
v -0.394513 0.237714 0.815849
v -0.397938 0.231398 0.802693
v -0.413768 0.228750 0.647221
v -0.408381 0.222383 0.664486
v -0.417191 0.233255 0.612278
v -0.418187 0.223023 0.617855
v -0.428632 0.223889 0.473540
v -0.425898 0.227861 0.590766
v -0.423375 0.232453 0.556500
v -0.430684 0.226332 0.473973
v -0.436621 0.222407 0.462500
v -0.449668 0.226498 0.263203
v -0.437976 0.223868 0.383045
v -0.456557 0.226703 0.241396
v -0.453169 0.221378 0.262742
v -0.456324 0.222676 0.188472
v -0.465126 0.220907 0.088582
v -0.450606 0.209134 0.192276
v -0.457017 0.218359 0.093324
v -0.458221 0.221332 0.088361
v -0.439686 0.101775 0.089166
v -0.439299 0.099023 0.098106
v -0.438875 0.094774 0.079955
v -0.426487 0.032099 -0.910126
v -0.421393 0.036952 -0.909507
v -0.432962 0.057645 -0.908994
v -0.438174 0.094629 -0.906620
v -0.431977 0.095150 -0.906535
v -0.386307 0.085612 -0.908051
v -0.437957 0.099431 -0.910379
v -0.385989 0.099014 -0.905904
v -0.377817 0.098087 -0.906490
v -0.434607 0.100408 -0.920337
v -0.376920 0.099228 -0.908792
v -0.437803 0.112324 -0.911361
v -0.440302 0.110707 -0.911360
v -0.417200 0.103814 -0.909730
v -0.397241 0.157636 -0.904415
v -0.425477 0.136271 -0.908548
v -0.436604 0.130562 -0.909650
v -0.439346 0.215377 -0.905010
v -0.434157 0.225995 -0.904303
v -0.440341 0.227849 -0.904870
v -0.439392 0.232266 -0.902571
v -0.437267 0.294943 -0.901066
v -0.442508 0.328612 -0.904874
v -0.424392 0.262741 -0.902197
v -0.437311 0.329482 -0.907260
v -0.440129 0.330732 -0.926338
v -0.385106 0.134746 -0.910608
v -0.432972 0.330748 -0.940747
v -0.439159 0.334227 -0.939346
v -0.437738 0.311903 -0.947193
v -0.381234 0.133646 -0.941090
v -0.372143 0.100323 -0.930735
v -0.433473 0.314793 -0.948382
v -0.435280 0.248578 -0.951393
v -0.384363 0.102126 -0.954659
v -0.426878 0.258562 -0.949624
v -0.434109 0.167956 -0.956308
v -0.387885 0.138203 -0.953007
v -0.393261 0.103867 -0.956071
v -0.389739 0.098238 -0.957937
v -0.423881 0.109952 -0.959337
v -0.432689 0.110881 -0.960176
v -0.427385 0.101546 -0.949510
v -0.434503 0.101719 -0.946585
v -0.431679 0.096697 -0.958608
v -0.425691 0.090810 -0.958443
v -0.428110 0.062430 -0.959807
v -0.419116 0.043766 -0.961715
v -0.424200 0.036532 -0.962047
v -0.476007 0.323761 -0.175009
v -0.476556 0.324859 -0.181215
v -0.438495 0.326206 -0.179647
v -0.438090 0.324564 -0.173408
v -0.470997 0.316667 -0.175409
v -0.474002 0.297658 -0.175466
v -0.445438 0.298083 -0.176253
v -0.437065 0.309320 -0.175406
v -0.469789 0.293180 -0.172385
v -0.473334 0.292101 -0.154676
v -0.471777 0.291366 -0.042704
v -0.446215 0.296218 -0.170769
v -0.437065 0.309320 -0.175406
v -0.464923 0.291926 -0.019741
v -0.469719 0.292872 -0.011550
v -0.468602 0.292576 0.037167
v -0.463479 0.293400 0.036910
v -0.442326 0.294746 -0.056113
v -0.438090 0.324564 -0.173408
v -0.433034 0.323740 -0.055962
v -0.433296 0.306968 -0.046704
v -0.434323 0.323309 -0.013376
v -0.432270 0.324488 0.026754
v -0.431602 0.306692 0.035423
v -0.436593 0.325704 0.034931
v -0.431679 0.306893 0.028396
v -0.438611 0.296434 0.034958
v -0.440970 0.294757 -0.030180
v -0.455416 0.293992 0.029706
v -0.459854 0.293364 0.036949
v -0.453407 0.298864 0.036201
v -0.431602 0.306692 0.035423
v -0.462389 0.298872 0.036649
v -0.436593 0.325704 0.034931
v -0.472246 0.321160 0.036772
v -0.465490 0.324310 0.035730
v 0.428717 0.340215 -0.182198
v 0.464570 0.340241 -0.182982
v 0.429217 0.337946 -0.174229
v 0.466373 0.338573 -0.174131
v 0.465443 0.332475 -0.173488
v 0.428484 0.335071 -0.175189
v 0.464068 0.317862 -0.174938
v 0.432881 0.309239 -0.176032
v 0.462945 0.305142 -0.175056
v 0.424742 0.310348 -0.176296
v 0.432823 0.308989 -0.169748
v 0.462597 0.304507 -0.166063
v 0.457508 0.294858 -0.029445
v 0.449646 0.291807 0.030714
v 0.454140 0.290599 0.037521
v 0.443728 0.292899 0.038825
v 0.443672 0.295554 0.037892
v 0.420717 0.295841 0.035654
v 0.424648 0.313792 -0.169779
v 0.420847 0.304096 -0.088926
v 0.428285 0.337197 -0.165989
v 0.428484 0.335071 -0.175189
v 0.429217 0.337946 -0.174229
v 0.425856 0.335280 -0.094135
v 0.418986 0.308342 -0.025900
v 0.416615 0.305153 0.036277
v 0.421512 0.327790 -0.014848
v 0.418824 0.324187 0.037446
v 0.429553 0.334581 -0.037552
v 0.426314 0.327215 0.033647
v 0.429258 0.330133 -0.007097
v 0.429561 0.333989 -0.013332
v 0.435401 0.330261 0.008747
v 0.426585 0.332950 0.035032
v 0.424974 0.301511 0.036179
v 0.416615 0.305153 0.036277
v 0.418824 0.324187 0.037446
v 0.444131 0.312178 0.037957
v 0.444746 0.312319 0.042626
v 0.441416 0.324130 0.034892
v 0.456993 0.321553 0.034349
v 0.426314 0.327215 0.033647
v 0.457174 0.329693 0.019748
v 0.437807 0.330554 0.037749
v 0.426585 0.332950 0.035032
v 0.426759 0.334022 0.046054
v 0.457886 0.333217 0.026724
v 0.441270 0.333233 0.046477
v 0.456696 0.332689 0.046119
v 0.347664 0.286632 -1.581132
v 0.345486 0.288058 -1.590517
v 0.340637 0.287945 -1.583331
v 0.320868 0.291494 -1.585059
v 0.306220 0.292016 -1.675063
v 0.321620 0.291342 -1.737409
v 0.319030 0.284360 -1.591196
v 0.293866 0.292574 -1.749809
v 0.289265 0.292904 -1.784779
v 0.311776 0.290404 -1.806772
v 0.286393 0.285007 -1.787430
v 0.320395 0.285274 -1.584191
v 0.340637 0.287945 -1.583331
v 0.345644 0.260352 -1.579121
v 0.347664 0.286632 -1.581132
v 0.343585 0.243455 -1.581807
v 0.315673 0.248451 -1.583590
v 0.314699 0.247974 -1.590794
v 0.316614 0.241983 -1.583598
v 0.343559 0.238481 -1.582027
v 0.301079 0.242974 -1.656425
v 0.343559 0.238481 -1.582027
v 0.340093 0.237102 -1.621411
v 0.346575 0.236645 -1.589443
v 0.323317 0.238286 -1.704156
v 0.283196 0.240455 -1.900872
v 0.263921 0.245297 -1.891809
v 0.262802 0.245632 -1.898273
v 0.263913 0.249079 -1.893825
v 0.268956 0.289576 -1.895731
v 0.268545 0.293472 -1.901740
v 0.270200 0.293400 -1.895590
v 0.283655 0.293811 -1.875497
v 0.289305 0.294335 -1.901010
v 0.295161 0.292891 -1.897998
v -0.166057 0.124157 2.006451
v -0.155932 0.120946 2.007488
v -0.157947 0.128034 2.009897
v -0.119443 0.121448 2.009144
v -0.155579 0.131191 2.005701
v -0.158640 0.130773 1.996715
v -0.111282 0.122431 2.004597
v -0.159331 0.140243 1.996608
v -0.153402 0.134711 2.009819
v -0.106427 0.125469 2.008335
v -0.157332 0.155409 2.011110
v -0.081915 0.120845 2.008949
v -0.050896 0.119301 2.006383
v -0.034000 0.119149 2.007375
v -0.127482 0.164086 2.011960
v -0.023556 0.135576 2.009086
v -0.004783 0.122750 2.009201
v -0.024581 0.120564 2.001942
v -0.012007 0.117865 1.996605
v 0.002373 0.119367 2.004508
v 0.011360 0.119208 2.003749
v 0.070855 0.126625 2.010590
v 0.077114 0.135772 2.009192
v 0.098728 0.130906 2.010301
v 0.108176 0.135746 2.007970
v -0.042358 0.186420 2.010985
v 0.126655 0.139599 1.996151
v 0.110636 0.137213 1.999473
v -0.100445 0.254995 2.009190
v -0.088164 0.254652 2.008020
v 0.150353 0.172438 2.008545
v 0.127336 0.141203 2.007211
v 0.134638 0.139139 2.001985
v 0.146495 0.146660 2.006452
v 0.147235 0.140681 1.995346
v 0.138588 0.137552 1.992990
v 0.134638 0.139139 2.001985
v 0.136557 0.136592 2.008493
v 0.151081 0.137021 2.007909
v 0.158972 0.137962 2.006095
v 0.157622 0.139222 2.000704
v 0.161762 0.144769 1.996004
v 0.168060 0.145124 2.003980
v 0.176734 0.170008 2.002140
v 0.172460 0.155887 1.996226
v 0.180773 0.158949 1.997582
v 0.184368 0.186883 1.999323
v 0.179026 0.190085 2.001895
v 0.177845 0.267816 2.005411
v 0.184897 0.231858 2.003052
v 0.188287 0.267266 2.004459
v 0.189604 0.349024 2.006258
v 0.201426 0.313574 2.004320
v 0.206885 0.349622 2.003284
v 0.212075 0.362012 1.999487
v 0.197142 0.370956 1.998442
v 0.195025 0.365381 1.994697
v 0.200491 0.368954 1.977621
v 0.153078 0.230806 2.007610
v 0.192236 0.351079 2.002981
v 0.191151 0.366413 2.001731
v 0.205236 0.366940 1.950546
v 0.175696 0.373264 1.957532
v 0.160815 0.375455 1.995772
v 0.146152 0.355790 2.006063
v 0.138367 0.370987 2.006264
v 0.109725 0.382110 1.982952
v 0.109754 0.376549 1.950724
v 0.094635 0.378850 2.002828
v -0.021684 0.375955 2.005124
v -0.013062 0.384393 1.997845
v 0.050674 0.383562 1.962151
v 0.001916 0.377918 1.952446
v -0.060076 0.376619 1.955449
v -0.101216 0.374027 1.953568
v -0.057545 0.381351 1.979777
v -0.209352 0.356022 1.994340
v -0.199718 0.354797 1.954104
v -0.200153 0.351122 1.950476
v -0.214645 0.349819 1.950797
v -0.216446 0.354812 1.950588
v -0.222870 0.354157 1.950893
v -0.213606 0.356097 1.997328
v -0.203653 0.350320 2.005167
v -0.213757 0.341006 2.006089
v -0.198591 0.316322 2.007290
v -0.201987 0.301794 2.008685
v -0.192128 0.253789 2.007029
v -0.196947 0.329318 2.005569
v -0.180727 0.262527 2.007118
v -0.187917 0.241543 2.007787
v -0.001583 0.349422 2.008470
v -0.097133 0.267666 2.007905
v -0.071560 0.264986 2.008783
v 0.026849 0.285314 2.007093
v -0.102716 0.264184 2.007123
v -0.181482 0.207405 2.009849
v -0.168641 0.134261 2.009170
v -0.084694 0.260041 2.010352
v -0.088344 0.268233 2.008857
v 0.075638 0.240724 2.007666
v -0.166057 0.124157 2.006451
v -0.157947 0.128034 2.009897
v 0.086158 0.262543 2.008625
v -0.160080 0.142532 2.005307
v -0.158640 0.130773 1.996715
v 0.093944 0.249074 2.008099
v 0.083925 0.269192 2.008867
v 0.088234 0.275507 2.007601
v 0.112393 0.270910 2.008385
v 0.096428 0.266951 2.008935
v 0.092478 0.261168 2.009241
v 0.093442 0.271308 2.009006
v 0.284981 0.232734 -1.930749
v 0.284490 0.234583 -1.906464
v 0.291045 0.231425 -1.907314
v 0.279705 0.231039 -1.925700
v 0.276337 0.238403 -1.922551
v 0.273678 0.231409 -1.931570
v 0.263992 0.231120 -1.931154
v 0.279882 0.239115 -1.905654
v 0.278426 0.254431 -1.931689
v 0.281877 0.244375 -1.924912
v 0.288879 0.248596 -1.932585
v 0.284675 0.261150 -1.929679
v 0.293331 0.248659 -1.932791
v 0.289474 0.240417 -1.933104
v 0.282088 0.242120 -1.933640
v 0.289474 0.240417 -1.933104
v 0.286634 0.236862 -1.925722
v 0.287439 0.237966 -1.909333
v 0.293403 0.236212 -1.908473
v 0.284490 0.234583 -1.906464
v 0.291045 0.231425 -1.907314
v -0.086799 0.256846 1.942629
v -0.085831 0.256619 1.952058
v -0.098911 0.249933 1.951071
v -0.099642 0.258334 1.934504
v -0.090132 0.260291 1.942636
v -0.091211 0.261531 1.933995
v -0.094981 0.267976 1.934028
v -0.101639 0.265765 1.934198
v -0.105983 0.256726 1.952592
v -0.101639 0.265765 1.934198
v -0.103263 0.269224 1.953165
v -0.094981 0.267976 1.934028
v -0.085900 0.267621 1.951851
v -0.094659 0.273509 1.952680
v -0.091211 0.261531 1.933995
v -0.090132 0.260291 1.942636
v -0.086799 0.256846 1.942629
v -0.085831 0.256619 1.952058
v -0.260258 0.092221 -1.895418
v -0.254392 0.087307 -1.890040
v -0.259432 0.102399 -1.890725
v -0.130671 0.091789 -1.890682
v -0.156105 0.082117 -1.891042
v -0.121167 0.083546 -1.891359
v -0.261551 0.124147 -1.890889
v -0.096730 0.083283 -1.890652
v -0.272361 0.157599 -1.895925
v -0.267956 0.132015 -1.895947
v -0.274148 0.210037 -1.894520
v -0.279788 0.184707 -1.895238
v -0.289229 0.233892 -1.896469
v -0.266637 0.241393 -1.894636
v -0.289935 0.239009 -1.895916
v -0.271055 0.289266 -1.897167
v -0.286141 0.290781 -1.896041
v -0.298757 0.291417 -1.899122
v -0.301277 0.322377 -1.898344
v -0.061798 0.084359 -1.889357
v -0.060944 0.080853 -1.892508
v -0.020319 0.239544 -1.896039
v 0.058567 0.085425 -1.891197
v 0.058788 0.080420 -1.893011
v 0.109659 0.080501 -1.891866
v 0.150396 0.082212 -1.892419
v 0.150125 0.079903 -1.892807
v 0.167438 0.082179 -1.890552
v 0.178173 0.124828 -1.891989
v 0.193978 0.082081 -1.890330
v 0.215651 0.079322 -1.890614
v 0.242156 0.079173 -1.889506
v 0.254263 0.094777 -1.891046
v 0.247422 0.083452 -1.885432
v 0.253872 0.086205 -1.887412
v 0.249956 0.102873 -1.891502
v 0.256328 0.108060 -1.892251
v 0.259424 0.131586 -1.892414
v 0.262005 0.169871 -1.894523
v 0.265232 0.151181 -1.895398
v 0.269952 0.176876 -1.889709
v 0.272523 0.234252 -1.898213
v 0.275047 0.208443 -1.897987
v 0.278637 0.232232 -1.898691
v 0.282990 0.236165 -1.901155
v 0.283196 0.240455 -1.900872
v 0.262802 0.245632 -1.898273
v 0.255000 0.245954 -1.894992
v 0.268545 0.293472 -1.901740
v 0.165518 0.292666 -1.901359
v 0.290221 0.298391 -1.902948
v 0.289305 0.294335 -1.901010
v 0.024972 0.380383 -1.907699
v 0.300521 0.362548 -1.907445
v 0.294557 0.303120 -1.910793
v 0.304035 0.361650 -1.910505
v 0.305564 0.377945 -1.908760
v 0.298613 0.383848 -1.911018
v 0.305957 0.382779 -1.915148
v 0.169597 0.382259 -1.909698
v 0.300701 0.383157 -1.926355
v 0.318275 0.382030 -1.930668
v 0.172799 0.385949 -1.911748
v 0.293687 0.376075 -1.939720
v 0.319014 0.373582 -1.936026
v 0.021570 0.390332 -1.917005
v 0.293748 0.383383 -1.933896
v 0.290510 0.318710 -1.935424
v 0.307395 0.291553 -1.933830
v 0.179501 0.376704 -1.940950
v 0.030943 0.388311 -1.932729
v 0.271758 0.273595 -1.933613
v 0.051015 0.382972 -1.937963
v 0.004801 0.298423 -1.933702
v 0.001627 0.378069 -1.933306
v -0.047088 0.391506 -1.911675
v -0.051713 0.392179 -1.932571
v -0.049320 0.385523 -1.907026
v -0.034024 0.385204 -1.939030
v -0.179422 0.385698 -1.904601
v -0.312302 0.362745 -1.901169
v -0.314030 0.378268 -1.901038
v -0.315344 0.386152 -1.901972
v -0.211330 0.389437 -1.905987
v -0.309336 0.391375 -1.908948
v -0.309862 0.387499 -1.921680
v -0.127470 0.390864 -1.919123
v -0.191608 0.390135 -1.925805
v -0.303702 0.390643 -1.926675
v -0.308760 0.382157 -1.931078
v -0.123187 0.385543 -1.935165
v -0.143113 0.379608 -1.937192
v -0.078627 0.345083 -1.936018
v -0.313648 0.355284 -1.932068
v -0.328404 0.384755 -1.928538
v -0.330777 0.374780 -1.927386
v -0.322432 0.322008 -1.926255
v -0.305574 0.260428 -1.925998
v -0.199490 0.085935 -1.921696
v -0.284768 0.215150 -1.924887
v -0.299179 0.237231 -1.924556
v -0.296857 0.215564 -1.925725
v -0.293882 0.207283 -1.922635
v -0.293973 0.195663 -1.924691
v -0.292084 0.177430 -1.922421
v -0.284851 0.159306 -1.917277
v -0.277261 0.119746 -1.917342
v -0.252480 0.099440 -1.919325
v -0.275975 0.103755 -1.915884
v -0.264291 0.075118 -1.913691
v -0.254282 0.071890 -1.916248
v -0.248798 0.075876 -1.914891
v -0.230540 0.071657 -1.916763
v -0.182062 0.070852 -1.919636
v -0.170854 0.069386 -1.918413
v -0.167075 0.066973 -1.911770
v -0.158658 0.067790 -1.917081
v -0.135147 0.073497 -1.921075
v -0.139871 0.066919 -1.915391
v -0.129559 0.065933 -1.912160
v -0.102764 0.067054 -1.917914
v -0.057859 0.069002 -1.920197
v -0.043545 0.083255 -1.922639
v -0.039184 0.067500 -1.919890
v -0.038401 0.067979 -1.915134
v -0.035826 0.070062 -1.914850
v -0.034308 0.067319 -1.919484
v -0.010238 0.066005 -1.918489
v 0.105065 0.082665 -1.922629
v 0.094825 0.065383 -1.919986
v 0.123863 0.067999 -1.921699
v 0.146116 0.070002 -1.923012
v 0.164360 0.071650 -1.922855
v 0.202499 0.075094 -1.922527
v 0.263992 0.231120 -1.931154
v 0.240285 0.082541 -1.923670
v 0.244129 0.073155 -1.922030
v 0.255905 0.069968 -1.915653
v 0.258122 0.077448 -1.920426
v 0.263548 0.120840 -1.925579
v 0.273929 0.153868 -1.928028
v 0.279154 0.221878 -1.930444
v 0.285774 0.199665 -1.929119
v 0.293330 0.228650 -1.928667
v 0.284981 0.232734 -1.930749
v 0.279705 0.231039 -1.925700
v 0.273678 0.231409 -1.931570
v 0.278426 0.254431 -1.931689
v 0.280627 0.269923 -1.933213
v 0.284675 0.261150 -1.929679
v 0.286031 0.267577 -1.914729
v 0.287974 0.292408 -1.924792
v 0.288621 0.284191 -1.924324
v 0.288481 0.286034 -1.933733
v 0.284675 0.261150 -1.929679
v 0.288879 0.248596 -1.932585
v 0.295287 0.294547 -1.934793
v 0.302424 0.254354 -1.931563
v 0.293331 0.248659 -1.932791
v 0.432197 0.354180 -0.886268
v 0.428660 0.333669 -0.917783
v 0.432224 0.323853 -0.890066
v 0.425990 0.368957 -0.948021
v 0.434146 0.368987 -0.888107
v 0.427570 0.332554 -0.933008
v 0.434948 0.371490 -0.885989
v 0.427071 0.371872 -0.954348
v 0.427100 0.316687 -0.938877
v 0.416784 0.372422 -1.043979
v 0.428965 0.249024 -0.953717
v 0.427897 0.238577 -0.945164
v 0.414658 0.361452 -1.052237
v 0.397386 0.373848 -1.215824
v 0.400461 0.376483 -1.215975
v 0.375182 0.376527 -1.411355
v 0.398514 0.349154 -1.198367
v 0.366728 0.371110 -1.459618
v 0.355387 0.379084 -1.558861
v 0.352823 0.373099 -1.558848
v 0.349945 0.295437 -1.563271
v 0.350153 0.284572 -1.562419
v 0.351447 0.287709 -1.554058
v 0.355081 0.289586 -1.527318
v 0.353558 0.284088 -1.540154
v 0.348743 0.243029 -1.548169
v 0.368129 0.244036 -1.445254
v 0.392112 0.248444 -1.240572
v 0.377627 0.235553 -1.373696
v 0.348217 0.237921 -1.549157
v 0.354617 0.234994 -1.559416
v 0.397897 0.239191 -1.190067
v 0.375132 0.230781 -1.422712
v 0.351256 0.230560 -1.554855
v 0.390021 0.238504 -1.265595
v 0.407190 0.235626 -1.197035
v 0.433251 0.237547 -0.951829
v 0.437695 0.237124 -0.945989
v 0.437896 0.233189 -0.954163
v 0.438061 0.231984 -0.939823
v 0.429276 0.231314 -0.944123
v 0.406688 0.231556 -1.170831
v 0.426772 0.231400 -0.953120
v 0.429017 0.217408 -0.945237
v 0.418316 0.231777 -1.044502
v 0.428534 0.217613 -0.955365
v 0.427986 0.128329 -0.963339
v 0.399622 0.221032 -1.191522
v 0.427100 0.114147 -0.953301
v 0.426253 0.104390 -0.938252
v 0.426664 0.102200 -0.953526
v 0.423011 0.061552 -0.954889
v 0.419533 0.036956 -0.959130
v 0.376771 0.215799 -1.353726
v 0.384925 0.149913 -1.282287
v 0.346849 0.228546 -1.538723
v 0.345018 0.230096 -1.549558
v 0.345057 0.218486 -1.541479
v 0.338732 0.186397 -1.556498
v 0.332216 0.111581 -1.563221
v 0.331676 0.132519 -1.566965
v 0.328907 0.111046 -1.572423
v 0.326563 0.093917 -1.572765
v 0.391725 0.117211 -1.247826
v 0.325672 0.063069 -1.563778
v 0.321733 0.066270 -1.575859
v 0.381510 0.052180 -1.279170
v 0.406766 0.050405 -1.101548
v 0.415482 0.041948 -1.014702
v 0.379617 0.045551 -1.297480
v 0.415419 0.035641 -1.000638
v 0.414257 0.035356 -0.962330
v 0.411321 0.036611 -1.053648
v 0.405672 0.035170 -1.012296
v 0.393637 0.034646 -0.965075
v 0.378312 0.042489 -1.231033
v 0.328564 0.037238 -1.098077
v 0.289057 0.033965 -0.964209
v 0.354982 0.047197 -1.364803
v 0.366664 0.048009 -1.355093
v 0.334406 0.054546 -1.500722
v 0.318059 0.058704 -1.562961
v 0.313531 0.059514 -1.567143
v 0.286831 0.053560 -1.465522
v 0.272123 0.059896 -1.561729
v 0.087667 0.060759 -1.559273
v 0.116030 0.062219 -1.566804
v 0.069275 0.061659 -1.567125
v 0.020687 0.062982 -1.566663
v -0.013202 0.062003 -1.561419
v -0.011669 0.062230 -1.567466
v -0.056200 0.062935 -1.569368
v -0.151425 0.062056 -1.558844
v -0.080152 0.062091 -1.568456
v -0.139870 0.064182 -1.567168
v -0.211976 0.063304 -1.568547
v -0.000558 0.046845 -1.319534
v -0.246668 0.063056 -1.564348
v -0.246384 0.063998 -1.567661
v -0.283086 0.064217 -1.566319
v -0.150080 0.054500 -1.427855
v -0.327151 0.064549 -1.561857
v -0.327264 0.066191 -1.568498
v -0.332367 0.065040 -1.570355
v -0.155974 0.052921 -1.428923
v -0.302977 0.053027 -1.424832
v -0.334321 0.066254 -1.557414
v -0.332566 0.073823 -1.572587
v -0.332763 0.081647 -1.566808
v -0.346660 0.060275 -1.498079
v -0.353314 0.054312 -1.424241
v -0.356371 0.064182 -1.454321
v -0.338305 0.102524 -1.559067
v -0.335218 0.087674 -1.567235
v -0.333676 0.093601 -1.572018
v -0.334484 0.097928 -1.565779
v -0.347811 0.189181 -1.552763
v -0.371215 0.098887 -1.408640
v -0.382501 0.048259 -1.293679
v -0.392630 0.051698 -1.232796
v -0.375809 0.046528 -1.276584
v -0.394309 0.043823 -1.211798
v -0.302540 0.037255 -1.168249
v -0.422122 0.033448 -0.970970
v -0.424711 0.042565 -0.976758
v -0.155444 0.045550 -1.282967
v -0.424200 0.036532 -0.962047
v -0.428110 0.062430 -0.959807
v -0.411290 0.034353 -0.962573
v -0.431679 0.096697 -0.958608
v -0.311674 0.032575 -0.973276
v -0.270347 0.032910 -0.961308
v -0.146756 0.033568 -0.959933
v -0.151903 0.033276 -0.971003
v -0.099527 0.033506 -0.959218
v -0.151026 0.036544 -1.089263
v -0.147421 0.034640 -1.029994
v -0.033002 0.034401 -0.995097
v -0.038122 0.034740 -0.959134
v 0.088489 0.034807 -0.957773
v -0.150777 0.044465 -1.282394
v 0.141423 0.034975 -0.982997
v 0.140184 0.034973 -0.958042
v 0.167583 0.034741 -0.957661
v -0.153937 0.045486 -1.346683
v -0.150795 0.050230 -1.384912
v -0.143347 0.046603 -1.282001
v 0.140962 0.043524 -1.219227
v 0.142593 0.039532 -1.114073
v 0.257671 0.036675 -1.030860
v 0.229417 0.034475 -0.956745
v 0.252978 0.046747 -1.299032
v 0.287232 0.038116 -1.091101
v 0.291560 0.051062 -1.397562
v 0.287076 0.043336 -1.219740
v 0.292296 0.038903 -1.160193
v 0.290626 0.031778 -1.154069
v 0.290160 0.034660 -1.214450
v 0.299536 0.044206 -1.261125
v 0.293581 0.042628 -1.221158
v 0.298649 0.047999 -1.366526
v 0.289502 0.037761 -1.243152
v 0.304958 0.049991 -1.398828
v 0.285075 0.045963 -1.279591
v 0.289040 0.036514 -1.278198
v 0.286714 0.047411 -1.316183
v 0.290483 0.045640 -1.276464
v 0.293927 0.045118 -1.293924
v 0.292738 0.048746 -1.357163
v 0.292067 0.042851 -1.376157
v 0.290076 0.045230 -1.397709
v 0.292269 0.043860 -1.421431
v 0.296034 0.051873 -1.425125
v 0.289641 0.054154 -1.456995
v 0.292656 0.048862 -1.444218
v 0.295325 0.053493 -1.459285
v -0.463479 0.293400 0.036910
v -0.468050 0.288719 0.037491
v -0.468602 0.292576 0.037167
v -0.453981 0.270522 0.037408
v -0.464166 0.259073 0.038137
v -0.459854 0.293364 0.036949
v -0.450345 0.219741 0.038768
v -0.460466 0.223936 0.039016
v -0.459550 0.220601 0.039838
v -0.456349 0.206217 0.038484
v -0.417521 0.194001 0.038610
v -0.439290 0.141489 0.039305
v -0.443371 0.113179 0.039301
v -0.376428 0.094233 0.039616
v -0.437466 0.099937 0.039555
v -0.440821 0.096239 0.049664
v -0.369873 0.098511 0.045555
v -0.435936 0.094165 0.041470
v -0.441828 0.094014 0.041737
v -0.435001 0.061120 0.041955
v -0.427524 0.024598 0.041995
v -0.432091 0.043368 0.043579
v -0.416310 0.035969 0.040616
v -0.374971 0.086666 0.040938
v -0.369910 0.094099 0.040786
v -0.371087 0.095274 0.080181
v -0.377432 0.112957 0.083456
v -0.371761 0.094080 0.087745
v -0.373647 0.090936 0.091466
v -0.458942 0.291919 0.043101
v -0.462389 0.298872 0.036649
v -0.472246 0.321160 0.036772
v -0.469800 0.316425 0.041803
v -0.472032 0.326190 0.066753
v -0.472706 0.323234 0.078890
v -0.473209 0.329361 0.070441
v -0.449351 0.267449 0.087398
v -0.470537 0.315349 0.088105
v -0.463132 0.256684 0.087948
v -0.437547 0.223480 0.087974
v -0.430087 0.101866 0.089640
v -0.438875 0.094774 0.079955
v -0.439686 0.101775 0.089166
v -0.458221 0.221332 0.088361
v -0.459863 0.224485 0.087658
v -0.467481 0.224806 0.089972
v -0.465126 0.220907 0.088582
v -0.434550 0.093346 0.091208
v -0.377830 0.085683 0.091719
v -0.439510 0.093045 0.091703
v -0.434503 0.084956 0.091474
v -0.419602 0.025035 0.091679
v -0.426334 0.027326 0.088959
v 0.429561 0.333989 -0.013332
v 0.435401 0.330261 0.008747
v 0.426585 0.332950 0.035032
v 0.417692 0.333481 0.013606
v 0.429553 0.334581 -0.037552
v 0.426759 0.334022 0.046054
v 0.414790 0.335131 -0.094104
v 0.425856 0.335280 -0.094135
v 0.428285 0.337197 -0.165989
v 0.420239 0.338683 -0.171760
v 0.429217 0.337946 -0.174229
v 0.428717 0.340215 -0.182198
v 0.383717 0.339223 -0.178189
v 0.351515 0.337668 -0.167040
v 0.324400 0.338329 -0.177410
v 0.251709 0.336220 -0.176192
v 0.279985 0.331010 0.019924
v -0.076759 0.329141 -0.167224
v 0.221096 0.336265 -0.177680
v 0.172081 0.334944 -0.179629
v 0.047758 0.334071 -0.176664
v -0.040907 0.331031 -0.177727
v -0.111664 0.329199 -0.174268
v -0.145751 0.329072 -0.177228
v -0.432091 0.325269 -0.171511
v -0.320160 0.326297 -0.179885
v -0.348848 0.326177 -0.179167
v -0.438495 0.326206 -0.179647
v -0.438090 0.324564 -0.173408
v -0.230935 0.324564 -0.116227
v -0.426577 0.323263 -0.028350
v -0.433034 0.323740 -0.055962
v -0.434323 0.323309 -0.013376
v -0.432270 0.324488 0.026754
v -0.428353 0.325738 0.036440
v -0.436593 0.325704 0.034931
v -0.466405 0.324642 0.040007
v -0.465490 0.324310 0.035730
v -0.472246 0.321160 0.036772
v -0.472032 0.326190 0.066753
v -0.461283 0.326474 0.068039
v -0.432921 0.327146 0.064768
v -0.455054 0.328045 0.069832
v -0.427401 0.326413 0.052743
v -0.414428 0.328553 0.068060
v -0.404612 0.326901 0.066890
v -0.385519 0.327640 0.067888
v -0.369277 0.327287 0.065544
v -0.318024 0.327701 0.064886
v -0.351934 0.327974 0.068099
v -0.218171 0.328495 0.057275
v -0.268965 0.328931 0.069167
v -0.235578 0.330247 0.069591
v -0.176982 0.329810 0.068563
v -0.153420 0.331115 0.070990
v -0.068996 0.330454 0.072438
v 0.017320 0.331736 0.076070
v -0.015680 0.332786 0.076815
v 0.038400 0.329908 0.066034
v 0.035902 0.331775 0.076704
v 0.076634 0.331845 0.076631
v 0.092488 0.331341 0.075335
v 0.145777 0.330972 0.063606
v 0.099647 0.331177 0.075930
v 0.128495 0.331904 0.074704
v 0.159099 0.332647 0.077030
v 0.170611 0.332108 0.076206
v 0.191657 0.331086 0.062012
v 0.203088 0.332272 0.075685
v 0.215750 0.333297 0.075473
v 0.245078 0.331762 0.072503
v 0.305561 0.333454 0.060758
v 0.296769 0.333066 0.074890
v 0.272448 0.333401 0.075006
v 0.324627 0.334667 0.072332
v 0.379900 0.335360 0.073145
v 0.397899 0.335186 0.063018
v 0.395810 0.335797 0.072954
v 0.426314 0.336606 0.072434
v 0.455680 0.334253 0.065673
v 0.455703 0.334681 0.072116
v 0.441270 0.333233 0.046477
v 0.456696 0.332689 0.046119
v 0.300340 0.054096 1.045626
v 0.317739 0.082260 1.056456
v 0.309773 0.057141 1.055194
v 0.311753 0.096550 1.043094
v 0.295901 0.057782 1.045319
v 0.322822 0.106619 1.053356
v 0.265309 0.112470 1.042640
v 0.318398 0.112134 1.045034
v 0.323596 0.115709 1.053960
v 0.316042 0.121533 1.041461
v 0.328644 0.125470 1.041270
v 0.339874 0.229415 1.035151
v 0.263094 0.119160 1.042282
v 0.334178 0.247207 1.033604
v 0.341555 0.242693 1.034303
v 0.341530 0.251953 1.033305
v 0.353308 0.338185 1.028941
v 0.302540 0.201679 1.036927
v 0.329390 0.293232 1.031691
v 0.348438 0.341239 1.032398
v 0.290302 0.197225 1.037292
v 0.262081 0.126673 1.044026
v 0.261560 0.119570 1.045954
v 0.254372 0.121493 1.063159
v 0.306642 0.243034 1.044753
v 0.258406 0.128213 1.064202
v 0.255651 0.123997 1.084330
v 0.325365 0.282519 1.073941
v 0.258292 0.124609 1.092328
v 0.356170 0.355223 1.029864
v 0.353308 0.338185 1.028941
v 0.358868 0.357374 1.029709
v 0.351528 0.356857 1.078367
v 0.349290 0.353168 1.079156
v 0.343198 0.321684 1.080899
v 0.343023 0.325153 1.077866
v 0.340021 0.313480 1.081122
v 0.333810 0.246057 1.084067
v 0.325500 0.280824 1.081993
v 0.328646 0.237430 1.084900
v 0.332218 0.236884 1.084973
v 0.327849 0.196809 1.087120
v 0.267805 0.123021 1.092079
v 0.262125 0.117316 1.092539
v 0.314045 0.238667 1.084731
v 0.311546 0.125153 1.090483
v 0.320053 0.126521 1.090735
v 0.320130 0.112881 1.076536
v 0.305061 0.117093 1.093423
v 0.283418 0.087156 1.094709
v 0.296058 0.064965 1.095515
v 0.303797 0.065874 1.091076
v 0.307574 0.059755 1.089902
v 0.297761 0.058284 1.095331
v -0.411873 0.023975 0.087722
v -0.346390 0.025190 0.092131
v -0.419602 0.025035 0.091679
v -0.348611 0.033751 0.092089
v -0.138928 0.025893 0.094223
v -0.377830 0.085683 0.091719
v -0.192840 0.036469 0.093046
v -0.124568 0.026762 0.093774
v -0.236385 0.087233 0.092314
v -0.373647 0.090936 0.091466
v 0.029610 0.026520 0.094755
v -0.102462 0.025611 0.093388
v 0.064831 0.024267 0.094781
v 0.094849 0.024683 0.096527
v 0.140029 0.026359 0.095681
v -0.113795 0.081171 0.093255
v 0.188211 0.041229 0.096330
v -0.131792 0.088121 0.089100
v 0.242319 0.024980 0.096674
v 0.178376 0.025422 0.102988
v 0.242176 0.025077 0.101277
v 0.265380 0.026582 0.096764
v 0.265679 0.025017 0.100797
v 0.265527 0.059485 0.096960
v 0.268836 0.024292 0.093214
v 0.270628 0.021982 0.101418
v 0.301670 0.022183 0.101214
v 0.323907 0.026602 0.096949
v 0.343877 0.023426 0.097532
v 0.413263 0.030492 0.098478
v 0.411748 0.025789 0.098241
v 0.376692 0.089648 0.097621
v 0.233769 0.087698 0.095613
v 0.374816 0.093159 0.097026
v 0.372390 0.094250 0.089545
v 0.105110 0.091424 0.087017
v 0.004552 0.092768 0.081658
v 0.099737 0.092997 0.056697
v 0.245776 0.093226 0.054418
v 0.374420 0.093477 0.055492
v 0.375443 0.093221 0.046041
v -0.162086 0.092522 0.081099
v -0.371761 0.094080 0.087745
v 0.245916 0.086708 0.046198
v 0.378515 0.088163 0.046414
v -0.367400 0.093851 0.079860
v -0.371087 0.095274 0.080181
v -0.369910 0.094099 0.040786
v -0.214389 0.092807 0.046697
v 0.051070 0.089731 0.048051
v -0.287647 0.089440 0.041553
v -0.374971 0.086666 0.040938
v 0.103943 0.089525 0.048997
v 0.120785 0.085925 0.045076
v -0.079351 0.084969 0.043193
v 0.247192 0.050750 0.046057
v 0.412662 0.032701 0.046839
v 0.032098 0.033628 0.044472
v 0.133479 0.032893 0.045129
v 0.389129 0.024748 0.046495
v 0.417660 0.025283 0.046805
v 0.353504 0.026299 0.046433
v 0.357858 0.023170 0.049909
v 0.327067 0.023415 0.049617
v 0.301514 0.023591 0.047386
v 0.264329 0.025177 0.046137
v 0.286795 0.022659 0.051176
v 0.224089 0.024210 0.046585
v 0.135323 0.025640 0.045137
v 0.131142 0.024657 0.045566
v 0.084375 0.027235 0.044977
v 0.096205 0.024579 0.044855
v 0.062316 0.024023 0.044655
v -0.042581 0.025753 0.044149
v -0.073125 0.033427 0.043091
v -0.071557 0.027782 0.042999
v -0.070764 0.024659 0.045826
v -0.096157 0.025504 0.042494
v -0.142561 0.026266 0.042205
v -0.165460 0.035030 0.041934
v -0.211982 0.025810 0.041712
v -0.224688 0.027360 0.042072
v -0.263013 0.034579 0.041578
v -0.251697 0.026335 0.041108
v -0.266460 0.025320 0.042405
v -0.332024 0.026075 0.041709
v -0.336136 0.034925 0.041664
v -0.343602 0.027031 0.042111
v -0.416310 0.035969 0.040616
v -0.374367 0.026301 0.041468
v -0.362802 0.023659 0.044287
v -0.417668 0.024859 0.042019
v -0.409735 0.023606 0.048565
v -0.427524 0.024598 0.041995
v -0.348651 0.241167 -1.581979
v -0.356756 0.288154 -1.556927
v -0.351037 0.240072 -1.566676
v -0.354565 0.297184 -1.581999
v -0.348120 0.241566 -1.586137
v -0.352527 0.285262 -1.587065
v -0.353057 0.290472 -1.587343
v -0.338891 0.289834 -1.667596
v -0.358980 0.299134 -1.556008
v -0.333904 0.290668 -1.702517
v -0.365183 0.369117 -1.547408
v -0.339995 0.370930 -1.724942
v -0.366451 0.376674 -1.546565
v -0.344905 0.380870 -1.705301
v -0.333215 0.382542 -1.783502
v -0.309165 0.326841 -1.895285
v -0.324155 0.287166 -1.752440
v -0.315106 0.288172 -1.810200
v -0.315255 0.377035 -1.894512
v -0.316481 0.385923 -1.894433
v -0.315344 0.386152 -1.901972
v -0.314030 0.378268 -1.901038
v -0.312302 0.362745 -1.901169
v -0.300197 0.286915 -1.890565
v -0.309296 0.338452 -1.903945
v -0.301277 0.322377 -1.898344
v -0.298757 0.291417 -1.899122
v -0.298837 0.288835 -1.893251
v -0.349141 0.230271 -1.569948
v -0.348651 0.241167 -1.581979
v -0.351037 0.240072 -1.566676
v -0.347280 0.232770 -1.582834
v -0.348120 0.241566 -1.586137
v -0.335116 0.138327 -1.585274
v -0.346815 0.241417 -1.592461
v -0.330847 0.121338 -1.596267
v -0.337373 0.132347 -1.585597
v -0.333189 0.122047 -1.586967
v -0.329130 0.104460 -1.588653
v -0.326554 0.233079 -1.704930
v -0.332565 0.240844 -1.668355
v -0.289935 0.239009 -1.895916
v -0.311942 0.138921 -1.697451
v -0.289049 0.233831 -1.890932
v -0.289229 0.233892 -1.896469
v -0.279788 0.184707 -1.895238
v -0.306418 0.109973 -1.713035
v -0.332785 0.098963 -1.589459
v -0.271866 0.145526 -1.887266
v -0.272361 0.157599 -1.895925
v -0.267956 0.132015 -1.895947
v -0.265678 0.109932 -1.887510
v -0.259432 0.102399 -1.890725
v -0.261551 0.124147 -1.890889
v -0.260258 0.092221 -1.895418
v -0.276221 0.107127 -1.840419
v -0.263771 0.090072 -1.883137
v -0.259931 0.085018 -1.885354
v -0.254392 0.087307 -1.890040
v -0.281878 0.077596 -1.795060
v -0.156105 0.082117 -1.891042
v -0.316287 0.067901 -1.643387
v -0.329266 0.081523 -1.591228
v -0.325948 0.071112 -1.599911
v -0.325114 0.072083 -1.590543
v -0.319241 0.068794 -1.594276
v -0.321250 0.066778 -1.600568
v -0.228924 0.064346 -1.590999
v -0.159822 0.081963 -1.884146
v -0.156083 0.064885 -1.606690
v -0.161337 0.064286 -1.591804
v -0.146073 0.065638 -1.591525
v -0.153200 0.070750 -1.708221
v -0.105984 0.064914 -1.603307
v -0.111628 0.064360 -1.591683
v -0.052806 0.064519 -1.591640
v 0.006045 0.064144 -1.592505
v -0.118225 0.080128 -1.884986
v -0.121167 0.083546 -1.891359
v -0.096730 0.083283 -1.890652
v -0.060944 0.080853 -1.892508
v 0.058788 0.080420 -1.893011
v 0.109659 0.080501 -1.891866
v 0.138384 0.063121 -1.600501
v 0.147571 0.063826 -1.591644
v 0.159663 0.078851 -1.880046
v 0.150125 0.079903 -1.892807
v 0.167438 0.082179 -1.890552
v 0.147297 0.064275 -1.621316
v 0.260529 0.062912 -1.592376
v 0.173856 0.080707 -1.888642
v 0.193978 0.082081 -1.890330
v 0.215651 0.079322 -1.890614
v 0.239857 0.077937 -1.869036
v 0.242156 0.079173 -1.889506
v 0.274508 0.071958 -1.775588
v 0.254879 0.078635 -1.876115
v 0.247422 0.083452 -1.885432
v 0.253872 0.086205 -1.887412
v 0.259852 0.091421 -1.863767
v 0.254263 0.094777 -1.891046
v 0.256328 0.108060 -1.892251
v 0.268021 0.084461 -1.825534
v 0.262691 0.128944 -1.886596
v 0.259424 0.131586 -1.892414
v 0.265232 0.151181 -1.895398
v 0.269952 0.176876 -1.889709
v 0.281229 0.071377 -1.758603
v 0.293709 0.230362 -1.817470
v 0.275047 0.208443 -1.897987
v 0.278637 0.232232 -1.898691
v 0.293185 0.098286 -1.723990
v 0.288482 0.069646 -1.721609
v 0.266735 0.069252 -1.718822
v 0.289584 0.067573 -1.682554
v 0.290123 0.063376 -1.612551
v 0.296799 0.068166 -1.688550
v 0.287254 0.065428 -1.592529
v 0.295449 0.063428 -1.592734
v 0.310157 0.063972 -1.628880
v 0.310673 0.063651 -1.601211
v 0.316347 0.066492 -1.592379
v 0.314547 0.064387 -1.606883
v 0.319979 0.067513 -1.588615
v 0.313209 0.100488 -1.636656
v 0.321760 0.099786 -1.599370
v 0.324380 0.096361 -1.585789
v 0.325732 0.121706 -1.586610
v 0.328735 0.137027 -1.583631
v 0.329975 0.160861 -1.589869
v 0.335855 0.197763 -1.578643
v 0.338313 0.221595 -1.581113
v 0.334694 0.229196 -1.572725
v 0.323408 0.231601 -1.677204
v 0.344661 0.231615 -1.578589
v 0.340424 0.228396 -1.570087
v 0.351805 0.231081 -1.567243
v 0.344214 0.238563 -1.569481
v 0.343559 0.238481 -1.582027
v 0.346575 0.236645 -1.589443
v 0.338778 0.233342 -1.622715
v 0.340093 0.237102 -1.621411
v 0.323317 0.238286 -1.704156
v 0.298230 0.233147 -1.826437
v 0.283196 0.240455 -1.900872
v 0.282990 0.236165 -1.901155
v -0.358980 0.299134 -1.556008
v -0.358303 0.291513 -1.552732
v -0.356756 0.288154 -1.556927
v -0.364381 0.293789 -1.528649
v -0.360835 0.287593 -1.535373
v -0.354113 0.231161 -1.544491
v -0.365183 0.369117 -1.547408
v -0.374844 0.375058 -1.485234
v -0.366451 0.376674 -1.546565
v -0.374254 0.366592 -1.483753
v -0.382863 0.374082 -1.430226
v -0.379316 0.356886 -1.443186
v -0.399836 0.370510 -1.297892
v -0.399905 0.349683 -1.293202
v -0.402370 0.368636 -1.275526
v -0.373747 0.229815 -1.433959
v -0.406790 0.322702 -1.226778
v -0.408682 0.368017 -1.222359
v -0.416807 0.367220 -1.153928
v -0.401034 0.233498 -1.249626
v -0.426232 0.323731 -1.060641
v -0.433652 0.364064 -1.002404
v -0.439766 0.338821 -0.931786
v -0.440569 0.361879 -0.927165
v -0.439159 0.334227 -0.939346
v -0.440129 0.330732 -0.926338
v -0.425145 0.252034 -1.060043
v -0.437738 0.311903 -0.947193
v -0.435280 0.248578 -0.951393
v -0.406216 0.223582 -1.228034
v -0.427360 0.119799 -1.015741
v -0.434109 0.167956 -0.956308
v -0.377884 0.115879 -1.359923
v -0.432689 0.110881 -0.960176
v -0.370074 0.103989 -1.402626
v -0.412542 0.152758 -1.145847
v -0.393843 0.102012 -1.271524
v -0.407617 0.112677 -1.174738
v -0.402421 0.105182 -1.230739
v -0.418038 0.116592 -1.095871
v -0.418139 0.111795 -1.148715
v -0.415491 0.111613 -1.124676
v -0.425158 0.101843 -1.043726
v -0.415515 0.108000 -1.138310
v -0.423878 0.107963 -1.113777
v -0.420520 0.111402 -1.075546
v -0.422469 0.109189 -1.078558
v -0.425590 0.107882 -1.043541
v -0.435371 0.107389 -1.008009
v -0.430228 0.114230 -1.012827
v -0.437267 0.108168 -0.979859
v -0.432876 0.105065 -0.968440
v -0.434503 0.101719 -0.946585
v -0.088265 0.265286 2.020743
v -0.088344 0.268233 2.008857
v -0.088918 0.266090 2.053054
v -0.095939 0.270172 2.057861
v -0.085824 0.267723 2.059847
v -0.097133 0.267666 2.007905
v -0.093051 0.272234 2.066684
v -0.100722 0.260013 2.052085
v -0.094393 0.262802 2.071099
v -0.087515 0.258751 2.063991
v -0.097649 0.257576 2.010959
v -0.102716 0.264184 2.007123
v -0.100445 0.254995 2.009190
v -0.088164 0.254652 2.008020
v -0.084694 0.260041 2.010352
v -0.085824 0.267723 2.059847
v -0.088918 0.266090 2.053054
v -0.088265 0.265286 2.020743
v -0.088344 0.268233 2.008857
v -0.024688 0.277879 2.061817
v 0.082237 0.267605 2.059801
v -0.046087 0.276179 2.061405
v 0.084754 0.263260 2.062720
v -0.040218 0.272188 2.069104
v -0.080650 0.262657 2.067994
v -0.082119 0.270009 2.063838
v -0.085824 0.267723 2.059847
v -0.087515 0.258751 2.063991
v -0.094393 0.262802 2.071099
v -0.082392 0.267658 2.076046
v -0.093051 0.272234 2.066684
v -0.060075 0.277531 2.075933
v -0.082119 0.270009 2.063838
v -0.085824 0.267723 2.059847
v -0.047956 0.284281 2.066922
v -0.046087 0.276179 2.061405
v -0.024688 0.277879 2.061817
v 0.028357 0.270213 2.072969
v -0.002222 0.280831 2.072835
v 0.086251 0.274150 2.062993
v 0.082237 0.267605 2.059801
v 0.078852 0.272361 2.072782
v 0.089110 0.273805 2.066289
v 0.088858 0.264791 2.067150
v 0.080898 0.262193 2.069545
v 0.300618 0.357089 1.409844
v 0.288153 0.352765 1.472248
v 0.289829 0.356500 1.464276
v 0.314240 0.357099 1.317389
v 0.313176 0.351821 1.314506
v 0.335592 0.356287 1.190159
v 0.349290 0.353168 1.079156
v 0.351528 0.356857 1.078367
v 0.268608 0.257604 1.488047
v 0.301424 0.260118 1.302689
v 0.265081 0.336657 1.582497
v 0.277761 0.354129 1.529757
v 0.241777 0.359663 1.738353
v 0.334438 0.257119 1.090087
v 0.343198 0.321684 1.080899
v 0.333810 0.246057 1.084067
v 0.218707 0.361067 1.865394
v 0.222563 0.366053 1.861779
v 0.337453 0.250694 1.089153
v 0.220107 0.325534 1.822972
v 0.299156 0.256292 1.309167
v 0.335878 0.244453 1.096765
v 0.332218 0.236884 1.084973
v 0.286410 0.259414 1.387474
v 0.330635 0.238741 1.100281
v 0.327849 0.196809 1.087120
v 0.320053 0.126521 1.090735
v 0.330788 0.245902 1.158554
v 0.322954 0.245642 1.157642
v 0.328296 0.250859 1.174920
v 0.319534 0.246298 1.200056
v 0.304390 0.252987 1.324105
v 0.316884 0.247975 1.245944
v 0.304221 0.247890 1.299091
v 0.278682 0.252989 1.475049
v 0.300108 0.243870 1.296268
v 0.275699 0.251835 1.445018
v 0.262653 0.253993 1.521540
v 0.254187 0.246643 1.560826
v 0.283287 0.156289 1.339706
v 0.235808 0.262335 1.671882
v 0.198568 0.167530 1.789146
v 0.210595 0.274643 1.820889
v 0.203602 0.266241 1.849680
v 0.186014 0.263885 1.941933
v 0.210531 0.357907 1.915038
v 0.220261 0.365450 1.869435
v 0.205236 0.366940 1.950546
v 0.202913 0.356808 1.950281
v 0.185339 0.270169 1.951161
v 0.183206 0.260624 1.951406
v 0.175566 0.215893 1.951809
v 0.172078 0.188527 1.941765
v 0.169806 0.186781 1.948534
v 0.163864 0.152606 1.952128
v 0.165156 0.145686 1.942578
v 0.161709 0.145668 1.952977
v 0.189124 0.147065 1.823989
v 0.172897 0.139896 1.945906
v 0.165258 0.136130 1.960085
v 0.161951 0.133226 1.957230
v 0.179880 0.139710 1.913785
v 0.181710 0.128042 1.905182
v 0.272472 0.133091 1.394941
v 0.221325 0.139411 1.683478
v 0.262333 0.106125 1.439697
v 0.185729 0.122467 1.863561
v 0.199909 0.119975 1.786884
v 0.207016 0.109377 1.733298
v 0.183630 0.117938 1.815581
v 0.202030 0.108761 1.727207
v 0.223269 0.102357 1.642741
v 0.260228 0.078145 1.414037
v 0.265187 0.072519 1.345454
v 0.307803 0.060191 1.098223
v 0.320130 0.112881 1.076536
v 0.307574 0.059755 1.089902
v 0.297761 0.058284 1.095331
v 0.301406 0.056842 1.103219
v 0.264637 0.055099 1.096160
v 0.247807 0.053351 1.107146
v 0.095758 0.056145 1.096188
v 0.121294 0.073004 1.344002
v 0.121887 0.055681 1.106447
v 0.131615 0.079104 1.423684
v 0.015067 0.055124 1.105737
v -0.023754 0.056203 1.096537
v 0.132382 0.095882 1.591836
v 0.121443 0.082292 1.464118
v 0.116414 0.092332 1.554215
v 0.115537 0.076802 1.381042
v 0.111121 0.091011 1.554279
v 0.120620 0.091867 1.595996
v 0.106409 0.062687 1.201650
v 0.109752 0.074643 1.339380
v 0.095312 0.092348 1.553145
v 0.008952 0.065307 1.268041
v 0.105935 0.102984 1.639513
v 0.113907 0.089701 1.590145
v 0.110452 0.098684 1.634795
v 0.120395 0.097475 1.636682
v 0.111611 0.101930 1.722815
v 0.127964 0.113359 1.779186
v 0.119636 0.110453 1.778534
v 0.111843 0.115015 1.805947
v 0.089368 0.107540 1.714197
v 0.116252 0.120645 1.882216
v 0.108204 0.120359 1.882015
v 0.138413 0.123600 1.891131
v 0.097269 0.125104 1.896659
v 0.112730 0.127991 1.898913
v 0.124752 0.127999 1.893698
v 0.117595 0.126656 1.909174
v 0.163863 0.130580 1.945334
v 0.154540 0.133469 1.953025
v 0.128314 0.131303 1.955368
v 0.116784 0.130347 1.950020
v 0.108807 0.132809 1.954401
v 0.022350 0.129870 1.951246
v 0.057638 0.131091 1.955957
v 0.037073 0.130529 1.954301
v -0.013250 0.130929 1.954588
v -0.048942 0.129164 1.955421
v -0.111856 0.125531 1.948855
v -0.113291 0.126217 1.954818
v -0.157816 0.126213 1.953671
v -0.102598 0.101241 1.689162
v -0.158130 0.125194 1.948325
v -0.166773 0.126382 1.953246
v -0.108512 0.081919 1.470333
v -0.167922 0.125869 1.948124
v -0.171079 0.144500 1.948027
v -0.181195 0.208904 1.952375
v -0.189069 0.110452 1.804965
v -0.190679 0.240878 1.945000
v -0.191221 0.244967 1.951405
v -0.210482 0.324569 1.951131
v -0.209229 0.134997 1.736348
v -0.216264 0.349041 1.947236
v -0.214645 0.349819 1.950797
v -0.216446 0.354812 1.950588
v -0.228764 0.288142 1.828034
v -0.233195 0.346901 1.862231
v -0.222870 0.354157 1.950893
v -0.248335 0.348818 1.821348
v -0.268400 0.345501 1.710137
v -0.240624 0.319088 1.797635
v -0.316434 0.337734 1.431168
v -0.303763 0.341578 1.530717
v -0.337064 0.339260 1.345912
v -0.290052 0.328371 1.557612
v -0.366886 0.336995 1.145060
v -0.379541 0.338959 1.089633
v -0.373738 0.333398 1.089033
v -0.333656 0.315178 1.304275
v -0.280107 0.284832 1.565503
v -0.322486 0.241827 1.286034
v -0.302039 0.263035 1.416923
v -0.229383 0.248813 1.766653
v -0.357124 0.266674 1.095606
v -0.359778 0.269035 1.089373
v -0.352821 0.236866 1.090689
v -0.329564 0.239538 1.235122
v -0.352830 0.232657 1.098694
v -0.359288 0.232776 1.090205
v -0.317206 0.238496 1.331882
v -0.349818 0.234068 1.153836
v -0.354104 0.228041 1.105151
v -0.357076 0.229379 1.087610
v -0.348691 0.229485 1.090706
v -0.346576 0.230280 1.159827
v -0.346008 0.228869 1.099207
v -0.344750 0.215811 1.091815
v -0.321900 0.231725 1.280517
v -0.343924 0.215712 1.097603
v -0.323125 0.129609 1.105214
v -0.333645 0.166941 1.093540
v -0.322498 0.125331 1.095264
v -0.320450 0.109321 1.089395
v -0.323181 0.115032 1.085172
v -0.319862 0.106442 1.092543
v -0.308832 0.061922 1.089921
v -0.290185 0.080916 1.234760
v -0.307064 0.059533 1.095364
v -0.304027 0.054494 1.095888
v -0.304913 0.053776 1.099825
v -0.276591 0.053347 1.097596
v -0.295116 0.056864 1.164863
v -0.269072 0.052722 1.105507
v -0.264287 0.055461 1.097433
v -0.276981 0.064976 1.281821
v -0.235675 0.053580 1.103911
v -0.239795 0.057320 1.096930
v -0.225759 0.053330 1.092678
v -0.244726 0.071067 1.382656
v -0.217367 0.054252 1.098688
v -0.212286 0.057694 1.096818
v -0.162210 0.056378 1.094818
v -0.162227 0.054924 1.097023
v -0.123612 0.057204 1.096959
v -0.127500 0.057194 1.105098
v -0.144159 0.059471 1.165576
v -0.044132 0.055465 1.100094
v -0.119959 0.061981 1.216123
v -0.123385 0.067191 1.296696
v -0.120821 0.062108 1.228566
v -0.117579 0.072584 1.343647
v -0.135031 0.071286 1.317191
v -0.126504 0.072826 1.344997
v -0.124581 0.078611 1.406546
v -0.117258 0.069450 1.365195
v -0.117846 0.078684 1.415762
v -0.121612 0.072158 1.419639
v -0.119829 0.073420 1.444280
v -0.116546 0.082225 1.468925
v -0.120843 0.077750 1.460357
v -0.121054 0.087841 1.515863
v -0.147499 0.081726 1.440948
v -0.115584 0.091374 1.570912
v -0.135093 0.092904 1.568511
v -0.119079 0.093861 1.605554
v -0.113444 0.102633 1.717620
v -0.213981 0.087609 1.556834
v -0.115552 0.101967 1.680100
v -0.111803 0.109734 1.783659
v -0.115414 0.095893 1.721994
v -0.116948 0.110238 1.780016
v -0.114960 0.098062 1.750752
v -0.117539 0.100802 1.760116
v -0.117884 0.106330 1.727837
v -0.176938 0.110578 1.801190
v -0.200985 0.103221 1.735607
v -0.218221 0.094581 1.640608
v -0.230093 0.087729 1.567318
v -0.241554 0.126587 1.560712
v -0.234850 0.081360 1.496848
v -0.240885 0.081501 1.500697
v -0.259375 0.071655 1.389986
v -0.219615 0.242090 1.803128
v -0.277276 0.219641 1.482387
v -0.322185 0.216367 1.231406
v -0.263513 0.237617 1.577577
v -0.314498 0.231733 1.297143
v -0.299129 0.233317 1.379602
v -0.310081 0.232666 1.326239
v -0.309534 0.232477 1.373522
v -0.281610 0.235577 1.480753
v -0.269329 0.238695 1.582103
v -0.281005 0.241157 1.537946
v -0.294658 0.242605 1.431782
v -0.277814 0.243849 1.519650
v -0.264218 0.242901 1.622502
v -0.242311 0.242575 1.732115
v -0.251765 0.240127 1.676943
v -0.242361 0.241192 1.687463
v -0.228038 0.243915 1.775404
v 0.293403 0.236212 -1.908473
v 0.286634 0.236862 -1.925722
v 0.289474 0.240417 -1.933104
v 0.293331 0.248659 -1.932791
v 0.299913 0.247544 -1.909228
v 0.302424 0.254354 -1.931563
v 0.299806 0.244800 -1.884524
v 0.308864 0.253020 -1.906748
v 0.304240 0.243373 -1.888342
v 0.311316 0.292838 -1.928659
v 0.307395 0.291553 -1.933830
v 0.311414 0.237970 -1.880952
v 0.318900 0.358530 -1.932390
v 0.319014 0.373582 -1.936026
v 0.329585 0.253659 -1.786956
v 0.331975 0.360804 -1.851107
v 0.323654 0.375189 -1.913658
v 0.318275 0.382030 -1.930668
v 0.323187 0.385402 -1.885862
v 0.305957 0.382779 -1.915148
v 0.312091 0.382766 -1.868320
v 0.319407 0.383352 -1.825925
v 0.336546 0.380213 -1.815086
v 0.348911 0.381579 -1.699104
v 0.355387 0.379084 -1.558861
v 0.345135 0.373543 -1.762752
v 0.387610 0.377464 -1.395359
v 0.375182 0.376527 -1.411355
v 0.368160 0.367336 -1.592574
v 0.357468 0.256134 -1.643272
v 0.377269 0.335160 -1.518647
v 0.407390 0.364548 -1.289969
v 0.395571 0.377155 -1.325780
v 0.400461 0.376483 -1.215975
v 0.415932 0.308001 -1.231570
v 0.422551 0.368674 -1.142474
v 0.429794 0.374945 -1.039956
v 0.416784 0.372422 -1.043979
v 0.427071 0.371872 -0.954348
v 0.452957 0.364616 -0.883310
v 0.448422 0.372388 -0.861316
v 0.434948 0.371490 -0.885989
v 0.452929 0.370234 -0.699863
v 0.461317 0.369620 -0.696809
v 0.450663 0.365312 -0.686991
v 0.455346 0.313542 -0.872570
v 0.464812 0.366711 -0.641831
v 0.456416 0.364972 -0.651758
v 0.459410 0.365311 -0.625835
v 0.457643 0.368070 -0.607872
v 0.470254 0.363193 -0.647266
v 0.471412 0.368786 -0.542437
v 0.464587 0.368884 -0.541707
v 0.475660 0.360229 -0.533272
v 0.477216 0.366890 -0.364841
v 0.466471 0.363979 -0.361169
v 0.469363 0.363072 -0.291565
v 0.482179 0.357332 -0.416859
v 0.483769 0.364232 -0.289631
v 0.469341 0.359855 -0.282679
v 0.480460 0.317798 -0.446501
v 0.473009 0.362511 -0.283024
v 0.472725 0.364909 -0.195687
v 0.486214 0.355296 -0.283868
v 0.482026 0.365834 -0.278365
v 0.479738 0.366388 -0.193427
v 0.470886 0.361679 -0.171304
v 0.468238 0.357210 -0.137491
v 0.466674 0.356504 -0.104715
v 0.466125 0.360565 -0.044422
v 0.491008 0.361806 -0.208884
v 0.488437 0.337677 -0.224343
v 0.487876 0.363189 -0.185863
v 0.491018 0.355766 -0.194159
v 0.473098 0.360485 0.029545
v 0.463529 0.360020 0.017342
v 0.461365 0.358683 0.056980
v 0.465132 0.348718 0.240646
v 0.453739 0.356894 0.286193
v 0.441622 0.354028 0.293043
v 0.480446 0.323102 -0.033684
v 0.440061 0.357737 0.373541
v 0.433916 0.353134 0.373724
v 0.414769 0.356987 0.584545
v 0.446046 0.353052 0.406338
v 0.414178 0.358065 0.697848
v 0.384468 0.357027 0.834498
v 0.399248 0.358550 0.800813
v 0.373066 0.354897 0.907853
v 0.418738 0.350228 0.691630
v 0.355503 0.357203 1.150149
v 0.358868 0.357374 1.029709
v 0.351528 0.356857 1.078367
v 0.335592 0.356287 1.190159
v 0.443720 0.341915 0.459937
v 0.321220 0.359631 1.324972
v 0.314240 0.357099 1.317389
v 0.464658 0.314221 0.205976
v 0.302360 0.358721 1.455394
v 0.300618 0.357089 1.409844
v 0.475934 0.249664 -0.088034
v 0.290704 0.354653 1.477389
v 0.289829 0.356500 1.464276
v 0.288153 0.352765 1.472248
v 0.277761 0.354129 1.529757
v 0.305557 0.354934 1.460891
v 0.286127 0.356723 1.560920
v 0.241777 0.359663 1.738353
v 0.338688 0.352887 1.265514
v 0.292049 0.349074 1.555122
v 0.233568 0.365016 1.869494
v 0.222563 0.366053 1.861779
v 0.218707 0.361067 1.865394
v 0.220261 0.365450 1.869435
v 0.205236 0.366940 1.950546
v 0.207695 0.368410 1.992134
v 0.200491 0.368954 1.977621
v 0.197142 0.370956 1.998442
v 0.212075 0.362012 1.999487
v 0.223343 0.357669 1.950452
v 0.213551 0.345353 1.991822
v 0.206885 0.349622 2.003284
v 0.201426 0.313574 2.004320
v 0.300471 0.340718 1.498289
v 0.202242 0.286205 1.986523
v 0.337546 0.325579 1.257030
v 0.196771 0.275821 1.997142
v 0.188287 0.267266 2.004459
v 0.184897 0.231858 2.003052
v 0.179026 0.190085 2.001895
v 0.352444 0.351808 1.190203
v 0.183888 0.192392 1.981026
v 0.373722 0.344509 1.037829
v 0.336449 0.250222 1.205329
v 0.427203 0.335142 0.619715
v 0.275270 0.251292 1.555941
v 0.389537 0.240871 0.833902
v 0.211547 0.185082 1.843089
v 0.263101 0.160776 1.550761
v 0.186478 0.187089 1.979942
v 0.184368 0.186883 1.999323
v 0.237428 0.168820 1.711173
v 0.187224 0.180337 1.986881
v 0.263305 0.155785 1.560824
v 0.268053 0.153516 1.556310
v 0.265377 0.152361 1.553967
v 0.186433 0.159612 1.985788
v 0.180773 0.158949 1.997582
v 0.223287 0.129878 1.795807
v 0.175512 0.154526 1.989066
v 0.172460 0.155887 1.996226
v 0.168060 0.145124 2.003980
v 0.161762 0.144769 1.996004
v 0.187455 0.144611 1.965051
v 0.180505 0.145642 1.965322
v 0.166061 0.142668 1.993353
v 0.157622 0.139222 2.000704
v 0.158972 0.137962 2.006095
v 0.171602 0.124727 1.957953
v 0.160628 0.122971 1.994490
v 0.186301 0.135543 1.966123
v 0.154716 0.128486 2.008786
v 0.151081 0.137021 2.007909
v 0.136557 0.136592 2.008493
v 0.180103 0.127886 1.959209
v 0.138892 0.125074 2.005238
v 0.131618 0.135264 2.001560
v 0.134638 0.139139 2.001985
v 0.126655 0.139599 1.996151
v 0.140170 0.116201 1.979088
v 0.127397 0.129197 1.993032
v 0.121147 0.134522 1.999826
v 0.110636 0.137213 1.999473
v 0.108176 0.135746 2.007970
v 0.119454 0.133868 2.010407
v 0.109297 0.128927 2.002133
v 0.108176 0.135746 2.007970
v 0.098728 0.130906 2.010301
v 0.122808 0.122693 1.985518
v 0.108374 0.123631 1.996986
v 0.114244 0.117676 1.971490
v 0.091940 0.120172 1.998407
v 0.070855 0.126625 2.010590
v 0.011360 0.119208 2.003749
v 0.120741 0.102528 1.918798
v 0.006166 0.114600 1.999752
v 0.002373 0.119367 2.004508
v 0.095913 0.113102 1.959550
v 0.111745 0.113224 1.965796
v 0.048257 0.110446 1.948539
v 0.113502 0.106051 1.910615
v 0.107929 0.107272 1.903084
v 0.164633 0.114044 1.953660
v 0.179655 0.115817 1.950953
v 0.150734 0.102162 1.877737
v 0.200320 0.104492 1.847089
v 0.192796 0.097184 1.797350
v 0.213912 0.107184 1.803351
v 0.212215 0.100670 1.804980
v 0.199966 0.130614 1.880264
v 0.216751 0.119399 1.799162
v 0.255781 0.079176 1.542983
v 0.260146 0.099946 1.550030
v 0.265436 0.110966 1.561616
v 0.259275 0.108848 1.556590
v 0.260955 0.108001 1.566711
v 0.262424 0.132591 1.550409
v 0.307710 0.139226 1.297094
v 0.275998 0.207214 1.518729
v 0.324145 0.247011 1.277981
v 0.312078 0.200448 1.323402
v 0.334443 0.149416 1.135965
v 0.343903 0.242744 1.149994
v 0.308280 0.081462 1.243383
v 0.331764 0.089915 1.110082
v 0.362650 0.152493 0.965579
v 0.271089 0.063206 1.438589
v 0.311334 0.053349 1.189776
v 0.294532 0.056823 1.298057
v 0.361044 0.047173 0.845894
v 0.308254 0.049172 1.202605
v 0.275894 0.050910 1.316985
v 0.315473 0.037725 1.095275
v 0.340431 0.032327 0.953800
v 0.287550 0.042980 1.208394
v 0.277986 0.032609 1.143299
v 0.322727 0.035049 1.028369
v 0.269724 0.059571 1.428852
v 0.272245 0.049113 1.349501
v 0.261912 0.060517 1.466639
v 0.240636 0.070581 1.571050
v 0.223831 0.050470 1.380050
v 0.235768 0.084020 1.643188
v 0.221993 0.059975 1.453056
v 0.220502 0.077191 1.597398
v 0.222736 0.071087 1.556762
v 0.200845 0.071836 1.571357
v 0.218127 0.059862 1.432718
v 0.136614 0.079434 1.676947
v 0.185046 0.055297 1.392066
v 0.148941 0.059761 1.454727
v 0.226240 0.038534 1.224978
v 0.142425 0.095817 1.834349
v 0.123743 0.087652 1.769930
v 0.120588 0.097709 1.833420
v 0.119189 0.105700 1.826969
v 0.120906 0.090094 1.751350
v 0.119887 0.085494 1.701936
v 0.116472 0.108588 1.843407
v 0.111663 0.104568 1.839965
v 0.116138 0.096742 1.751748
v 0.111440 0.098441 1.821285
v 0.110962 0.100359 1.799302
v 0.075780 0.099923 1.846289
v 0.097072 0.095364 1.803052
v 0.110247 0.088986 1.744061
v 0.109808 0.088589 1.723913
v 0.119533 0.092490 1.697211
v 0.102954 0.086422 1.708868
v 0.114749 0.091862 1.674006
v 0.119846 0.090150 1.658310
v 0.114029 0.082293 1.628334
v 0.121368 0.079392 1.623655
v 0.110037 0.077306 1.609695
v 0.123741 0.071300 1.565291
v 0.116989 0.075245 1.569557
v 0.120564 0.065197 1.479498
v 0.090086 0.062178 1.458694
v 0.011095 0.066485 1.540462
v 0.115509 0.066997 1.482744
v 0.016191 0.092878 1.828398
v -0.011315 0.070033 1.623739
v -0.034050 0.099696 1.919633
v -0.033662 0.054403 1.445321
v -0.037044 0.076313 1.664603
v -0.034617 0.070516 1.610685
v -0.020970 0.050865 1.403515
v -0.052417 0.066924 1.548471
v -0.040768 0.058112 1.434270
v -0.029394 0.054075 1.410969
v 0.012545 0.045854 1.308272
v -0.035978 0.042840 1.291142
v -0.048109 0.042168 1.219958
v -0.035608 0.040588 1.216475
v -0.031825 0.035032 1.185580
v -0.082245 0.037416 1.208707
v -0.039445 0.040962 1.202512
v -0.036771 0.036666 1.174484
v 0.011089 0.038274 1.220735
v -0.035902 0.031857 1.130267
v -0.039607 0.030058 1.085238
v -0.032999 0.025583 1.058516
v -0.035813 0.038340 1.126222
v -0.043026 0.028712 1.044870
v -0.040022 0.037063 1.127947
v -0.082498 0.025682 1.015812
v -0.039708 0.024462 1.016970
v -0.081049 0.020225 0.821631
v -0.041974 0.023061 0.870723
v 0.015728 0.021418 0.874899
v -0.089850 0.022844 0.842323
v 0.010979 0.031959 1.099223
v -0.100400 0.014810 0.766438
v 0.015148 0.042139 1.237011
v -0.088491 0.015371 0.717938
v 0.030732 0.044741 1.295940
v -0.074198 0.016494 0.722704
v -0.098988 0.018307 0.717006
v -0.101475 0.013294 0.668850
v -0.141262 0.016637 0.754183
v -0.042946 0.013193 0.589831
v -0.133914 0.025318 1.023827
v -0.060727 0.012832 0.594577
v -0.040387 0.006533 0.569700
v -0.076005 0.007821 0.548664
v -0.046296 0.008775 0.503652
v 0.012923 0.018180 0.807945
v -0.038249 0.007337 0.497556
v -0.036912 0.010713 0.462365
v -0.034445 0.004283 0.463023
v 0.011867 0.007608 0.569228
v -0.033114 0.009134 0.397562
v -0.039913 0.007651 0.366076
v -0.035253 0.003478 0.334393
v -0.100203 0.007026 0.391458
v -0.059408 0.005598 0.199753
v 0.010159 0.002949 0.354769
v -0.031299 -0.000236 0.181699
v -0.100461 0.004070 0.121380
v -0.109261 0.002286 -0.027059
v -0.096896 0.002040 -0.095557
v -0.132705 0.001342 0.029339
v -0.044066 0.001070 -0.093729
v -0.152569 0.003054 0.234863
v -0.039264 -0.000049 0.044262
v -0.028982 -0.000880 -0.097849
v -0.034887 0.003401 -0.106352
v -0.113573 -0.000470 -0.097500
v -0.030331 0.001847 -0.119320
v -0.159409 0.000799 -0.007220
v -0.030306 0.001039 -0.236635
v -0.047823 0.003463 -0.246081
v -0.101573 0.003291 -0.137550
v -0.029349 0.003473 -0.335082
v -0.115342 0.003205 -0.182936
v -0.114605 0.003305 -0.326563
v -0.127746 -0.000718 -0.300198
v -0.045451 0.005854 -0.711418
v -0.121258 -0.000240 -0.452984
v -0.164364 -0.000095 -0.433998
v -0.121840 0.007616 -0.721222
v -0.165935 0.005101 -0.818805
v -0.123314 0.007429 -0.945064
v -0.107505 0.009757 -0.790252
v -0.120710 0.011170 -0.875346
v -0.059623 0.019590 -1.104308
v -0.118105 0.021656 -1.182583
v -0.125900 0.016787 -1.136226
v -0.031577 0.010303 -0.824794
v -0.143428 0.012684 -1.072134
v -0.028846 0.006610 -0.736174
v -0.167566 0.012019 -1.069008
v -0.030545 -0.000213 -0.582273
v -0.028745 0.002335 -0.771243
v -0.027921 -0.002244 -0.278924
v -0.026787 0.001625 -0.732980
v 0.001750 -0.002058 -0.332867
v 0.009488 0.003396 -0.801995
v -0.027178 0.012909 -1.066813
v -0.028554 0.016342 -1.057537
v -0.034317 0.024838 -1.218337
v -0.030924 0.017630 -1.159826
v -0.028021 0.021519 -1.254309
v -0.034573 0.022214 -1.252970
v -0.070675 0.025275 -1.300368
v -0.034347 0.029962 -1.393765
v 0.004907 0.022976 -1.311347
v -0.052802 0.033653 -1.439037
v -0.100138 0.028858 -1.330850
v -0.126292 0.035554 -1.430397
v -0.129574 0.044246 -1.603776
v -0.127854 0.035117 -1.526222
v -0.135012 0.033882 -1.499940
v -0.095479 0.050318 -1.705693
v -0.130291 0.041376 -1.628454
v -0.134934 0.017821 -1.195606
v -0.172555 0.028140 -1.410586
v -0.163025 0.015852 -1.167936
v -0.171255 0.011540 -1.059243
v -0.172305 0.032164 -1.390701
v -0.174555 0.020922 -1.156752
v -0.168927 0.005560 -0.841336
v -0.171635 0.015795 -1.030624
v -0.190506 0.022944 -1.216238
v -0.169520 0.003224 -0.730810
v -0.169676 0.009741 -0.760301
v -0.178870 0.012241 -0.907171
v -0.170728 0.008246 -0.715611
v -0.165613 -0.000197 -0.330983
v -0.258463 0.015661 -1.039000
v -0.163121 -0.000525 -0.073148
v -0.166566 0.005124 -0.397299
v -0.165752 0.004470 -0.311349
v -0.165003 0.005223 0.044165
v -0.181271 0.004355 -0.311270
v -0.164414 0.005010 -0.141411
v -0.254105 0.004293 -0.575319
v -0.263397 0.002627 -0.278736
v -0.247178 0.002589 -0.041001
v -0.155239 0.003875 0.194506
v -0.166479 0.005145 0.094518
v -0.268988 0.001337 -0.232080
v -0.258685 -0.000490 0.038809
v -0.271868 -0.000679 -0.332845
v -0.270735 0.004235 -0.538935
v -0.272287 -0.002495 -0.267277
v -0.273950 -0.000952 -0.568433
v -0.309436 -0.002690 -0.354725
v -0.276324 0.004966 -0.709639
v -0.311632 -0.002073 -0.228690
v -0.266576 0.010114 -0.878875
v -0.284446 0.003960 -0.846770
v -0.263402 0.011965 -1.031569
v -0.268582 0.009973 -0.931706
v -0.278564 0.010439 -1.043877
v -0.312728 -0.000957 -0.609913
v -0.321058 0.004862 -0.882239
v -0.304959 -0.001317 -0.503941
v -0.314714 0.000839 -0.501872
v -0.315741 0.003187 -0.610634
v -0.309729 0.000803 -0.284199
v -0.315135 0.002711 -0.321740
v -0.319841 0.002070 -0.210851
v -0.318947 0.004462 -0.596555
v -0.310478 -0.000615 -0.160554
v -0.302876 -0.002185 -0.025684
v -0.305560 0.002409 0.047130
v -0.391590 0.001338 0.000931
v -0.329470 0.011271 -0.948006
v -0.326704 0.011702 -0.951428
v -0.425401 0.008624 -0.854173
v -0.326197 0.015646 -1.168815
v -0.332515 0.019855 -1.157336
v -0.330734 0.015756 -1.153484
v -0.372190 0.029138 -1.325080
v -0.330883 0.023712 -1.249448
v -0.338282 0.024747 -1.262882
v -0.332411 0.028779 -1.414442
v -0.289626 0.022213 -1.325275
v -0.285288 0.023825 -1.249417
v -0.294719 0.043715 -1.633865
v -0.232559 0.023630 -1.266288
v -0.272371 0.050210 -1.678065
v -0.191331 0.051478 -1.708330
v -0.173688 0.046707 -1.710996
v -0.310563 0.048853 -1.652671
v -0.135916 0.059616 -1.913782
v -0.174869 0.053071 -1.744366
v -0.128649 0.051883 -1.802418
v -0.172382 0.059295 -1.903175
v -0.127418 0.056719 -1.798602
v -0.130046 0.061817 -1.913624
v -0.130260 0.062673 -1.919165
v -0.129559 0.065933 -1.912160
v -0.102764 0.067054 -1.917914
v -0.149082 0.062498 -1.919673
v -0.069962 0.064613 -1.917547
v -0.057859 0.069002 -1.920197
v -0.039184 0.067500 -1.919890
v -0.129559 0.065933 -1.912160
v -0.139871 0.066919 -1.915391
v -0.039383 0.060466 -1.900554
v -0.038401 0.067979 -1.915134
v -0.149488 0.066658 -1.921855
v -0.158658 0.067790 -1.917081
v -0.035826 0.070062 -1.914850
v -0.165437 0.062757 -1.920058
v -0.167075 0.066973 -1.911770
v -0.174086 0.065169 -1.904575
v -0.167075 0.066973 -1.911770
v -0.182062 0.070852 -1.919636
v -0.170854 0.069386 -1.918413
v -0.181917 0.066025 -1.909703
v -0.230540 0.071657 -1.916763
v -0.248798 0.075876 -1.914891
v -0.254282 0.071890 -1.916248
v -0.252270 0.066422 -1.898096
v -0.264291 0.075118 -1.913691
v -0.280028 0.079010 -1.896979
v -0.313418 0.055809 -1.715533
v -0.286369 0.087112 -1.889548
v -0.275975 0.103755 -1.915884
v -0.293546 0.063264 -1.813779
v -0.315870 0.066040 -1.729146
v -0.322811 0.053547 -1.675827
v -0.291493 0.118209 -1.890628
v -0.277261 0.119746 -1.917342
v -0.313669 0.079666 -1.775647
v -0.344848 0.080144 -1.623190
v -0.290641 0.140498 -1.902395
v -0.284851 0.159306 -1.917277
v -0.292084 0.177430 -1.922421
v -0.350067 0.080241 -1.620012
v -0.367616 0.048660 -1.483050
v -0.334296 0.122659 -1.722843
v -0.343726 0.045941 -1.571769
v -0.305671 0.124689 -1.833984
v -0.290839 0.127790 -1.889720
v -0.335617 0.038154 -1.541561
v -0.333915 0.040676 -1.520279
v -0.337048 0.041078 -1.525249
v -0.329695 0.035689 -1.448240
v -0.334101 0.031307 -1.382202
v -0.377024 0.033952 -1.384463
v -0.388888 0.033202 -1.332353
v -0.407339 0.027122 -1.201036
v -0.392998 0.045656 -1.336136
v -0.432709 0.016668 -0.978655
v -0.402897 0.036141 -1.271673
v -0.438529 0.022797 -0.985113
v -0.397642 0.067751 -1.338879
v -0.381083 0.078452 -1.441200
v -0.424449 0.053944 -1.146345
v -0.391123 0.080565 -1.387982
v -0.399817 0.081810 -1.367465
v -0.409312 0.081318 -1.285180
v -0.387424 0.125167 -1.474858
v -0.431940 0.080646 -1.118556
v -0.351445 0.117924 -1.644686
v -0.443430 0.079136 -1.086746
v -0.443055 0.081153 -1.035192
v -0.438361 0.037043 -1.017808
v -0.453223 0.060467 -0.921353
v -0.457354 0.082642 -0.915796
v -0.419246 0.124850 -1.298229
v -0.449389 0.034288 -0.911693
v -0.443980 0.015149 -0.899477
v -0.450574 0.019046 -0.851726
v -0.449039 0.012374 -0.776043
v -0.457273 0.025439 -0.781497
v -0.467337 0.077062 -0.735085
v -0.460782 0.016446 -0.692892
v -0.460767 0.012107 -0.657690
v -0.465968 0.021390 -0.602024
v -0.466926 0.087886 -0.822151
v -0.463940 0.007936 -0.422830
v -0.473842 0.098534 -0.801393
v -0.474980 0.092474 -0.567326
v -0.471932 0.042608 -0.459110
v -0.453829 0.003435 -0.435005
v -0.465148 0.014459 -0.319323
v -0.439904 0.001605 -0.423647
v -0.462164 0.009453 -0.316578
v -0.435976 0.003199 -0.126482
v -0.449897 0.007045 -0.051481
v -0.461010 0.019942 -0.139915
v -0.470440 0.052294 -0.215938
v -0.446687 0.012875 0.029758
v -0.476719 0.090073 -0.344501
v -0.434594 0.003336 0.014851
v -0.477959 0.079942 -0.442817
v -0.470531 0.078358 -0.129732
v -0.479745 0.089291 -0.485545
v -0.466456 0.082310 -0.032851
v -0.482150 0.096320 -0.489866
v -0.450246 0.034105 0.074235
v -0.482940 0.101315 -0.302427
v -0.475430 0.081154 -0.092208
v -0.459906 0.082740 0.064638
v -0.477226 0.127316 -0.042431
v -0.447416 0.083072 0.241641
v -0.449866 0.085064 0.277955
v -0.435534 0.017019 0.228960
v -0.438504 0.053541 0.282498
v -0.424388 0.007349 0.284142
v -0.437336 0.007804 0.111439
v -0.435531 0.076893 0.343856
v -0.421047 0.004017 0.191053
v -0.435740 0.084511 0.347506
v -0.431205 0.084166 0.402568
v -0.423279 0.014952 0.323337
v -0.414187 0.040539 0.466380
v -0.413984 0.087820 0.560291
v -0.393702 0.017783 0.573767
v -0.420498 0.086150 0.550852
v -0.415879 0.008264 0.328209
v -0.425017 0.131044 0.575598
v -0.403181 0.051217 0.574082
v -0.460022 0.128764 0.206153
v -0.453125 0.129908 0.241153
v -0.419908 0.133050 0.576570
v -0.375887 0.027514 0.740158
v -0.388759 0.055651 0.703140
v -0.372460 0.018551 0.721138
v -0.358948 0.027207 0.843591
v -0.379284 0.011408 0.603499
v -0.352307 0.021277 0.835263
v -0.342269 0.017918 0.781120
v -0.364603 0.009817 0.571434
v -0.400063 0.006124 0.317760
v -0.346563 0.026507 0.915898
v -0.380744 0.001691 0.212854
v -0.359756 0.034476 0.868419
v -0.307371 0.004825 0.397398
v -0.360007 0.003358 0.136900
v -0.423139 0.002573 0.018272
v -0.430481 0.002902 -0.001132
v -0.308682 0.004149 0.156206
v -0.302599 0.001712 0.139257
v -0.297815 -0.000210 0.143201
v -0.291188 0.004201 0.477376
v -0.254087 0.002334 0.196732
v -0.291018 0.009245 0.548926
v -0.247142 0.002848 0.430789
v -0.164468 0.007041 0.276681
v -0.220770 0.005630 0.245930
v -0.226580 0.007743 0.378462
v -0.214766 0.010595 0.394245
v -0.218777 0.010538 0.433777
v -0.152597 0.011149 0.366641
v -0.152006 0.008830 0.494163
v -0.229000 0.010421 0.625588
v -0.145976 0.011508 0.620133
v -0.246309 0.006876 0.574571
v -0.255759 0.010095 0.650453
v -0.200829 0.010578 0.531039
v -0.230770 0.016044 0.681272
v -0.171952 0.013180 0.490515
v -0.158298 0.014018 0.567677
v -0.152681 0.015012 0.507548
v -0.147545 0.014624 0.595136
v -0.171030 0.019599 0.769633
v -0.150441 0.020013 0.747968
v -0.146598 0.018290 0.740528
v -0.142725 0.021484 0.841816
v -0.139471 0.035298 1.094035
v -0.132282 0.034972 1.186900
v -0.130005 0.041622 1.204754
v -0.129224 0.045249 1.264370
v -0.133620 0.045654 1.271276
v -0.127827 0.042933 1.296918
v -0.202286 0.044124 1.274922
v -0.125430 0.041624 1.296835
v -0.093357 0.041686 1.313195
v -0.113313 0.053689 1.367827
v -0.079212 0.053870 1.394049
v -0.118416 0.053281 1.358156
v -0.109615 0.061483 1.488352
v -0.126412 0.050356 1.325209
v -0.114094 0.057522 1.423314
v -0.119068 0.061137 1.405716
v -0.116348 0.062415 1.361612
v -0.131670 0.050924 1.324832
v -0.125111 0.056071 1.390768
v -0.120632 0.062526 1.428564
v -0.135827 0.061685 1.459241
v -0.207615 0.055959 1.457870
v -0.120619 0.075729 1.475265
v -0.120682 0.068266 1.473831
v -0.117035 0.061733 1.465379
v -0.122296 0.070139 1.528320
v -0.115106 0.068846 1.525572
v -0.130725 0.070565 1.549015
v -0.120335 0.074026 1.566762
v -0.116046 0.069281 1.552547
v -0.165747 0.077820 1.674009
v -0.120571 0.088761 1.770525
v -0.067023 0.076888 1.667585
v -0.094546 0.079941 1.712375
v -0.082666 0.103796 1.921445
v -0.112321 0.091942 1.805703
v -0.058706 0.112283 1.985081
v -0.113860 0.101718 1.913019
v -0.037829 0.113530 2.000619
v -0.110880 0.110952 1.992462
v -0.081915 0.120845 2.008949
v -0.050896 0.119301 2.006383
v -0.106427 0.125469 2.008335
v -0.034000 0.119149 2.007375
v -0.111282 0.122431 2.004597
v -0.119443 0.121448 2.009144
v -0.155932 0.120946 2.007488
v -0.021722 0.116372 2.006692
v -0.024581 0.120564 2.001942
v -0.012007 0.117865 1.996605
v -0.167380 0.117652 1.993823
v -0.166057 0.124157 2.006451
v -0.171213 0.105278 1.941096
v -0.177623 0.135047 2.001987
v -0.168641 0.134261 2.009170
v -0.140409 0.092074 1.817400
v -0.184794 0.089158 1.781688
v -0.185381 0.113151 1.952315
v -0.210321 0.085702 1.740167
v -0.247835 0.058139 1.448052
v -0.226298 0.083664 1.687253
v -0.224613 0.095214 1.727878
v -0.189852 0.126573 1.939802
v -0.250882 0.075412 1.556653
v -0.189108 0.140046 1.966837
v -0.250727 0.064310 1.499587
v -0.187945 0.150563 1.975132
v -0.274904 0.056824 1.385127
v -0.194796 0.240226 2.008142
v -0.181482 0.207405 2.009849
v -0.187917 0.241543 2.007787
v -0.192128 0.253789 2.007029
v -0.207289 0.232561 1.965136
v -0.204497 0.245403 1.989155
v -0.209434 0.281105 2.003104
v -0.201987 0.301794 2.008685
v -0.213757 0.341006 2.006089
v -0.221504 0.335397 1.995151
v -0.213606 0.356097 1.997328
v -0.211434 0.253692 1.970393
v -0.229571 0.347271 1.957344
v -0.222870 0.354157 1.950893
v -0.253710 0.335732 1.838414
v -0.254823 0.343229 1.826381
v -0.248335 0.348818 1.821348
v -0.254467 0.305491 1.813831
v -0.270309 0.342756 1.744290
v -0.268400 0.345501 1.710137
v -0.269065 0.339772 1.758252
v -0.275739 0.327682 1.734717
v -0.308838 0.336690 1.550067
v -0.303763 0.341578 1.530717
v -0.267759 0.252994 1.697636
v -0.334927 0.336976 1.406372
v -0.337064 0.339260 1.345912
v -0.306727 0.323772 1.561726
v -0.334136 0.331945 1.421448
v -0.383366 0.336445 1.112741
v -0.379541 0.338959 1.089633
v -0.387924 0.338848 1.039523
v -0.400304 0.338821 0.961166
v -0.361035 0.327810 1.278803
v -0.385745 0.330904 1.121032
v -0.345459 0.301600 1.339098
v -0.416800 0.328610 0.912244
v -0.405761 0.306195 0.958435
v -0.293682 0.251160 1.558947
v -0.414918 0.336321 0.904689
v -0.418393 0.338744 0.822146
v -0.437881 0.339203 0.641101
v -0.450730 0.339077 0.577055
v -0.443389 0.337965 0.587274
v -0.449082 0.340535 0.526116
v -0.461960 0.342016 0.356382
v -0.446043 0.331649 0.670052
v -0.470647 0.341936 0.339788
v -0.463913 0.332254 0.502897
v -0.476558 0.342590 0.252922
v -0.473919 0.343648 0.125869
v -0.474554 0.333671 0.360183
v -0.486236 0.343660 0.110733
v -0.476591 0.344981 0.089928
v -0.482387 0.336134 0.251371
v -0.490158 0.344604 0.051962
v -0.477256 0.345441 0.042817
v -0.493710 0.334340 0.073396
v -0.488675 0.348817 -0.067440
v -0.480957 0.347976 -0.047383
v -0.478765 0.347157 -0.109940
v -0.493912 0.347630 -0.066133
v -0.492829 0.348049 -0.171310
v -0.479145 0.347489 -0.162878
v -0.481095 0.348592 -0.179172
v -0.495822 0.347567 -0.223065
v -0.481515 0.348472 -0.230296
v -0.480389 0.349418 -0.262218
v -0.495759 0.341829 -0.190468
v -0.496319 0.351327 -0.293681
v -0.477895 0.351516 -0.332993
v -0.494967 0.343855 -0.251772
v -0.492570 0.338734 -0.242442
v -0.495072 0.352766 -0.385516
v -0.475040 0.352327 -0.434038
v -0.496380 0.329030 -0.251814
v -0.495215 0.339712 -0.384380
v -0.491825 0.353030 -0.466050
v -0.473509 0.352687 -0.457223
v -0.496621 0.337039 -0.046220
v -0.485986 0.353499 -0.589152
v -0.466602 0.354311 -0.596965
v -0.461546 0.355364 -0.677647
v -0.483135 0.332762 -0.641843
v -0.475936 0.356966 -0.743617
v -0.460279 0.357102 -0.754850
v -0.466852 0.360245 -0.868567
v -0.448890 0.359251 -0.836643
v -0.440569 0.361879 -0.927165
v -0.433652 0.364064 -1.002404
v -0.453338 0.363993 -1.003632
v -0.466135 0.351084 -0.875940
v -0.443693 0.365578 -1.095349
v -0.416807 0.367220 -1.153928
v -0.473308 0.326196 -0.788092
v -0.427682 0.368564 -1.181892
v -0.408682 0.368017 -1.222359
v -0.427232 0.368846 -1.241559
v -0.402370 0.368636 -1.275526
v -0.399836 0.370510 -1.297892
v -0.444441 0.355712 -1.092709
v -0.408729 0.372462 -1.379038
v -0.382863 0.374082 -1.430226
v -0.410958 0.360259 -1.370382
v -0.449927 0.183753 -0.998602
v -0.387046 0.366422 -1.541165
v -0.391609 0.374675 -1.515140
v -0.374844 0.375058 -1.485234
v -0.366451 0.376674 -1.546565
v -0.344905 0.380870 -1.705301
v -0.353853 0.380958 -1.763389
v -0.333215 0.382542 -1.783502
v -0.355184 0.374459 -1.767757
v -0.334778 0.383821 -1.887821
v -0.316481 0.385923 -1.894433
v -0.332582 0.375212 -1.916950
v -0.322687 0.387675 -1.908160
v -0.315344 0.386152 -1.901972
v -0.309862 0.387499 -1.921680
v -0.328404 0.384755 -1.928538
v -0.308760 0.382157 -1.931078
v -0.330777 0.374780 -1.927386
v -0.322432 0.322008 -1.926255
v -0.313876 0.269234 -1.914591
v -0.305574 0.260428 -1.925998
v -0.334731 0.310123 -1.847939
v -0.301024 0.223118 -1.924767
v -0.299179 0.237231 -1.924556
v -0.296857 0.215564 -1.925725
v -0.293882 0.207283 -1.922635
v -0.293973 0.195663 -1.924691
v -0.353697 0.243691 -1.671988
v -0.326096 0.132832 -1.732624
v -0.397337 0.219053 -1.399743
v -0.332932 0.126769 -1.711927
v -0.362093 0.146283 -1.551587
v -0.355162 0.125477 -1.585789
v -0.414957 0.214524 -1.279297
v -0.357399 0.126625 -1.609221
v -0.364710 0.126745 -1.535022
v -0.367873 0.124074 -1.548340
v -0.394173 0.128741 -1.383619
v -0.394613 0.126446 -1.410640
v -0.413481 0.132312 -1.272167
v -0.407116 0.125716 -1.341373
v -0.398935 0.124501 -1.345105
v -0.418777 0.127263 -1.279342
v -0.431041 0.138428 -1.144367
v -0.429827 0.128244 -1.185580
v -0.447141 0.122874 -1.108518
v -0.445610 0.124012 -1.089555
v -0.468867 0.124187 -0.903453
v -0.448533 0.131717 -1.001715
v -0.466904 0.125003 -0.856746
v -0.478426 0.124920 -0.755207
v -0.462212 0.128053 -0.848638
v -0.480009 0.126553 -0.692362
v -0.469702 0.128785 -0.738839
v -0.474352 0.124762 -0.732652
v -0.468515 0.164208 -0.758796
v -0.470048 0.123610 -0.709275
v -0.472930 0.120783 -0.711945
v -0.462807 0.223193 -0.865200
v -0.470908 0.115154 -0.696897
v -0.476852 0.125677 -0.662964
v -0.471414 0.127566 -0.664138
v -0.472851 0.118424 -0.643039
v -0.474770 0.123388 -0.610017
v -0.473658 0.127067 -0.607213
v -0.477470 0.224346 -0.608634
v -0.479785 0.126014 -0.599161
v -0.476245 0.126121 -0.598331
v -0.476486 0.126982 -0.520785
v -0.481887 0.121670 -0.579088
v -0.483526 0.127199 -0.486794
v -0.477368 0.127230 -0.461996
v -0.478041 0.095503 -0.583918
v -0.483776 0.126605 -0.271283
v -0.479551 0.127501 -0.377470
v -0.473988 0.127892 -0.123837
v -0.479510 0.154328 -0.325828
v -0.468193 0.130337 0.012006
v -0.477482 0.146154 -0.167904
v -0.480504 0.183049 -0.429197
v -0.485496 0.218890 -0.283178
v -0.478854 0.217190 0.023240
v -0.468170 0.190878 0.166894
v -0.468829 0.218025 0.187044
v -0.463389 0.207958 0.267199
v -0.447657 0.209440 0.446810
v -0.457614 0.220066 0.326860
v -0.473257 0.220236 0.018244
v -0.436722 0.207798 0.566343
v -0.446602 0.219660 0.435425
v -0.389301 0.103837 0.771067
v -0.446802 0.217469 0.485779
v -0.447486 0.224739 0.383424
v -0.438572 0.220587 0.474611
v -0.451512 0.226037 0.371740
v -0.441129 0.225728 0.460377
v -0.448140 0.225069 0.490885
v -0.465299 0.226409 0.198981
v -0.452892 0.223941 0.425429
v -0.471979 0.223719 0.050397
v -0.452091 0.229786 0.482843
v -0.455991 0.226709 0.416919
v -0.456402 0.242299 0.447205
v -0.469032 0.224909 0.273437
v -0.469378 0.237603 0.291317
v -0.449427 0.248078 0.513823
v -0.462640 0.299998 0.463068
v -0.474292 0.232861 0.176328
v -0.474974 0.225660 0.145169
v -0.480787 0.298712 0.223867
v -0.441846 0.272997 0.637318
v -0.492603 0.306284 0.033318
v -0.487814 0.254582 0.007408
v -0.490117 0.241132 -0.210987
v -0.479940 0.223240 0.048080
v -0.484761 0.222382 -0.114273
v -0.473659 0.223403 -0.011884
v -0.475245 0.224541 -0.031696
v -0.479046 0.223830 -0.107058
v -0.478552 0.221671 -0.146042
v -0.478785 0.224800 -0.148432
v -0.487351 0.224180 -0.215269
v -0.480411 0.221655 -0.233515
v -0.479978 0.225423 -0.236697
v -0.489799 0.240679 -0.348902
v -0.478762 0.223777 -0.259619
v -0.483164 0.223300 -0.299596
v -0.476309 0.223584 -0.301537
v -0.485144 0.225832 -0.422603
v -0.472043 0.224083 -0.356212
v -0.482630 0.221467 -0.353156
v -0.482542 0.221656 -0.440538
v -0.473855 0.224806 -0.406153
v -0.484862 0.243619 -0.496614
v -0.482974 0.226621 -0.490559
v -0.472028 0.224247 -0.496953
v -0.475361 0.226461 -0.498520
v -0.481845 0.226344 -0.518112
v -0.481187 0.249234 -0.619527
v -0.473160 0.227008 -0.545724
v -0.479168 0.226301 -0.586522
v -0.470091 0.225582 -0.584670
v -0.468205 0.226576 -0.635782
v -0.471948 0.227239 -0.700622
v -0.466763 0.225235 -0.671706
v -0.471254 0.223679 -0.728561
v -0.471261 0.226564 -0.730153
v -0.468240 0.229045 -0.785300
v -0.464595 0.226149 -0.781548
v -0.463161 0.226248 -0.742279
v -0.461542 0.228565 -0.771577
v -0.352527 0.285262 -1.587065
v -0.332357 0.292522 -1.588304
v -0.353057 0.290472 -1.587343
v -0.331432 0.287237 -1.587986
v -0.326479 0.292801 -1.588744
v -0.348120 0.241566 -1.586137
v -0.321722 0.245406 -1.586831
v -0.324852 0.287968 -1.595046
v -0.304449 0.292684 -1.712705
v -0.332357 0.292522 -1.588304
v -0.346815 0.241417 -1.592461
v -0.348120 0.241566 -1.586137
v -0.338891 0.289834 -1.667596
v -0.353057 0.290472 -1.587343
v -0.320561 0.245020 -1.593604
v -0.332565 0.240844 -1.668355
v -0.327112 0.289745 -1.727797
v -0.333904 0.290668 -1.702517
v -0.324155 0.287166 -1.752440
v -0.303690 0.291076 -1.771142
v -0.310519 0.288958 -1.808566
v -0.315106 0.288172 -1.810200
v -0.300197 0.286915 -1.890565
v -0.298837 0.288835 -1.893251
v -0.286141 0.290781 -1.896041
v -0.298757 0.291417 -1.899122
v -0.288588 0.291753 -1.803129
v -0.271055 0.289266 -1.897167
v -0.271571 0.291884 -1.894611
v -0.293584 0.288566 -1.771476
v -0.271473 0.284558 -1.891749
v -0.271055 0.289266 -1.897167
v -0.321075 0.253747 -1.593711
v -0.268188 0.248515 -1.890410
v -0.266637 0.241393 -1.894636
v -0.310044 0.243694 -1.649178
v -0.268226 0.241756 -1.889849
v -0.289935 0.239009 -1.895916
v -0.297507 0.243395 -1.720148
v 0.123863 0.067999 -1.921699
v 0.146116 0.070002 -1.923012
v 0.126455 0.063429 -1.918707
v 0.143689 0.063702 -1.918827
v 0.133549 0.059727 -1.925033
v 0.164360 0.071650 -1.922855
v 0.165469 0.065087 -1.919744
v 0.163276 0.062394 -1.923277
v 0.165217 0.060344 -1.921446
v 0.164360 0.071650 -1.922855
v 0.202499 0.075094 -1.922527
v 0.129820 0.056863 -1.916330
v 0.220350 0.065531 -1.919908
v 0.244129 0.073155 -1.922030
v 0.170546 0.061488 -1.909333
v 0.246629 0.062452 -1.899212
v 0.255905 0.069968 -1.915653
v 0.175058 0.062316 -1.906134
v 0.268107 0.062361 -1.884747
v 0.164838 0.049656 -1.804849
v 0.169815 0.048316 -1.762993
v 0.287221 0.051718 -1.721824
v 0.182570 0.051221 -1.734953
v 0.174498 0.044895 -1.620708
v 0.166503 0.043254 -1.651423
v 0.161565 0.040757 -1.640269
v 0.168560 0.038573 -1.557726
v 0.124300 0.037993 -1.597438
v 0.160838 0.030952 -1.457491
v 0.240172 0.037318 -1.505850
v 0.166564 0.032624 -1.451431
v 0.172491 0.038114 -1.521466
v 0.157843 0.011368 -1.020533
v 0.164378 0.017736 -1.078956
v 0.169523 0.021573 -1.138006
v 0.171498 0.014970 -0.988236
v 0.177176 0.012467 -0.923054
v 0.283067 0.020932 -1.142885
v 0.173158 0.010553 -0.886508
v 0.287643 0.026114 -1.249618
v 0.158509 0.006658 -0.870801
v 0.302720 0.029069 -1.362826
v 0.287399 0.022143 -1.156006
v 0.299858 0.020149 -1.148710
v 0.391417 0.022012 -1.196993
v 0.298252 0.012410 -0.910218
v 0.337403 0.039166 -1.552866
v 0.258537 0.012634 -0.904669
v 0.390243 0.007258 -0.760311
v 0.172858 0.009834 -0.736693
v 0.158374 0.006351 -0.792362
v 0.155242 0.005691 -0.607299
v 0.250357 0.009392 -0.673986
v 0.151501 0.003240 -0.589405
v 0.254511 0.007174 -0.467833
v 0.189152 0.006675 -0.509348
v 0.172585 0.006386 -0.482522
v 0.175013 0.007930 -0.440315
v 0.166233 0.003859 -0.219443
v 0.256468 0.006138 -0.684816
v 0.253508 0.007839 -0.372629
v 0.262363 0.010261 -0.900581
v 0.252673 0.000135 -0.379522
v 0.266579 0.007871 -0.902739
v 0.259138 -0.000366 -0.351690
v 0.252026 0.003795 -0.334293
v 0.307111 0.005233 -0.793841
v 0.246116 0.008021 -0.281363
v 0.250972 0.002035 -0.292940
v 0.222760 0.006260 -0.267491
v 0.246518 0.000700 -0.270469
v 0.185995 0.003703 -0.208012
v 0.228986 0.001852 -0.256158
v 0.251417 -0.001309 -0.263284
v 0.234621 0.005007 -0.175131
v 0.153450 0.001190 -0.209920
v 0.244567 0.003028 -0.215659
v 0.119494 0.000830 -0.261854
v 0.160500 0.006429 -0.138186
v 0.124113 0.004428 -0.817896
v 0.154157 0.001596 -0.085713
v 0.126086 0.012096 -1.035500
v 0.209402 0.002023 -0.117334
v 0.117798 -0.000092 -0.038939
v 0.181127 0.004698 -0.028952
v 0.236989 0.004477 -0.093095
v 0.156715 0.002616 -0.006561
v 0.151994 0.000551 0.045732
v 0.159925 0.004528 0.039243
v 0.244428 0.002990 -0.040695
v 0.217879 0.003173 0.038329
v 0.158237 0.001642 0.216302
v 0.237810 0.005407 0.141637
v 0.246411 0.003144 0.034815
v 0.247450 0.003099 -0.073873
v 0.253249 0.006660 -0.136246
v 0.251677 0.006325 -0.190619
v 0.249160 0.000197 -0.202568
v 0.255824 -0.000719 -0.156897
v 0.022023 0.006742 0.415725
v 0.012993 0.004759 0.459602
v 0.251628 -0.000049 0.100070
v 0.300102 0.001245 -0.436579
v 0.245221 0.000018 0.088770
v 0.318763 0.001038 -0.067730
v 0.247615 0.001535 0.334975
v 0.242502 0.003974 0.275509
v 0.232653 0.005610 0.255392
v 0.287194 0.000440 0.132300
v 0.206990 0.005849 0.278645
v 0.296205 0.005408 0.298554
v 0.243758 0.007144 0.318889
v 0.288050 0.005649 0.288580
v 0.240601 0.002255 0.364278
v 0.285050 0.002333 0.406017
v 0.246305 0.004039 0.491761
v 0.243317 0.007796 0.426143
v 0.239252 0.004249 0.493601
v 0.236397 0.009096 0.441245
v 0.235917 0.006889 0.508936
v 0.214230 0.009792 0.569994
v 0.236062 0.006702 0.576153
v 0.281817 0.007044 0.610734
v 0.241334 0.009150 0.660216
v 0.282389 0.010688 0.536612
v 0.285992 0.011118 0.635111
v 0.360773 0.012677 0.549787
v 0.280711 0.019158 0.848927
v 0.310727 0.013253 0.615392
v 0.236014 0.009220 0.656287
v 0.235408 0.011678 0.577631
v 0.234973 0.013928 0.696401
v 0.227307 0.011648 0.581203
v 0.240945 0.014679 0.801445
v 0.227195 0.018652 0.770536
v 0.235268 0.015664 0.786751
v 0.231028 0.021592 0.907923
v 0.234845 0.018617 0.928450
v 0.214702 0.023942 0.917166
v 0.230901 0.019312 0.919615
v 0.278372 0.026255 1.022836
v 0.319295 0.027806 0.945512
v 0.377492 0.014203 0.581288
v 0.339001 0.026407 0.899215
v 0.344310 0.022021 0.815541
v 0.360146 0.029724 0.815805
v 0.369045 0.022000 0.720265
v 0.376593 0.027723 0.695881
v 0.390903 0.021557 0.565805
v 0.387757 0.014695 0.551702
v 0.398969 0.040369 0.544718
v 0.399885 0.122030 0.666850
v 0.409625 0.022613 0.402341
v 0.415568 0.014491 0.318818
v 0.409976 0.006806 0.202885
v 0.426859 0.017296 0.234725
v 0.439479 0.047391 0.161301
v 0.364187 0.001621 -0.055448
v 0.432729 0.014419 0.129406
v 0.428333 0.004999 -0.010970
v 0.433827 0.022673 0.168263
v 0.449744 0.011485 -0.081217
v 0.437913 0.003182 -0.449799
v 0.451696 0.024549 -0.078965
v 0.441297 0.005805 -0.101223
v 0.460989 0.034998 -0.211016
v 0.459657 0.011248 -0.335130
v 0.452279 0.005336 -0.383536
v 0.312067 0.003823 -0.386807
v 0.383308 0.002657 -0.462853
v 0.439088 0.004661 -0.620797
v 0.460191 0.011196 -0.582769
v 0.321035 0.009613 -0.741533
v 0.302770 0.003682 -0.632867
v 0.306466 0.009146 -0.711910
v 0.449417 0.008225 -0.642623
v 0.435456 0.014572 -0.916310
v 0.440751 0.025581 -0.950291
v 0.424562 0.023212 -1.086585
v 0.459679 0.017503 -0.616249
v 0.409897 0.022476 -1.155681
v 0.463784 0.022796 -0.475731
v 0.460307 0.035787 -0.678037
v 0.438102 0.033605 -0.983087
v 0.418991 0.031122 -1.145715
v 0.397732 0.028608 -1.269997
v 0.373809 0.032502 -1.395128
v 0.401988 0.034451 -1.266579
v 0.417011 0.083174 -1.207015
v 0.377680 0.046186 -1.400247
v 0.359060 0.046724 -1.491529
v 0.321506 0.053025 -1.660205
v 0.282859 0.070030 -1.840575
v 0.328144 0.067393 -1.642160
v 0.344967 0.174639 -1.626840
v 0.290671 0.202414 -1.918090
v 0.266850 0.077742 -1.913372
v 0.258122 0.077448 -1.920426
v 0.263548 0.120840 -1.925579
v 0.270216 0.115751 -1.922449
v 0.273929 0.153868 -1.928028
v 0.285774 0.199665 -1.929119
v 0.293330 0.228650 -1.928667
v 0.291045 0.231425 -1.907314
v 0.284981 0.232734 -1.930749
v 0.332821 0.227487 -1.727325
v 0.325598 0.230111 -1.728329
v 0.364993 0.227795 -1.549621
v 0.310029 0.235840 -1.821227
v 0.333440 0.230381 -1.686114
v 0.310760 0.243242 -1.827424
v 0.318271 0.237300 -1.768944
v 0.329792 0.243145 -1.784722
v 0.318284 0.245085 -1.801931
v 0.334714 0.235026 -1.742203
v 0.325110 0.239342 -1.761132
v 0.330861 0.234063 -1.707836
v 0.350183 0.235538 -1.658900
v 0.342296 0.234431 -1.648807
v 0.361020 0.229230 -1.529187
v 0.381956 0.235795 -1.405062
v 0.402651 0.236823 -1.320029
v 0.393703 0.230267 -1.327610
v 0.395405 0.235118 -1.305605
v 0.402986 0.229500 -1.311492
v 0.400419 0.160049 -1.312644
v 0.435402 0.169373 -1.063334
v 0.406780 0.233064 -1.226316
v 0.453662 0.124454 -0.902006
v 0.436618 0.230500 -1.054331
v 0.449815 0.230157 -0.929542
v 0.414456 0.237101 -1.171887
v 0.424132 0.231909 -1.102474
v 0.440117 0.231135 -0.960019
v 0.436972 0.236641 -1.032995
v 0.426553 0.237632 -1.132861
v 0.426761 0.251385 -1.133964
v 0.465363 0.252729 -0.781902
v 0.438990 0.237003 -0.966271
v 0.456189 0.236820 -0.855497
v 0.452842 0.231352 -0.857036
v 0.462800 0.237142 -0.789337
v 0.450102 0.233853 -0.842247
v 0.460725 0.234050 -0.764299
v 0.466450 0.244126 -0.739241
v 0.459518 0.219591 -0.829662
v 0.464412 0.229001 -0.755397
v 0.458253 0.232288 -0.745770
v 0.465956 0.120731 -0.693131
v 0.466492 0.235448 -0.733749
v 0.460907 0.230864 -0.723190
v 0.467368 0.229607 -0.693029
v 0.458003 0.231584 -0.700330
v 0.465928 0.235326 -0.697298
v 0.472092 0.241263 -0.638997
v 0.463412 0.231126 -0.660074
v 0.473340 0.222057 -0.586949
v 0.467681 0.228203 -0.614221
v 0.469582 0.233092 -0.603784
v 0.466484 0.230478 -0.586043
v 0.473874 0.235393 -0.550242
v 0.472798 0.231494 -0.534062
v 0.477464 0.243874 -0.478348
v 0.466899 0.236459 -0.507615
v 0.480611 0.259967 -0.383012
v 0.472180 0.235805 -0.480196
v 0.480346 0.243717 -0.294757
v 0.479084 0.236355 -0.384797
v 0.481572 0.256318 -0.216982
v 0.476677 0.237260 -0.321531
v 0.477987 0.236710 -0.251616
v 0.471894 0.237017 -0.345480
v 0.467424 0.232472 -0.470959
v 0.475520 0.229258 -0.387962
v 0.473428 0.232531 -0.357073
v 0.476683 0.229457 -0.260786
v 0.476359 0.213795 -0.309597
v 0.477549 0.228384 -0.448154
v 0.473246 0.233580 -0.477101
v 0.475794 0.212944 -0.518749
v 0.473816 0.190525 -0.130331
v 0.471531 0.116312 -0.519519
v 0.467486 0.116461 -0.653138
v 0.472300 0.124437 -0.377220
v 0.465724 0.087587 -0.148976
v 0.462926 0.127130 -0.017092
v 0.444026 0.113564 0.234459
v 0.475761 0.222330 -0.112578
v 0.474292 0.218690 -0.157166
v 0.476522 0.235068 -0.244972
v 0.472770 0.229974 -0.139325
v 0.468589 0.235754 -0.227919
v 0.469688 0.231797 -0.198499
v 0.474841 0.236304 -0.182251
v 0.468432 0.238431 -0.088507
v 0.468695 0.234718 -0.076396
v 0.467970 0.236004 0.033635
v 0.468598 0.231140 0.020109
v 0.466535 0.224632 0.074151
v 0.460453 0.235398 0.138005
v 0.470497 0.244847 0.042784
v 0.463215 0.256925 0.153328
v 0.456766 0.236716 0.122370
v 0.463421 0.239162 0.132538
v 0.459753 0.234192 0.158008
v 0.456244 0.213398 0.201681
v 0.455848 0.236347 0.194320
v 0.456562 0.231202 0.183665
v 0.447367 0.235915 0.323234
v 0.441027 0.251272 0.407859
v 0.425568 0.150681 0.479316
v 0.443159 0.218448 0.360738
v 0.430758 0.231103 0.480301
v 0.440524 0.230340 0.371862
v 0.437805 0.235094 0.412472
v 0.434368 0.237706 0.448742
v 0.422157 0.237873 0.584526
v 0.418329 0.230257 0.606628
v 0.416766 0.246930 0.631387
v 0.412382 0.232923 0.664394
v 0.397283 0.247646 0.782427
v 0.393793 0.224603 0.790180
v 0.399297 0.240739 0.745526
v 0.404017 0.234414 0.723959
v 0.399861 0.242356 0.740809
v 0.408848 0.240728 0.688060
v 0.415535 0.237860 0.641265
v 0.403727 0.238052 0.676039
v 0.410369 0.236816 0.611738
v 0.406156 0.237709 0.629816
v 0.414577 0.233427 0.635692
v 0.123863 0.067999 -1.921699
v 0.126455 0.063429 -1.918707
v 0.094825 0.065383 -1.919986
v 0.123758 0.060347 -1.896326
v 0.126274 0.057147 -1.911916
v 0.120553 0.043437 -1.699546
v 0.009980 0.061358 -1.901330
v -0.010238 0.066005 -1.918489
v 0.118864 0.046205 -1.662514
v 0.120875 0.027320 -1.316610
v 0.124403 0.023918 -1.311220
v 0.084960 0.034010 -1.430858
v 0.119470 0.022520 -1.284919
v 0.118538 0.017924 -1.174155
v 0.117506 0.021697 -1.149326
v 0.120686 0.012233 -1.039687
v 0.120665 0.008048 -0.930067
v 0.117450 0.010744 -0.860689
v 0.119155 0.005790 -0.832069
v 0.116053 0.002503 -0.708627
v 0.112077 0.006849 -0.615874
v 0.023003 0.009858 -0.828630
v 0.018143 0.026932 -1.284929
v 0.113346 0.000701 -0.232199
v 0.110609 0.004719 -0.243865
v 0.111205 0.002307 -0.152292
v 0.019332 0.003748 -0.277714
v 0.085698 0.003399 -0.142670
v 0.110592 0.002903 0.058777
v 0.019601 0.006692 -0.686229
v 0.106335 0.000700 -0.051848
v 0.106492 0.001208 0.187302
v 0.102450 0.004394 0.184092
v 0.061159 0.003230 -0.033211
v 0.023213 0.002171 -0.110907
v 0.014517 0.003484 -0.254554
v 0.015311 -0.001398 -0.106842
v 0.014730 0.001442 -0.124812
v 0.015316 0.005490 -0.712431
v 0.014183 -0.001458 -0.315150
v 0.018636 0.008757 -0.864710
v 0.014696 0.025529 -1.244348
v 0.015640 0.015500 -1.132839
v 0.012225 0.028600 -1.404382
v 0.010962 0.039089 -1.531554
v 0.002880 0.038975 -1.609867
v -0.032943 0.033634 -1.513228
v 0.007478 0.042442 -1.669184
v -0.045331 0.043332 -1.583866
v 0.004364 0.060262 -1.897893
v -0.041759 0.050163 -1.713497
v -0.040669 0.042601 -1.668530
v -0.034352 0.048656 -1.725054
v -0.033507 0.041100 -1.648282
v -0.028653 0.047684 -1.765919
v -0.001047 0.057400 -1.900458
v -0.002478 0.061322 -1.904934
v -0.027254 0.060997 -1.905674
v -0.031360 0.064889 -1.907235
v -0.034308 0.067319 -1.919484
v 0.108097 0.056517 1.380980
v 0.117113 0.066869 1.446132
v 0.080214 0.046138 1.278037
v 0.121234 0.069910 1.433763
v 0.025324 0.031402 1.067188
v 0.117667 0.064604 1.399329
v 0.120775 0.063565 1.386614
v 0.115096 0.058068 1.381510
v 0.115849 0.051889 1.318557
v 0.116887 0.063687 1.365076
v 0.121653 0.055001 1.371374
v 0.121130 0.061030 1.334264
v 0.126539 0.050607 1.343781
v 0.121385 0.052828 1.340214
v 0.150599 0.046983 1.325741
v 0.126994 0.048533 1.295660
v 0.137265 0.040118 1.248057
v 0.122510 0.047467 1.274445
v 0.121848 0.056838 1.283032
v 0.116991 0.058236 1.303115
v 0.117640 0.049515 1.279546
v 0.119543 0.055443 1.276413
v 0.112250 0.039274 1.172853
v 0.116556 0.047229 1.237226
v 0.122293 0.052682 1.244850
v 0.122315 0.044607 1.237590
v 0.120761 0.053453 1.234434
v 0.117795 0.048861 1.187540
v 0.151283 0.036154 1.157645
v 0.120324 0.048309 1.177348
v 0.121853 0.039489 1.157671
v 0.118991 0.039602 1.171124
v 0.120750 0.044070 1.129175
v 0.117399 0.036580 1.130302
v 0.085894 0.036384 1.128481
v 0.121727 0.041889 1.083748
v 0.072893 0.025866 0.978287
v 0.124246 0.033435 1.080048
v 0.119185 0.036874 1.069431
v 0.114134 0.032142 1.058688
v 0.121892 0.035414 1.025711
v 0.118741 0.030717 1.031756
v 0.122646 0.035291 0.982741
v 0.119031 0.033232 0.980901
v 0.116638 0.024801 0.914644
v 0.124322 0.024050 0.913851
v 0.108511 0.027832 0.964596
v 0.133317 0.028403 1.005422
v 0.118771 0.019203 0.758507
v 0.191965 0.025062 0.969557
v 0.165457 0.025035 0.950315
v 0.165821 0.017514 0.781360
v 0.150913 0.022676 0.897582
v 0.124091 0.015302 0.636443
v 0.125426 0.021224 0.807086
v 0.123688 0.021573 0.835061
v 0.122985 0.030952 0.862759
v 0.118815 0.024148 0.846466
v 0.121652 0.014884 0.650634
v 0.128664 0.011787 0.540018
v 0.022635 0.021322 0.849600
v 0.021600 0.027573 1.001601
v 0.023141 0.007465 0.492683
v 0.057595 0.003528 0.373175
v 0.104770 0.006609 0.304849
v 0.124974 0.012216 0.516894
v 0.108744 0.002737 0.300053
v 0.128990 0.010271 0.406043
v 0.158750 0.005058 0.295269
v 0.127291 0.009509 0.333696
v -0.209373 0.142088 1.855386
v -0.214876 0.130024 1.819940
v -0.213172 0.137629 1.818325
v -0.232595 0.138375 1.740485
v -0.223024 0.141858 1.777542
v -0.231695 0.172082 1.782443
v -0.282379 0.093648 1.415885
v -0.234539 0.224005 1.821429
v -0.305452 0.051604 1.227713
v -0.222846 0.237283 1.895745
v -0.257374 0.208330 1.696555
v -0.207333 0.243982 1.956899
v -0.222615 0.242630 1.897047
v -0.209292 0.249366 1.957743
v -0.228944 0.242316 1.860046
v -0.208545 0.248102 1.925765
v -0.219698 0.246183 1.867181
v -0.229175 0.246051 1.873892
v -0.224739 0.244424 1.847578
v -0.234513 0.253975 1.852059
v -0.237848 0.242263 1.812770
v -0.247236 0.244558 1.782520
v -0.233066 0.245041 1.799232
v -0.247077 0.239150 1.764779
v -0.243069 0.243317 1.751740
v -0.254653 0.241028 1.735109
v -0.244752 0.241428 1.738546
v -0.255398 0.238257 1.718412
v -0.249182 0.243609 1.722206
v -0.260483 0.239793 1.686686
v -0.250862 0.241085 1.712224
v -0.274734 0.240112 1.640434
v -0.255477 0.242069 1.690504
v -0.261904 0.237275 1.690054
v -0.258077 0.240027 1.668540
v -0.265983 0.241004 1.635359
v -0.268200 0.239017 1.618744
v -0.269762 0.236347 1.648276
v -0.263418 0.229207 1.678168
v -0.271949 0.198781 1.609305
v -0.262612 0.157848 1.608454
v -0.274954 0.197875 1.595001
v -0.277523 0.235465 1.606105
v -0.320333 0.112727 1.223627
v -0.293937 0.223632 1.516859
v -0.286960 0.159224 1.486047
v -0.280678 0.226214 1.589346
v -0.286386 0.234301 1.559695
v -0.293108 0.188101 1.487802
v -0.273021 0.241434 1.588590
v -0.306675 0.166454 1.381628
v -0.284601 0.240187 1.584120
v -0.278933 0.241002 1.567262
v -0.293019 0.237710 1.540522
v -0.283265 0.239862 1.544566
v -0.292969 0.232829 1.520841
v -0.290754 0.240084 1.510639
v -0.303458 0.237467 1.454093
v -0.302690 0.237676 1.428813
v -0.313432 0.232801 1.420355
v -0.315713 0.247812 1.439054
v -0.313621 0.237292 1.429844
v -0.309422 0.236078 1.412661
v -0.337419 0.258016 1.333280
v -0.308291 0.233963 1.400959
v -0.358903 0.249176 1.192708
v -0.319467 0.236774 1.396785
v -0.334591 0.236203 1.317564
v -0.345491 0.240466 1.269105
v -0.312764 0.234531 1.382061
v -0.319560 0.234321 1.333592
v -0.323281 0.225217 1.357783
v -0.326490 0.230251 1.321669
v -0.328828 0.230148 1.301165
v -0.342003 0.234028 1.268937
v -0.334979 0.225503 1.293032
v -0.354039 0.230323 1.187531
v -0.339205 0.231302 1.213605
v -0.348365 0.224324 1.211428
v -0.353774 0.225764 1.183088
v -0.341090 0.197441 1.227327
v -0.297529 0.193647 1.466852
v -0.367312 0.215844 1.096987
v -0.367220 0.223593 1.077920
v -0.355766 0.128516 1.032523
v -0.366984 0.231483 1.077233
v -0.321106 0.065140 1.157073
v -0.373907 0.229739 1.066665
v -0.381369 0.248081 1.043427
v -0.381607 0.229656 1.005514
v -0.395046 0.233631 0.937072
v -0.415572 0.234805 0.802409
v -0.402556 0.227033 0.861023
v -0.414932 0.227532 0.783982
v -0.392073 0.227829 0.914487
v -0.385207 0.230912 0.957727
v -0.394348 0.220422 0.873507
v -0.373881 0.228747 0.999709
v -0.380693 0.225809 0.964570
v -0.374669 0.228296 1.009667
v -0.393128 0.218811 0.932204
v -0.401187 0.218645 0.871531
v -0.373849 0.209884 1.029535
v -0.371760 0.233362 1.030720
v -0.370446 0.228329 1.045342
v -0.361298 0.232196 1.061644
v -0.393740 0.171919 0.856147
v -0.409764 0.211846 0.791955
v -0.408844 0.221012 0.780182
v -0.418934 0.219638 0.710494
v -0.414946 0.227092 0.741633
v -0.425104 0.214013 0.675757
v -0.424178 0.223876 0.640690
v -0.434615 0.227356 0.637285
v -0.431043 0.229421 0.599056
v -0.438436 0.234145 0.599693
v -0.432656 0.220945 0.607608
v -0.429949 0.229974 0.582484
v -0.438571 0.235416 0.548901
v -0.435909 0.226241 0.549551
v -0.438663 0.223342 0.499272
v -0.434451 0.228353 0.533355
v -0.339397 0.049244 1.015063
v -0.331364 0.084333 1.096695
v -0.333924 0.032190 1.005636
v -0.327698 0.038074 1.061013
v -0.304532 0.045563 1.214432
v -0.325844 0.032800 1.046869
v -0.291896 0.047495 1.276217
v -0.299740 0.036052 1.141403
v -0.267786 0.048529 1.311355
v -0.312445 0.029138 1.023478
v -0.255582 0.054540 1.408785
v -0.277808 0.019610 0.889142
v -0.263871 0.046370 1.344430
v -0.249790 0.046595 1.367633
v -0.264557 0.044867 1.291855
v -0.229446 0.041866 1.306043
v -0.266111 0.038973 1.219316
v -0.268877 0.034621 1.202420
v -0.266562 0.030770 1.081182
v -0.271103 0.030974 1.140866
v -0.256566 0.026755 1.107785
v -0.237595 0.022914 1.036145
v -0.220338 0.041273 1.251664
v -0.219669 0.037849 1.204873
v -0.230627 0.029374 1.089166
v -0.210325 0.031207 1.079986
v -0.227940 0.029921 1.038892
v -0.227946 0.025113 0.960263
v -0.231907 0.026461 1.001266
v -0.233776 0.023914 0.963250
v -0.240073 0.016049 0.715861
v -0.238155 0.015956 0.806503
v -0.300249 0.013765 0.650723
vn -0.3624 0.9223 0.1343
vn 0.2994 0.0765 0.9510
vn -0.0015 0.9864 0.1642
vn -0.9442 0.1636 0.2858
vn -0.3428 0.9370 0.0676
vn -0.9828 0.1068 0.1506
vn -0.9786 0.1190 0.1680
vn -0.9839 0.0919 0.1535
vn -0.1321 0.9908 0.0305
vn -0.2723 0.9601 0.0637
vn -0.9853 0.0952 0.1418
vn -0.9835 0.0910 0.1563
vn -0.9629 0.0993 0.2511
vn -0.8404 0.5298 0.1143
vn -0.9026 0.1776 0.3920
vn -0.1833 0.9828 0.0202
vn -0.2340 0.9711 0.0472
vn -0.4135 0.9078 0.0702
vn -0.9891 0.0572 0.1357
vn -0.9899 0.0326 0.1382
vn -0.9462 0.1852 -0.2654
vn -0.8938 0.1756 -0.4127
vn -0.8889 0.0769 0.4516
vn -0.2991 0.0274 0.9538
vn -0.2691 -0.9607 0.0687
vn -0.7611 -0.1627 -0.6279
vn -0.1520 0.2507 0.9561
vn 0.8396 -0.0943 0.5350
vn 0.5664 0.7431 0.3564
vn 0.0818 -0.0698 0.9942
vn 0.0024 0.4158 0.9094
vn -0.0011 -0.0708 0.9975
vn 0.0002 -0.1396 0.9902
vn 0.1664 -0.1057 0.9804
vn 0.9050 0.2262 0.3602
vn 0.8172 -0.1379 0.5596
vn 0.3087 -0.1050 0.9454
vn -0.0035 -0.0991 0.9951
vn -0.0051 0.6910 0.7228
vn -0.0005 0.4700 0.8827
vn 0.0017 -0.1575 0.9875
vn 0.3577 -0.1164 0.9265
vn 0.4076 0.0814 0.9095
vn -0.0054 -0.1070 0.9942
vn 0.0294 0.6832 0.7296
vn -0.0035 0.9684 0.2492
vn -0.0174 0.1991 0.9798
vn -0.0016 0.7036 0.7106
vn 0.0872 0.9892 0.1177
vn 0.0048 0.5747 0.8183
vn -0.0028 -0.1007 0.9949
vn 0.0062 0.8738 0.4862
vn 0.0030 0.3599 0.9330
vn 0.0042 -0.1299 0.9915
vn 0.0053 -0.0939 0.9956
vn 0.0041 0.4048 0.9144
vn 0.0044 -0.1520 0.9884
vn 0.0392 -0.0804 0.9960
vn 0.0257 0.7892 0.6136
vn 0.0906 0.1640 0.9823
vn 0.0163 -0.0940 0.9954
vn 0.7317 -0.1636 0.6617
vn -0.7976 0.0808 0.5978
vn 0.0408 -0.1300 0.9907
vn 0.3855 -0.1476 0.9108
vn -0.4334 -0.1288 0.8920
vn 0.1892 -0.1638 0.9682
vn -0.8026 0.0003 0.5965
vn 0.0181 -0.1402 0.9900
vn -0.5683 0.0393 0.8219
vn 0.0190 -0.1631 0.9864
vn -0.4312 0.8921 0.1352
vn -0.7662 -0.6266 0.1425
vn -0.7033 -0.6985 0.1319
vn -0.9758 0.1022 0.1935
vn -0.6837 0.1500 0.7142
vn 0.0063 -0.1637 0.9865
vn 0.0134 -0.0361 0.9993
vn 0.0125 0.9448 0.3274
vn -0.8961 0.4144 0.1590
vn 0.0179 0.8673 0.4974
vn 0.0243 0.6852 -0.7280
vn 0.0088 0.8324 -0.5541
vn 0.0086 0.1843 -0.9828
vn -0.8938 0.1757 -0.4127
vn 0.0063 0.6643 0.7475
vn 0.0072 0.9635 -0.2677
vn -0.0020 0.1613 -0.9869
vn -0.0037 0.1529 -0.9882
vn -0.7611 -0.1626 -0.6279
vn 0.1048 0.7932 -0.5999
vn -0.8849 0.3483 -0.3091
vn 0.0066 0.9291 0.3698
vn 0.0009 0.9983 -0.0575
vn 0.0078 0.8541 0.5201
vn -0.0013 0.9261 0.3773
vn -0.0069 0.1621 -0.9867
vn -0.0110 0.7239 -0.6898
vn -0.0055 0.9878 -0.1554
vn -0.0298 0.4931 -0.8694
vn 0.9831 0.1647 -0.0796
vn -0.0096 0.1723 -0.9850
vn 0.6441 0.2357 -0.7277
vn 0.0890 0.1862 -0.9785
vn 0.8991 0.2122 -0.3829
vn 0.8876 0.1922 -0.4187
vn -0.0040 0.1479 -0.9890
vn 0.8440 0.1533 -0.5140
vn 0.4091 0.2242 -0.8845
vn 0.0124 0.1386 -0.9903
vn 0.9970 -0.0034 0.0769
vn -0.0014 0.1307 -0.9914
vn 0.0052 0.0824 -0.9966
vn 0.9795 0.0514 0.1950
vn 0.9816 0.1850 -0.0480
vn -0.0011 0.0894 -0.9960
vn 0.0041 0.0692 -0.9976
vn 0.3730 0.4834 -0.7919
vn 0.0708 0.6393 -0.7657
vn 0.0194 0.7722 -0.6351
vn -0.0165 0.8313 -0.5556
vn -0.0015 0.9451 -0.3268
vn 0.0088 0.7913 -0.6113
vn -0.0012 0.3277 -0.9448
vn -0.0000 0.0854 -0.9963
vn 0.0052 0.9000 -0.4359
vn 0.0013 0.8781 -0.4784
vn 0.0026 0.9802 -0.1978
vn -0.0020 0.1115 -0.9938
vn 0.0067 0.1057 -0.9944
vn -0.0294 0.9064 -0.4214
vn 0.0400 0.3290 -0.9435
vn 0.0040 0.1162 -0.9932
vn -0.6772 0.1511 -0.7201
vn -0.8664 0.1631 -0.4720
vn -0.6446 0.1486 -0.7499
vn 0.0966 0.0923 -0.9910
vn -0.9753 0.2196 0.0256
vn -0.9877 0.1090 -0.1117
vn -0.9873 0.0809 0.1369
vn -0.9163 0.3895 0.0933
vn -0.7707 -0.6084 0.1891
vn -0.3009 -0.0795 0.9503
vn -0.9705 0.0047 0.2410
vn -0.0448 -0.0638 0.9970
vn -0.9822 0.0193 0.1869
vn -0.1862 -0.0163 0.9824
vn -0.8973 -0.0292 0.4405
vn -0.9611 0.1144 0.2515
vn -0.0007 -0.0499 0.9988
vn -0.2809 0.0600 0.9578
vn -0.9445 0.0974 0.3138
vn -0.9458 0.2804 0.1641
vn -0.9845 0.1554 0.0817
vn -0.0022 -0.0187 0.9998
vn -0.9724 0.0848 0.2172
vn -0.5381 0.6934 0.4793
vn 0.0050 -0.0437 0.9990
vn -0.0061 -0.0051 1.0000
vn -0.5530 0.4498 0.7013
vn -0.1308 -0.0208 0.9912
vn -0.9200 0.0360 0.3902
vn -0.9970 0.0460 0.0627
vn -0.9390 0.2492 0.2368
vn -0.9625 0.2679 0.0416
vn -0.9751 0.1921 -0.1108
vn -0.8020 0.5946 0.0580
vn -0.1644 0.0998 -0.9813
vn -0.9641 0.2655 -0.0007
vn -0.9528 0.2787 -0.1205
vn -0.0503 0.0886 -0.9948
vn 0.0083 0.0799 -0.9968
vn -0.4155 0.2215 -0.8822
vn -0.8141 0.2526 -0.5229
vn -0.9979 0.0133 0.0631
vn -0.9817 0.0189 -0.1895
vn -0.1028 0.0953 -0.9901
vn -0.7531 -0.0660 -0.6546
vn -0.0149 0.0698 -0.9974
vn -0.3824 0.5395 -0.7501
vn -0.3971 -0.7984 -0.4527
vn -0.5823 0.7269 -0.3642
vn -0.9320 0.0320 -0.3610
vn -0.7755 0.0302 -0.6307
vn 0.1124 -0.3282 -0.9379
vn -0.0067 0.0578 -0.9983
vn -0.0757 0.8926 -0.4445
vn -0.8811 0.2187 -0.4192
vn -0.0035 0.0254 -0.9997
vn -0.0099 0.0406 -0.9991
vn -0.8230 0.1189 -0.5555
vn -0.9878 0.1450 0.0563
vn -0.9581 0.2541 -0.1325
vn -0.8565 0.5161 0.0023
vn -0.8451 0.5346 -0.0071
vn -0.9958 0.0920 0.0041
vn -0.9632 0.2671 0.0303
vn 0.2794 -0.5908 -0.7569
vn -0.1382 0.0909 -0.9862
vn -0.9963 0.0823 0.0255
vn -0.5098 0.8580 0.0622
vn -0.9534 0.2987 0.0430
vn -0.9944 0.0967 -0.0435
vn -0.0031 0.0512 -0.9987
vn -0.1930 -0.7185 -0.6683
vn -0.2425 -0.9671 -0.0773
vn -0.3442 -0.9357 -0.0777
vn -0.9987 0.0408 0.0322
vn -0.9977 0.0679 0.0062
vn -0.9960 0.0806 -0.0376
vn -0.9587 -0.0507 -0.2799
vn -0.9879 0.1481 0.0463
vn -0.2822 0.9591 0.0237
vn -0.5855 0.8105 -0.0155
vn -0.9987 0.0153 0.0476
vn -0.7941 0.6075 -0.0207
vn -0.7396 0.6646 0.1058
vn -0.9700 0.2266 0.0878
vn -0.9990 0.0201 0.0405
vn -0.9968 -0.0153 0.0780
vn -0.9937 0.0604 0.0939
vn -0.2661 0.9629 0.0448
vn -0.4031 0.9139 0.0466
vn -0.9829 0.1546 0.0999
vn -0.9940 0.0339 0.1042
vn -0.9947 -0.0244 0.1003
vn -0.8973 -0.0291 0.4405
vn -0.9960 -0.0237 0.0862
vn -0.9885 -0.0953 0.1176
vn -0.7708 -0.6084 0.1891
vn -0.9642 -0.2530 0.0796
vn -0.9941 -0.0906 0.0598
vn -0.8819 0.4680 0.0568
vn -0.8875 -0.4598 0.0317
vn -0.9886 0.1316 0.0728
vn -0.9883 0.1483 0.0350
vn -0.9963 -0.0782 0.0342
vn -0.9962 0.0461 0.0740
vn -0.9706 0.0047 0.2409
vn -0.9822 0.0194 0.1869
vn -0.9445 0.0974 0.3137
vn -0.2810 0.0600 0.9578
vn -0.9947 0.0793 0.0658
vn -0.9989 0.0270 0.0371
vn -0.9596 0.2577 0.1127
vn -0.9944 0.0937 0.0491
vn -0.0641 0.9963 0.0564
vn -0.0581 0.9949 0.0823
vn -0.9924 0.1036 0.0670
vn -0.4053 0.9091 0.0964
vn -0.7803 0.6225 0.0603
vn -0.0184 0.9988 0.0464
vn -0.0013 0.9996 0.0269
vn -0.0426 0.9989 0.0201
vn -0.0123 0.2943 0.9556
vn -0.0220 0.8484 0.5290
vn 0.0186 0.9934 0.1129
vn -0.0012 0.1824 0.9832
vn 0.0147 0.9562 0.2922
vn 0.0083 0.9996 0.0275
vn 0.0100 0.9999 0.0134
vn 0.0030 0.9993 0.0363
vn -0.0070 0.4136 0.9104
vn -0.0019 0.9160 0.4011
vn -0.0001 0.9996 0.0276
vn -0.0073 0.9962 0.0869
vn -0.0091 0.9998 0.0180
vn -0.0266 0.9882 0.1511
vn -0.1054 0.9943 0.0127
vn -0.0075 0.9995 0.0317
vn -0.0012 0.3758 0.9267
vn 0.0122 0.9360 0.3519
vn -0.0006 0.9999 0.0166
vn 0.0016 0.9997 0.0225
vn -0.0041 0.9367 0.3500
vn 0.0007 0.9347 0.3555
vn -0.0017 0.9122 0.4097
vn -0.0061 0.9991 0.0412
vn -0.0069 0.6664 0.7456
vn 0.0095 0.9992 0.0383
vn 0.1762 0.4666 0.8667
vn -0.0095 0.9997 0.0234
vn 0.9868 0.1433 0.0753
vn 0.3549 0.0139 0.9348
vn 0.9651 0.1312 0.2268
vn 0.9757 0.2108 0.0591
vn -0.0032 1.0000 0.0084
vn -0.0037 0.9998 0.0183
vn 0.9775 0.2053 0.0488
vn -0.0060 1.0000 0.0028
vn -0.0027 1.0000 0.0079
vn -0.0074 1.0000 0.0055
vn 0.9862 0.1584 0.0474
vn 0.8270 0.5611 0.0354
vn 0.9876 0.1408 0.0690
vn 0.9935 0.1099 0.0311
vn 0.8346 0.5430 0.0928
vn 0.9794 0.1608 0.1218
vn 0.9868 -0.1590 0.0306
vn 0.9731 -0.1449 0.1792
vn 0.1511 0.8963 0.4170
vn -0.0629 0.1512 0.9865
vn 0.9677 0.2208 0.1218
vn 0.6633 -0.7455 -0.0650
vn 0.8198 -0.5725 0.0076
vn 0.7148 -0.6971 0.0564
vn 0.9989 0.0176 0.0430
vn 0.9670 -0.2238 0.1220
vn 0.4090 -0.3094 0.8585
vn 0.9550 -0.0033 0.2966
vn 0.9977 0.0073 0.0670
vn 0.9846 0.0177 0.1737
vn 0.9979 0.0253 0.0592
vn 0.9609 0.2553 0.1072
vn 0.9988 0.0377 0.0323
vn 0.8175 0.5722 0.0657
vn 0.8249 0.5635 0.0449
vn 0.9649 0.2364 0.1146
vn 0.9959 -0.0287 0.0854
vn 0.8136 0.0175 0.5812
vn 0.8663 -0.4955 0.0633
vn 0.9377 -0.3386 0.0772
vn 0.6564 0.7514 0.0678
vn 0.9796 -0.1878 0.0721
vn 0.9957 0.0416 0.0827
vn 0.9956 0.0334 0.0879
vn 0.5993 0.1901 0.7776
vn 0.8010 0.5789 0.1525
vn 0.9945 0.0130 0.1041
vn 0.8162 0.5695 0.0975
vn 0.8765 0.4738 0.0854
vn 0.9973 0.0485 0.0548
vn 0.9971 0.0135 0.0755
vn 0.9893 0.1226 0.0796
vn 0.1191 0.9923 0.0345
vn 0.6027 0.7960 0.0568
vn 0.9974 0.0158 0.0702
vn 0.9980 0.0284 0.0557
vn 0.5433 0.8386 0.0397
vn 0.5186 0.8544 0.0328
vn 0.9973 0.0639 0.0348
vn 0.2738 0.9616 0.0165
vn 0.6321 0.7742 0.0317
vn 0.9954 0.0944 0.0148
vn 0.4532 0.8900 0.0500
vn 0.8454 0.5341 -0.0111
vn 0.1777 0.9841 -0.0014
vn 0.9156 0.2919 -0.2766
vn 0.9920 0.0718 -0.1042
vn 0.9972 0.0717 0.0220
vn 0.9949 0.1001 -0.0116
vn 0.5408 -0.5224 -0.6592
vn 0.3540 -0.1633 -0.9209
vn 0.8362 -0.5469 -0.0399
vn 0.7910 -0.6116 -0.0189
vn 0.9943 0.1029 -0.0266
vn 0.9060 -0.4221 -0.0302
vn 0.9806 0.0832 -0.1776
vn 0.3426 -0.9389 -0.0338
vn 0.9929 0.1154 -0.0303
vn 0.8593 0.0884 -0.5038
vn 0.9763 -0.0386 -0.2129
vn 0.9997 0.0109 -0.0220
vn 0.9936 -0.1084 -0.0308
vn 0.9518 -0.2870 -0.1077
vn 0.9988 0.0493 -0.0053
vn 0.7713 -0.6365 -0.0048
vn 0.4386 0.8976 0.0453
vn 0.4908 0.8693 -0.0589
vn 0.8148 -0.5798 0.0006
vn 0.5602 0.8235 -0.0893
vn 0.7656 0.5748 -0.2890
vn 0.7725 0.6350 -0.0027
vn 0.9850 0.1450 -0.0940
vn 0.9237 0.3822 -0.0275
vn 0.9943 0.1032 -0.0266
vn 0.8644 0.5004 -0.0497
vn 0.9919 0.1038 -0.0735
vn 0.9310 -0.3641 -0.0271
vn 0.4024 0.9153 -0.0152
vn 0.9409 0.3385 0.0123
vn 0.9792 0.2028 0.0055
vn 0.9998 -0.0112 0.0156
vn 0.9960 0.0884 0.0111
vn 0.9975 -0.0616 0.0340
vn 0.8829 0.4691 0.0227
vn 0.9982 -0.0044 0.0591
vn 0.6991 -0.7140 0.0396
vn 0.8705 -0.4918 0.0198
vn 0.7661 0.6428 -0.0021
vn 0.4388 0.8984 0.0186
vn 0.9956 -0.0734 0.0584
vn 0.9979 0.0643 0.0017
vn 0.9997 0.0218 0.0143
vn 0.9927 0.1133 -0.0421
vn 0.9866 0.1456 -0.0738
vn -0.0796 -0.2889 -0.9540
vn 0.9950 0.0966 0.0260
vn 0.9961 -0.0869 0.0177
vn 0.9924 0.1227 0.0102
vn 0.9727 0.2315 -0.0148
vn 0.9958 0.0919 0.0062
vn 0.1875 0.9823 -0.0006
vn 0.8470 -0.5306 0.0321
vn 0.9830 -0.1833 0.0117
vn 0.9944 0.1054 -0.0078
vn 0.9798 0.1997 -0.0077
vn 0.9882 0.1511 -0.0252
vn 0.1363 0.9907 0.0039
vn -0.0010 1.0000 0.0071
vn 0.3692 0.9293 0.0137
vn -0.0088 1.0000 -0.0019
vn 0.7881 0.6146 -0.0347
vn 0.9862 0.1585 -0.0469
vn 0.0106 0.9999 -0.0065
vn -0.0060 1.0000 -0.0045
vn -0.0065 0.9998 -0.0183
vn 0.6843 0.7281 -0.0395
vn 0.9819 0.1791 -0.0624
vn 0.1566 0.9873 -0.0260
vn 0.0253 0.9995 -0.0181
vn 0.9740 0.1995 -0.1075
vn 0.0060 -0.0063 -1.0000
vn 0.8834 0.1804 -0.4326
vn 0.4280 0.3086 -0.8495
vn 0.8577 0.5036 -0.1042
vn 0.0346 -0.3486 -0.9366
vn -0.0206 0.9108 -0.4123
vn -0.0133 0.9997 -0.0228
vn 0.0040 -0.0918 -0.9958
vn -0.0104 0.8711 -0.4911
vn -0.0437 0.3809 -0.9236
vn -0.0040 0.6453 -0.7639
vn -0.0074 0.7575 -0.6527
vn -0.0140 0.9218 -0.3874
vn 0.0113 0.3452 -0.9385
vn 0.0006 0.8399 -0.5428
vn 0.0005 1.0000 -0.0100
vn 0.0099 0.5059 -0.8625
vn 0.0461 0.8406 -0.5397
vn 0.0058 0.9916 -0.1292
vn 0.0091 0.9999 -0.0074
vn 0.0090 0.7152 -0.6989
vn -0.0021 0.9986 -0.0520
vn -0.0112 0.9999 0.0024
vn -0.0072 1.0000 0.0011
vn -0.0153 0.9999 0.0039
vn 0.0091 -0.0093 -0.9999
vn 0.0011 0.7799 -0.6260
vn -0.0096 1.0000 0.0020
vn -0.0033 0.2727 -0.9621
vn 0.0062 0.1879 -0.9822
vn 0.0143 0.8293 -0.5587
vn -0.1083 0.9941 0.0015
vn -0.0138 0.9999 0.0023
vn 0.0051 1.0000 0.0069
vn 0.0073 1.0000 0.0030
vn 0.0240 0.9997 -0.0014
vn 0.3571 0.9340 0.0102
vn 0.0250 0.9997 0.0071
vn 0.0055 1.0000 0.0053
vn 0.0284 0.9996 0.0053
vn 0.2080 0.9780 0.0172
vn 0.0612 0.9981 0.0105
vn 0.0143 0.9998 0.0116
vn 0.0222 0.9998 -0.0003
vn 0.0094 -0.1001 -0.9949
vn 0.0518 0.5645 -0.8238
vn 0.0093 0.0896 -0.9959
vn 0.0008 1.0000 -0.0021
vn 0.0450 0.2776 -0.9597
vn -0.0435 0.9363 -0.3485
vn -0.0316 0.9994 -0.0148
vn -0.0200 0.3764 -0.9263
vn -0.0989 0.9949 -0.0176
vn 0.2197 0.1851 -0.9579
vn -0.4849 0.4052 -0.7751
vn -0.0838 0.9964 -0.0146
vn -0.8878 0.4571 -0.0533
vn -0.3242 0.0046 -0.9460
vn -0.0258 0.9997 -0.0034
vn -0.9835 0.1689 -0.0651
vn -0.0827 0.0326 -0.9960
vn -0.0247 0.9997 -0.0013
vn -0.2021 0.9792 -0.0167
vn -0.9859 0.1604 -0.0486
vn -0.5325 0.8462 -0.0217
vn -0.9906 0.1126 -0.0780
vn -0.0511 0.3004 -0.9525
vn 0.0029 -0.4414 -0.8973
vn -0.9923 0.1128 -0.0517
vn -0.9961 0.0798 -0.0371
vn -0.9953 0.0942 -0.0227
vn -0.9959 0.0832 -0.0358
vn -0.3807 0.9247 -0.0031
vn -0.9934 0.1130 -0.0179
vn -0.9943 0.1062 0.0125
vn -0.9980 0.0631 0.0047
vn -0.9968 0.0710 0.0354
vn -0.9982 0.0604 -0.0060
vn -0.9561 0.2919 0.0247
vn -0.9945 0.1003 -0.0286
vn -0.7951 -0.6049 0.0441
vn -0.9517 0.3070 -0.0044
vn -0.9717 0.2359 0.0118
vn -0.9800 -0.1982 0.0165
vn -0.7608 -0.6488 -0.0158
vn -0.9997 -0.0164 0.0193
vn -0.9823 -0.1874 0.0041
vn -0.9956 -0.0907 -0.0251
vn -0.8839 0.4669 -0.0280
vn -0.9989 0.0346 -0.0330
vn -0.9024 0.4304 -0.0206
vn -0.9891 -0.1472 -0.0109
vn -0.8148 0.5792 -0.0266
vn -0.7030 0.7111 -0.0131
vn -0.9435 0.3303 -0.0251
vn -0.9652 -0.2552 -0.0562
vn -0.9957 -0.0829 -0.0424
vn -0.9352 -0.3542 0.0019
vn -0.9981 0.0382 -0.0475
vn -0.7296 -0.6838 -0.0105
vn -0.9976 0.0382 -0.0569
vn -0.6761 -0.0108 -0.7368
vn -0.4999 -0.2376 -0.8328
vn -0.9490 -0.2859 -0.1326
vn -0.6377 0.7684 -0.0548
vn -0.9273 0.3567 -0.1132
vn -0.8482 0.5274 -0.0492
vn -0.5500 0.8324 -0.0682
vn -0.9959 0.0788 -0.0448
vn -0.9637 0.0822 -0.2540
vn -0.5105 0.3252 -0.7960
vn 0.0793 0.3948 -0.9153
vn -0.3100 0.6567 -0.6875
vn -0.0851 -0.0020 -0.9964
vn 0.2356 0.7749 -0.5866
vn -0.4276 0.8569 -0.2881
vn -0.7547 0.1701 -0.6336
vn -0.2064 -0.8622 -0.4627
vn -0.0104 -0.0265 -0.9996
vn 0.4314 -0.4415 -0.7868
vn 0.7927 0.0016 -0.6096
vn 0.6559 0.3548 -0.6663
vn -0.3100 0.6568 -0.6874
vn 0.0793 0.3949 -0.9153
vn 0.2356 0.7749 -0.5865
vn -0.4275 0.8569 -0.2881
vn -0.7548 0.1701 -0.6335
vn -0.2440 -0.3180 -0.9162
vn -0.5800 0.7480 -0.3228
vn 0.1006 0.4064 -0.9081
vn -0.0322 -0.1163 -0.9927
vn -0.0200 0.1407 -0.9898
vn -0.0038 -0.0274 -0.9996
vn -0.0097 0.4305 -0.9025
vn -0.0026 0.1260 -0.9920
vn 0.0189 0.1115 -0.9936
vn 0.0076 0.0090 -0.9999
vn 0.0058 -0.0979 -0.9952
vn -0.0259 0.7476 -0.6636
vn -0.0013 0.1795 -0.9838
vn 0.0007 -0.0206 -0.9998
vn 0.0194 0.6817 -0.7314
vn 0.4293 0.1401 -0.8922
vn 0.4595 0.0796 -0.8846
vn 0.0070 -0.0045 -1.0000
vn 0.2564 0.0559 -0.9649
vn 0.0010 -0.0247 -0.9997
vn -0.2905 0.0343 -0.9563
vn -0.0104 0.0232 -0.9997
vn -0.0005 0.0060 -1.0000
vn 0.4950 0.1105 -0.8618
vn 0.1198 0.7947 -0.5950
vn -0.0031 -0.0156 -0.9999
vn -0.0756 -0.0011 -0.9971
vn 0.0424 0.0417 -0.9982
vn -0.0012 0.0103 -0.9999
vn 0.0046 -0.0027 -1.0000
vn -0.0007 0.0001 -1.0000
vn -0.0142 0.2048 -0.9787
vn -0.1375 0.9710 -0.1958
vn -0.0380 0.8631 -0.5036
vn -0.0147 0.6666 -0.7453
vn 0.0600 0.8704 -0.4887
vn 0.1203 0.9759 -0.1823
vn -0.2216 0.9616 -0.1618
vn -0.8750 0.1771 -0.4507
vn -0.8238 0.1615 -0.5434
vn -0.0050 0.0040 -1.0000
vn -0.2570 0.0517 -0.9650
vn 0.0020 -0.0109 -0.9999
vn -0.0165 -0.0132 -0.9998
vn -0.7686 0.1614 -0.6191
vn -0.5471 0.0970 -0.8314
vn -0.7680 0.0800 -0.6355
vn -0.0071 0.0144 -0.9999
vn 0.4314 -0.4415 -0.7867
vn 0.6559 0.3547 -0.6663
vn 0.0792 0.3948 -0.9153
vn -0.0028 -0.0063 -1.0000
vn -0.5106 0.3252 -0.7959
vn 0.7617 -0.6342 0.1323
vn 0.0245 -0.9925 0.1198
vn 0.1708 0.3517 0.9204
vn 0.0405 0.3069 0.9509
vn -0.1127 0.5079 0.8540
vn -0.0709 0.9651 0.2523
vn -0.6823 0.7292 0.0521
vn 0.8777 0.4731 0.0761
vn -0.0494 0.9940 0.0978
vn 0.0856 0.9957 0.0358
vn -0.3297 0.9435 0.0326
vn -0.0429 0.9990 0.0116
vn -0.1054 0.9944 -0.0028
vn -0.0353 0.9994 -0.0059
vn -0.3046 0.9524 0.0115
vn -0.1532 0.9882 0.0070
vn 0.1776 0.9841 -0.0014
vn -0.6389 0.7559 -0.1428
vn 0.0190 0.6098 -0.7924
vn 0.9155 0.2919 -0.2767
vn -0.0195 0.9998 -0.0045
vn 0.0137 0.3056 -0.9521
vn 0.0239 -0.8658 -0.4999
vn 0.0055 -0.1854 -0.9827
vn 0.0038 0.6951 -0.7189
vn 0.0049 0.3478 -0.9376
vn 0.0170 -0.9029 -0.4296
vn 0.0167 -0.9834 -0.1804
vn 0.0141 -0.8784 -0.4778
vn 0.0040 -0.1972 -0.9803
vn -0.0094 0.9999 -0.0037
vn -0.0074 0.8459 -0.5334
vn -0.0096 1.0000 0.0011
vn -0.0062 1.0000 -0.0070
vn -0.0000 0.6476 -0.7620
vn -0.0224 0.9997 0.0053
vn -0.0067 0.4500 -0.8930
vn -0.0193 0.9493 -0.3137
vn -0.0215 0.4407 -0.8974
vn 0.0053 -0.7570 -0.6534
vn -0.0209 0.6495 -0.7601
vn -0.0158 0.4417 -0.8970
vn 0.0074 -0.8462 -0.5328
vn -0.0155 0.4417 -0.8970
vn 0.0203 -0.8611 -0.5080
vn -0.0159 0.9998 0.0116
vn -0.0102 0.9015 -0.4326
vn 0.0179 0.4925 -0.8701
vn 0.0058 0.1779 -0.9840
vn 0.0199 -0.9880 -0.1535
vn 0.0189 -0.7457 -0.6660
vn -0.0043 0.5506 -0.8347
vn -0.0066 -0.8969 -0.4421
vn -0.0487 -0.2956 -0.9541
vn -0.0044 0.7935 -0.6086
vn -0.0369 0.6233 -0.7811
vn 0.0978 -0.6409 -0.7613
vn 0.3538 0.5861 -0.7289
vn 0.0939 0.9239 -0.3709
vn -0.0120 0.9998 0.0147
vn -0.0135 0.9999 0.0046
vn 0.1627 0.9866 0.0125
vn -0.0083 0.9999 -0.0087
vn 0.8425 0.5385 0.0095
vn -0.0114 0.9135 0.4068
vn 0.9705 0.2215 -0.0954
vn 0.0978 -0.6410 -0.7613
vn -0.9957 0.0920 0.0042
vn -0.8145 0.5793 -0.0320
vn -0.8565 0.5161 0.0022
vn 0.6299 0.7761 -0.0299
vn -0.8106 0.5845 -0.0368
vn -0.5776 0.8163 -0.0100
vn -0.3506 0.9365 -0.0014
vn 0.8868 0.4611 0.0318
vn 0.0564 0.9982 0.0199
vn 0.9760 0.2159 0.0277
vn -0.0101 0.9999 0.0097
vn -0.5185 0.8537 -0.0494
vn 0.8934 0.4486 0.0226
vn 0.1877 0.9820 -0.0216
vn 0.3338 0.9421 0.0317
vn -0.6091 0.7924 -0.0347
vn -0.4878 0.8729 -0.0086
vn 0.3703 0.9287 0.0220
vn -0.4597 0.8879 -0.0169
vn -0.4862 0.6093 0.6265
vn 0.3040 0.8955 0.3251
vn 0.0325 0.9989 0.0328
vn 0.0165 0.5897 0.8075
vn -0.4861 0.6092 0.6265
vn -0.9193 0.1846 0.3477
vn 0.0014 -0.5318 0.8468
vn -0.0302 0.1111 0.9934
vn -0.0106 0.8252 0.5647
vn -0.0010 -0.3945 0.9189
vn -0.0112 0.2713 0.9624
vn -0.0123 0.9998 -0.0147
vn -0.0000 0.7486 0.6630
vn 0.0652 -0.0339 0.9973
vn 0.0466 0.5291 0.8473
vn 0.0184 0.2838 0.9587
vn -0.0006 0.9058 0.4237
vn 0.0226 0.3306 0.9435
vn 0.0114 -0.9769 0.2135
vn -0.0310 0.5897 0.8070
vn -0.0364 0.4113 0.9108
vn 0.0395 -0.5149 0.8563
vn 0.0375 0.5326 0.8456
vn -0.0479 0.7721 0.6337
vn -0.1528 0.5587 0.8152
vn -0.0446 0.0454 0.9980
vn 0.0045 0.1181 0.9930
vn 0.0034 0.9291 0.3697
vn 0.0347 0.2862 0.9575
vn -0.0136 0.9995 -0.0284
vn 0.0133 0.7785 0.6275
vn -0.0180 0.5054 0.8627
vn -0.0225 -0.3856 0.9224
vn -0.0311 0.5359 0.8437
vn 0.0268 0.4450 0.8952
vn -0.0988 0.0729 0.9924
vn -0.0226 0.9169 0.3986
vn 0.0483 -0.4798 0.8760
vn 0.0469 0.5176 0.8544
vn 0.0670 -0.3045 0.9502
vn -0.0017 0.9465 0.3228
vn 0.0093 0.4939 0.8695
vn 0.0307 0.0300 0.9991
vn 0.0258 0.5186 0.8546
vn 0.0152 0.4768 0.8789
vn 0.0051 -0.7249 0.6888
vn -0.0159 0.2584 0.9659
vn -0.0074 0.5432 0.8395
vn -0.0092 0.9830 0.1831
vn -0.0163 0.3306 0.9436
vn -0.0052 -0.9595 0.2817
vn -0.0310 -0.5424 0.8396
vn -0.0112 0.9975 0.0702
vn -0.0131 0.5944 0.8041
vn -0.0531 0.3767 0.9248
vn -0.0184 0.5375 0.8431
vn -0.0034 0.9920 0.1262
vn 0.0157 0.2269 0.9738
vn 0.0035 -0.7588 0.6513
vn -0.0427 0.4948 0.8680
vn -0.0074 0.1582 0.9874
vn -0.0283 -0.4553 0.8899
vn -0.0050 0.3305 0.9438
vn -0.0295 0.7379 0.6743
vn 0.0234 0.1668 0.9857
vn -0.0036 -0.8345 0.5511
vn -0.0312 0.3042 0.9521
vn -0.1054 0.1364 0.9850
vn 0.0216 -0.9653 0.2601
vn -0.0040 0.2881 0.9576
vn 0.0472 0.1278 0.9907
vn -0.0021 -0.4556 0.8902
vn -0.0221 0.7404 0.6719
vn -0.0655 0.3855 0.9204
vn 0.0032 -0.9613 0.2755
vn 0.0268 -0.8937 0.4479
vn -0.0364 -0.0832 0.9959
vn -0.0300 0.9513 0.3067
vn -0.0235 0.5004 0.8655
vn 0.0270 0.3663 0.9301
vn -0.0144 -0.2058 0.9785
vn 0.0427 0.0632 0.9971
vn 0.0591 -0.8275 0.5583
vn -0.0345 0.8094 0.5862
vn -0.2962 -0.0178 0.9550
vn 0.0220 0.5691 0.8220
vn -0.0327 0.4503 0.8923
vn 0.0077 0.0580 0.9983
vn 0.0380 0.2194 0.9749
vn 0.0561 0.7723 0.6327
vn 0.0132 0.1819 0.9832
vn 0.0040 0.1108 0.9938
vn 0.0010 0.0620 0.9981
vn -0.0087 0.8353 0.5497
vn 0.0023 0.4800 0.8773
vn 0.0044 0.1497 0.9887
vn 0.0271 0.0819 0.9963
vn -0.0000 0.0611 0.9981
vn 0.0056 0.9267 0.3759
vn -0.0102 0.7592 0.6508
vn 0.0219 0.7102 0.7037
vn 0.0674 0.0303 0.9973
vn -0.0063 0.0527 0.9986
vn -0.0045 0.0961 0.9954
vn 0.0002 0.1432 0.9897
vn -0.0234 0.9770 0.2119
vn -0.5902 0.5250 0.6132
vn 0.0196 0.9943 0.1045
vn -0.0167 0.9963 -0.0846
vn -0.8389 0.5437 0.0248
vn -0.1895 0.9711 -0.1453
vn -0.0021 1.0000 0.0096
vn -0.0150 0.9974 -0.0708
vn -0.0127 0.9394 -0.3427
vn -0.2452 0.9468 -0.2083
vn -0.0458 -0.0290 -0.9985
vn -0.0113 -0.0551 -0.9984
vn -0.0154 0.9028 -0.4299
vn -0.0019 -0.0208 -0.9998
vn -0.0030 0.9772 -0.2125
vn -0.0115 -0.0342 -0.9993
vn -0.0116 -0.0580 -0.9982
vn 0.5343 0.1419 -0.8333
vn 0.0157 0.9924 -0.1223
vn 0.0446 0.9889 -0.1414
vn 0.0024 0.1901 -0.9818
vn 0.0011 -0.0399 -0.9992
vn 0.0059 0.9202 -0.3913
vn -0.0006 0.5225 -0.8526
vn 0.0029 -0.0532 -0.9986
vn 0.0033 0.8402 -0.5423
vn 0.0073 0.2451 -0.9695
vn 0.0030 0.0497 -0.9988
vn -0.0014 -0.0504 -0.9987
vn -0.0140 0.5801 -0.8144
vn -0.0168 0.5663 -0.8240
vn -0.0207 -0.0740 -0.9970
vn -0.0471 0.4603 -0.8865
vn -0.0358 0.4542 -0.8902
vn 0.1004 0.3743 -0.9219
vn 0.0033 0.0019 -1.0000
vn 0.0224 0.9602 -0.2783
vn 0.6859 0.3577 -0.6337
vn 0.6542 0.7562 -0.0121
vn 0.0194 0.9997 0.0160
vn 0.3805 0.6900 0.6157
vn 0.7178 0.5210 0.4619
vn 0.2197 0.1850 -0.9579
vn -0.3242 0.0045 -0.9460
vn -0.4849 0.4052 -0.7750
vn 0.0074 -0.0072 -0.9999
vn 0.0033 0.0002 -1.0000
vn -0.0964 0.3805 -0.9197
vn 0.0028 -0.4414 -0.8973
vn -0.0381 -0.0676 -0.9970
vn -0.9906 0.1126 -0.0779
vn -0.9637 0.0821 -0.2541
vn -0.0676 -0.0144 -0.9976
vn -0.0485 -0.0206 -0.9986
vn -0.9273 0.3567 -0.1133
vn -0.9490 -0.2859 -0.1325
vn -0.5000 -0.2377 -0.8328
vn -0.6761 -0.0108 -0.7367
vn -0.9587 -0.0507 -0.2800
vn -0.3877 0.1078 -0.9155
vn -0.8203 0.2684 -0.5050
vn -0.9595 0.2815 -0.0130
vn -0.1052 0.9941 -0.0267
vn -0.9325 0.3610 -0.0063
vn -0.9295 0.3684 0.0203
vn -0.4865 -0.3007 0.8203
vn -0.9783 0.1887 0.0852
vn -0.0190 0.9964 0.0830
vn -0.0333 0.6571 0.7531
vn -0.9348 0.3482 0.0697
vn -0.9436 0.3275 0.0496
vn -0.9548 0.2950 0.0362
vn -0.5934 0.4572 0.6624
vn -0.6824 0.6632 0.3073
vn -0.3360 -0.9314 0.1402
vn 0.2952 0.2847 0.9120
vn -0.8189 -0.5705 -0.0634
vn -0.1932 -0.9775 0.0845
vn -0.9193 0.1846 0.3476
vn -0.2609 0.1401 0.9551
vn -0.9946 0.0852 -0.0588
vn -0.9981 0.0005 -0.0609
vn 0.0197 0.0270 0.9994
vn -0.9422 0.3218 0.0935
vn -0.0433 0.0569 0.9974
vn -0.7137 0.2245 0.6635
vn 0.0472 -0.0100 0.9988
vn -0.6658 0.0735 0.7425
vn 0.0170 0.0239 0.9996
vn 0.0544 0.3857 0.9210
vn 0.1085 0.1197 0.9869
vn -0.0112 0.0214 0.9997
vn -0.4977 0.2448 0.8321
vn -0.7044 0.1677 0.6897
vn -0.0009 -0.0017 1.0000
vn -0.0984 0.1393 0.9854
vn -0.0927 0.9935 0.0668
vn 0.8692 -0.4526 -0.1991
vn 0.2304 0.8215 0.5216
vn 0.6326 0.0245 0.7741
vn 0.2141 0.6057 0.7664
vn 0.0695 0.0634 0.9956
vn 0.8887 0.2259 0.3989
vn 0.4149 0.1256 0.9011
vn 0.4391 0.1425 0.8871
vn 0.5526 0.3127 0.7725
vn 0.9641 0.2295 -0.1335
vn 0.0349 0.0441 0.9984
vn 0.8241 0.1085 0.5560
vn 0.1682 0.1139 0.9792
vn 0.8434 0.5266 -0.1064
vn 0.0856 0.9962 -0.0164
vn 0.1280 0.9916 -0.0182
vn 0.7850 0.6103 -0.1068
vn 0.8712 0.4815 -0.0959
vn 0.8587 0.4824 -0.1728
vn 0.5606 0.2289 -0.7958
vn 0.8841 0.4627 0.0658
vn 0.8707 0.4674 -0.1531
vn 0.0404 0.0142 -0.9991
vn 0.1319 0.0110 -0.9912
vn 0.9109 0.2410 -0.3349
vn -0.0377 -0.0079 -0.9993
vn 0.0350 -0.0259 -0.9991
vn 0.5983 0.3311 -0.7297
vn -0.0880 -0.0752 -0.9933
vn 0.6759 0.1320 -0.7251
vn 0.8852 0.1598 -0.4370
vn -0.1121 -0.2817 -0.9529
vn -0.0591 -0.0536 -0.9968
vn -0.0486 -0.0537 -0.9974
vn -0.0208 -0.0740 -0.9970
vn 0.0814 0.1340 -0.9876
vn 0.0032 0.0019 -1.0000
vn 0.5192 0.2560 -0.8154
vn 0.8844 0.4665 0.0184
vn 0.8967 0.3363 0.2877
vn 0.3805 0.6901 0.6157
vn 0.9053 0.3913 0.1652
vn 0.0076 0.0580 0.9983
vn -0.2962 -0.0177 0.9549
vn -0.1333 0.0548 0.9896
vn 0.0220 0.5690 0.8220
vn -0.4861 -0.1293 0.8643
vn 0.3057 0.1360 0.9424
vn 0.1574 -0.3221 0.9335
vn -0.5399 0.6892 0.4831
vn -0.0051 -0.0280 0.9996
vn -0.0219 0.8483 0.5290
vn -0.0013 0.1824 0.9832
vn 0.0146 0.9562 0.2923
vn -0.0071 0.4136 0.9104
vn -0.0092 -0.0226 0.9997
vn -0.0019 0.9160 0.4012
vn -0.0072 0.9962 0.0870
vn -0.0103 0.1127 0.9936
vn -0.0093 -0.0249 0.9996
vn -0.0088 0.0371 0.9993
vn -0.0039 -0.0220 0.9998
vn -0.0041 0.9367 0.3501
vn 0.0007 0.9346 0.3556
vn -0.0016 0.9122 0.4098
vn -0.0069 0.6665 0.7455
vn -0.0012 -0.0366 0.9993
vn 0.1762 0.4667 0.8667
vn 0.0004 -0.0335 0.9994
vn -0.0014 0.0775 0.9970
vn 0.0142 0.6526 0.7576
vn 0.0721 0.0046 0.9974
vn 0.8423 0.3256 0.4296
vn -0.0089 0.6520 0.7582
vn 0.0166 0.9928 0.1188
vn 0.7781 0.6217 -0.0893
vn 0.0015 0.9723 0.2338
vn 0.0062 0.9936 0.1132
vn 0.0128 0.9972 -0.0740
vn 0.7245 0.3866 -0.5707
vn 0.0072 0.1294 -0.9916
vn 0.0061 0.9964 -0.0850
vn 0.0136 0.2946 -0.9555
vn 0.0079 0.0680 -0.9977
vn 0.0021 0.0694 -0.9976
vn 0.0151 0.7728 -0.6345
vn 0.8123 0.3691 -0.4516
vn 0.0076 0.8614 -0.5079
vn 0.0026 0.8140 -0.5808
vn 0.0082 0.1856 -0.9826
vn 0.0095 0.0603 -0.9981
vn -0.0073 0.9988 -0.0488
vn -0.0055 0.9842 -0.1768
vn 0.0001 0.9743 -0.2254
vn 0.0078 0.0592 -0.9982
vn 0.0019 0.7385 -0.6742
vn 0.0057 0.1065 -0.9943
vn 0.0045 0.0426 -0.9991
vn -0.0009 0.9999 0.0100
vn 0.0091 0.9958 -0.0909
vn 0.0056 0.7820 -0.6232
vn 0.0047 0.0381 -0.9993
vn -0.0016 0.9978 -0.0668
vn -0.0031 0.8837 -0.4680
vn 0.0075 0.9996 0.0258
vn -0.0044 0.9998 0.0186
vn 0.0074 0.0393 -0.9992
vn -0.0265 0.5360 -0.8438
vn -0.0751 0.9972 0.0010
vn -0.9878 0.1451 0.0563
vn 0.0083 0.0798 -0.9968
vn -0.0117 0.7070 -0.7071
vn -0.0200 0.9592 -0.2821
vn -0.1644 0.0999 -0.9813
vn -0.0084 0.9913 -0.1310
vn -0.8020 0.5945 0.0580
vn -0.0093 0.9994 0.0327
vn -0.0093 0.9851 0.1719
vn -0.0809 0.9943 0.0697
vn -0.5530 0.4497 0.7014
vn -0.0156 0.9197 0.3923
vn -0.0115 0.8841 0.4671
vn -0.0812 0.9412 -0.3279
vn -0.9015 -0.4324 -0.0182
vn -0.0418 0.0390 -0.9984
vn -0.6533 0.3816 0.6539
vn 0.0625 0.5209 0.8513
vn -0.0190 0.0460 0.9988
vn 0.3979 0.8937 0.2072
vn 0.9894 0.1168 0.0860
vn 0.7646 -0.0986 0.6369
vn 0.6665 -0.3013 0.6819
vn 0.6718 -0.7299 0.1258
vn 0.2318 -0.9702 0.0707
vn -0.0962 -0.9646 -0.2454
vn -0.2765 -0.3175 0.9071
vn -0.0417 0.0390 -0.9984
vn 0.3390 -0.4875 -0.8046
vn -0.9591 0.0897 -0.2685
vn 0.4443 -0.1930 -0.8748
vn -0.9684 0.2044 -0.1430
vn 0.3669 -0.1461 -0.9187
vn -0.9834 0.1190 -0.1367
vn -0.9794 0.0991 -0.1757
vn -0.8866 0.4371 -0.1513
vn 0.1730 0.2585 -0.9504
vn 0.5342 0.1420 -0.8333
vn -0.9559 0.2606 -0.1356
vn -0.0609 0.9960 -0.0649
vn -0.0114 -0.0342 -0.9994
vn -0.0574 0.9972 -0.0482
vn -0.0828 0.9941 -0.0703
vn -0.0426 0.9980 -0.0475
vn -0.1016 0.9927 -0.0650
vn 0.0370 0.9972 -0.0643
vn 0.0446 0.9889 -0.1415
vn 0.0101 0.9993 -0.0371
vn 0.0170 0.9979 -0.0626
vn 0.0024 0.1902 -0.9817
vn 0.0059 0.9203 -0.3912
vn 0.0015 0.9991 -0.0420
vn 0.0001 0.9982 -0.0602
vn -0.0005 0.5225 -0.8526
vn 0.0053 0.9995 -0.0298
vn 0.0032 0.9988 -0.0492
vn 0.0073 0.2452 -0.9694
vn -0.0140 0.5800 -0.8145
vn -0.0168 0.5662 -0.8241
vn 0.0107 0.9991 -0.0414
vn 0.0059 0.9997 -0.0257
vn -0.0020 0.9995 -0.0321
vn -0.0199 0.9987 -0.0468
vn -0.0358 0.4541 -0.8902
vn 0.9594 0.2366 -0.1533
vn -0.0592 -0.0536 -0.9968
vn -0.1121 -0.2818 -0.9529
vn 0.9625 0.2256 -0.1504
vn 0.6758 0.1321 -0.7252
vn 0.9296 0.3354 -0.1531
vn 0.9676 0.2085 -0.1422
vn 0.0350 -0.0258 -0.9991
vn -0.0376 -0.0078 -0.9993
vn 0.9635 0.2278 -0.1408
vn 0.1740 0.9819 -0.0751
vn 0.9040 0.4032 -0.1422
vn -0.0250 0.9990 -0.0371
vn 0.7258 0.6772 -0.1210
vn -0.0225 0.9993 -0.0289
vn 0.8982 0.4201 -0.1297
vn 0.9715 0.2036 -0.1215
vn 0.6503 0.7521 -0.1070
vn 0.9684 0.2152 -0.1264
vn 0.9735 0.1978 -0.1146
vn 0.9775 0.1828 -0.1053
vn -0.0200 0.9995 -0.0224
vn 0.8564 0.5032 -0.1158
vn 0.9705 0.2200 -0.0984
vn 0.0002 0.9998 -0.0181
vn 0.2624 0.9637 -0.0486
vn -0.0214 0.9997 -0.0114
vn 0.7772 0.6249 -0.0740
vn -0.0149 0.9999 -0.0046
vn 0.9809 0.1710 -0.0929
vn 0.9770 0.1988 -0.0778
vn 0.6691 0.7425 -0.0314
vn 0.7258 0.2217 0.6512
vn -0.0219 -0.0163 0.9996
vn 0.9700 0.2007 0.1370
vn -0.0031 0.9853 0.1705
vn -0.0127 0.5514 0.8342
vn -0.0104 0.6870 0.7266
vn 0.0023 0.9999 -0.0125
vn -0.0022 0.1486 0.9889
vn 0.0172 0.9122 0.4093
vn 0.0074 0.9999 -0.0098
vn -0.0037 0.8715 0.4904
vn -0.0114 0.9999 -0.0003
vn -0.0016 0.9999 -0.0148
vn 0.0009 1.0000 -0.0040
vn -0.0088 0.3086 0.9511
vn 0.0187 0.9994 -0.0275
vn 0.0270 0.9996 -0.0047
vn 0.0342 0.9994 -0.0022
vn 0.1664 0.9854 -0.0362
vn 0.1650 0.9863 -0.0071
vn 0.1164 0.9925 0.0384
vn 0.0659 0.9977 0.0138
vn -0.0438 0.9983 -0.0380
vn 0.0001 1.0000 -0.0077
vn -0.0293 0.9995 -0.0110
vn -0.0508 0.9979 -0.0396
vn 0.3785 0.9256 0.0063
vn -0.0387 0.9984 -0.0402
vn 0.0339 0.9993 -0.0144
vn -0.0780 0.9967 -0.0228
vn 0.1421 0.9896 -0.0207
vn -0.0359 0.9991 -0.0245
vn -0.0269 0.9995 -0.0188
vn -0.0571 0.9977 -0.0357
vn -0.0342 0.9990 -0.0273
vn -0.0699 0.9975 -0.0141
vn -0.0322 0.9935 0.1089
vn -0.0926 0.9935 0.0667
vn -0.5572 0.8275 -0.0681
vn -0.9652 0.2508 -0.0745
vn -0.9420 0.3213 -0.0969
vn -0.9776 0.1881 -0.0948
vn -0.9762 0.1956 -0.0941
vn -0.9860 0.1450 -0.0818
vn -0.9845 0.1484 -0.0940
vn 0.0543 0.3856 0.9211
vn -0.9719 0.2084 -0.1096
vn -0.9928 0.0916 -0.0772
vn -0.9440 0.3068 -0.1217
vn -0.9807 0.1518 -0.1229
vn -0.9919 0.0828 -0.0965
vn -0.9885 0.0897 -0.1222
vn -0.9921 0.0939 -0.0836
vn -0.9895 0.1093 -0.0950
vn -0.9621 0.0924 0.2567
vn -0.9815 0.1838 -0.0536
vn -0.9981 0.0005 -0.0610
vn -0.9104 0.4084 -0.0662
vn -0.7017 0.7100 -0.0598
vn -0.4781 0.8782 0.0091
vn -0.7770 0.6245 -0.0784
vn -0.7458 -0.6659 -0.0190
vn -0.9170 0.3921 -0.0729
vn -0.5638 0.8232 -0.0673
vn -0.8246 -0.5616 -0.0683
vn -0.9922 -0.0893 -0.0867
vn -0.9928 0.0869 -0.0824
vn -0.9789 -0.1754 -0.1051
vn -0.9916 0.1071 -0.0730
vn -0.9436 0.3274 0.0496
vn -0.9193 0.1845 0.3477
vn -0.4861 0.6092 0.6266
vn -0.7708 0.6343 -0.0602
vn -0.9917 0.0949 -0.0865
vn -0.8969 0.4335 -0.0873
vn -0.9912 0.0912 -0.0962
vn -0.9892 0.1055 -0.1022
vn -0.6392 0.7657 -0.0717
vn -0.9884 0.0921 -0.1207
vn -0.9852 0.1224 -0.1198
vn -0.7147 0.6936 -0.0900
vn -0.9834 0.1249 -0.1315
vn -0.2544 0.9665 -0.0340
vn -0.9607 0.2430 -0.1340
vn -0.0761 0.9969 -0.0213
vn -0.9380 0.3300 -0.1061
vn -0.9830 0.1209 -0.1383
vn -0.5166 0.0550 -0.8545
vn -0.9853 0.0832 -0.1491
vn -0.5364 -0.0274 -0.8435
vn -0.9859 0.0954 -0.1376
vn -0.9219 -0.0954 -0.3754
vn -0.7368 0.6340 -0.2350
vn -0.9883 -0.0582 -0.1408
vn -0.9197 -0.3689 -0.1340
vn -0.7368 0.6340 -0.2349
vn -0.9470 -0.2918 -0.1347
vn -0.9091 -0.4010 -0.1130
vn -0.6182 -0.7836 -0.0621
vn -0.9146 -0.3858 -0.1210
vn -0.9576 -0.2664 -0.1096
vn -0.7442 0.6541 -0.1353
vn -0.7481 -0.6606 -0.0623
vn -0.7041 0.7043 -0.0908
vn -0.7693 0.6275 -0.1204
vn -0.9208 0.3692 -0.1257
vn -0.9446 -0.3086 -0.1118
vn -0.8577 0.5047 -0.0981
vn -0.4425 0.8933 -0.0790
vn -0.7944 0.6024 -0.0775
vn 0.1206 0.9926 0.0148
vn 0.8777 0.4731 0.0760
vn 0.4481 0.8938 -0.0167
vn 0.9870 0.1563 -0.0382
vn 0.9143 0.4037 0.0333
vn 0.9082 0.2041 0.3653
vn 0.9878 0.1442 -0.0583
vn 0.9756 0.2077 -0.0718
vn 0.1428 0.9897 0.0003
vn 0.3103 0.9506 -0.0117
vn 0.9898 0.1331 -0.0505
vn 0.1463 0.0281 0.9888
vn 0.9873 0.1406 -0.0734
vn 0.9985 0.0045 -0.0544
vn 0.8433 -0.0813 0.5313
vn 0.9687 -0.2475 -0.0170
vn 0.8921 0.4452 -0.0770
vn 0.1553 0.9879 -0.0037
vn -0.0176 0.9998 0.0032
vn 0.9760 0.1968 -0.0935
vn 0.8704 0.4821 -0.0999
vn -0.0142 0.9999 0.0023
vn 0.7849 0.6103 -0.1069
vn -0.3898 0.9190 0.0588
vn 0.9586 0.2569 -0.1225
vn 0.9621 0.2325 -0.1426
vn 0.5606 0.2290 -0.7958
vn 0.9721 0.1992 -0.1237
vn 0.9717 0.1883 -0.1424
vn 0.1320 0.0109 -0.9912
vn 0.9109 0.2411 -0.3349
vn 0.9816 0.1625 -0.1004
vn 0.9846 0.1038 -0.1406
vn 0.9836 0.0955 -0.1528
vn 0.5297 0.8399 -0.1184
vn 0.5978 0.7864 -0.1556
vn 0.7509 0.6504 -0.1147
vn 0.7958 -0.5969 -0.1022
vn 0.4605 0.8849 -0.0699
vn 0.2993 0.9530 -0.0475
vn 0.7441 0.6619 -0.0903
vn 0.9830 0.1198 -0.1394
vn 0.9869 0.1098 -0.1186
vn 0.9825 0.1674 -0.0812
vn 0.9773 0.1761 -0.1177
vn 0.7798 0.6185 -0.0966
vn 0.9894 0.0863 -0.1164
vn 0.8601 0.5028 -0.0860
vn 0.8299 0.5512 -0.0858
vn 0.9823 -0.1537 -0.1067
vn 0.9847 0.1474 -0.0925
vn 0.9922 0.0874 -0.0891
vn 0.8907 0.4469 -0.0836
vn 0.9969 -0.0039 -0.0780
vn 0.8404 0.5356 -0.0829
vn 0.7206 -0.6908 -0.0597
vn 0.8561 0.5066 -0.1022
vn 0.7764 0.6275 -0.0596
vn 0.5294 0.8481 -0.0214
vn 0.9807 0.1779 -0.0811
vn 0.9752 0.2159 -0.0480
vn 0.3124 0.0760 0.9469
vn 0.8375 0.0773 0.5409
vn 0.9851 0.1597 -0.0644
vn 0.0014 0.1898 0.9818
vn -0.0012 -0.0367 0.9993
vn 0.9651 0.1312 0.2269
vn 0.0096 -0.0109 0.9999
vn 0.1510 0.8963 0.4170
vn -0.0383 0.0774 0.9963
vn -0.0629 0.1513 0.9865
vn 0.8422 0.3256 0.4297
vn 0.4090 -0.3093 0.8585
vn -0.1418 -0.1637 0.9763
vn 0.0300 -0.0175 0.9994
vn -0.0889 -0.0588 0.9943
vn -0.0579 -0.0500 0.9971
vn 0.9609 0.2553 0.1073
vn 0.8136 0.0176 0.5811
vn 0.0459 0.0290 0.9985
vn 0.5994 0.1902 0.7776
vn 0.3589 0.0785 0.9301
vn 0.9169 0.2774 0.2869
vn 0.8010 0.5789 0.1524
vn 0.9445 0.2461 0.2175
vn 0.9605 0.2761 0.0360
vn 0.9950 0.0300 0.0950
vn 0.9982 0.0431 0.0419
vn 0.9632 0.2432 -0.1144
vn 0.7782 0.6217 -0.0893
vn 0.6354 0.1911 -0.7482
vn 0.9991 0.0213 0.0375
vn 0.7244 0.3866 -0.5708
vn 0.0994 0.0593 -0.9933
vn 0.9770 0.0321 -0.2110
vn 0.4957 0.1420 -0.8568
vn 0.1065 0.0290 -0.9939
vn 0.0997 0.0045 -0.9950
vn 0.9883 -0.1256 -0.0870
vn -0.1485 0.0039 -0.9889
vn 0.9616 0.0384 -0.2719
vn 0.9806 0.1941 -0.0257
vn -0.0049 0.0574 -0.9983
vn 0.8364 0.1374 -0.5305
vn 0.8124 0.3690 -0.4516
vn 0.9920 0.0717 -0.1042
vn 0.0239 -0.8658 -0.4998
vn 0.6836 -0.5330 -0.4985
vn 0.0111 0.0616 -0.9980
vn 0.3540 -0.1634 -0.9209
vn 0.0515 -0.0997 -0.9937
vn 0.9777 -0.2008 -0.0617
vn 0.1118 -0.9931 -0.0368
vn 0.8363 -0.5469 -0.0399
vn 0.7910 -0.6115 -0.0189
vn 0.5705 -0.8205 -0.0367
vn 0.1046 -0.9945 -0.0013
vn 0.9060 -0.4222 -0.0302
vn 0.3425 -0.9389 -0.0339
vn 0.1288 -0.9871 -0.0948
vn 0.2666 -0.9637 -0.0132
vn 0.6836 -0.5330 -0.4986
vn 0.9824 -0.1851 -0.0267
vn 0.9514 -0.3065 -0.0286
vn 0.9265 -0.3762 -0.0052
vn 0.9778 -0.2085 0.0184
vn 0.4739 -0.0041 0.8806
vn 0.1458 -0.1531 0.9774
vn 0.9456 -0.3248 -0.0197
vn 0.4679 -0.8743 0.1291
vn 0.5952 -0.8036 -0.0080
vn 0.1058 -0.9931 0.0509
vn 0.8006 0.3133 -0.5108
vn 0.0565 -0.0500 0.9972
vn 0.5987 0.2717 0.7535
vn 0.1457 -0.1530 0.9774
vn 0.8073 0.0063 0.5901
vn 0.0656 -0.1132 0.9914
vn -0.0487 -0.2957 -0.9540
vn -0.0348 -0.8246 -0.5647
vn 0.2793 -0.5908 -0.7569
vn -0.1065 0.0959 -0.9897
vn -0.0031 0.0513 -0.9987
vn 0.0063 -0.1360 -0.9907
vn -0.1930 -0.7184 -0.6683
vn -0.8823 -0.0842 -0.4631
vn -0.1575 -0.9849 -0.0725
vn -0.2425 -0.9671 -0.0774
vn -0.3441 -0.9357 -0.0777
vn -0.1540 -0.9863 -0.0594
vn -0.9587 -0.0508 -0.2799
vn -0.2566 -0.9659 -0.0341
vn -0.9983 0.0404 -0.0422
vn -0.7656 -0.6394 -0.0710
vn -0.8759 -0.4790 -0.0584
vn -0.1066 0.0958 -0.9897
vn -0.0349 -0.8246 -0.5647
vn -0.9989 0.0333 -0.0319
vn -0.9886 0.1467 -0.0341
vn -0.9985 -0.0489 0.0251
vn -0.8932 0.4496 -0.0058
vn -0.7026 0.3701 0.6077
vn -0.3199 -0.9473 0.0162
vn -0.4169 0.8887 0.1907
vn -0.6209 0.7694 0.1502
vn -0.2810 -0.9597 -0.0100
vn -0.8374 0.5464 -0.0181
vn -0.3427 -0.9394 0.0069
vn -0.0613 -0.0449 0.9971
vn -0.7026 0.3702 0.6077
vn -0.1426 0.0286 0.9894
vn 0.1509 0.4548 0.8777
vn -0.4170 0.8887 0.1907
vn 0.1857 -0.8187 0.5433
vn -0.0065 -0.9989 0.0472
vn -0.3360 -0.9314 0.1403
vn 0.0069 -0.9945 0.1044
vn -0.8189 -0.5704 -0.0633
vn -0.9628 0.0993 0.2511
vn -0.2723 0.9601 0.0636
vn -0.1126 0.1200 0.9864
vn -0.1395 0.9865 0.0853
vn -0.0577 0.9981 0.0233
vn -0.1320 0.9908 0.0304
vn -0.9786 0.1249 0.1633
vn -0.5569 0.8249 0.0968
vn -0.1210 0.9923 0.0263
vn -0.3427 0.9370 0.0676
vn -0.9770 0.1366 0.1634
vn -0.5377 0.0924 0.8381
vn -0.8888 0.0769 0.4517
vn -0.2990 0.0274 0.9539
vn -0.1931 0.0358 0.9805
vn -0.9761 0.1431 0.1638
vn -0.3467 -0.9161 0.2015
vn -0.2690 -0.9607 0.0687
vn -0.2869 -0.9570 0.0430
vn -0.2691 -0.9607 0.0688
vn -0.2860 -0.9568 0.0531
vn -0.9929 0.0422 0.1114
vn -0.4945 -0.8647 0.0881
vn -0.3175 -0.9455 0.0724
vn -0.6624 -0.7426 0.0983
vn -0.3795 -0.0064 0.9252
vn -0.9787 0.1236 0.1639
vn -0.9761 0.1443 0.1624
vn -0.0058 0.1450 0.9894
vn -0.6552 0.7462 0.1178
vn 0.0623 0.9980 0.0097
vn -0.5141 -0.5754 0.6361
vn -0.0860 -0.8424 0.5320
vn 0.2021 0.1624 0.9658
vn 0.1049 -0.4173 0.9027
vn -0.5696 0.1875 0.8002
vn 0.8989 0.3652 0.2420
vn 0.0516 -0.4673 0.8826
vn -0.7746 -0.2878 0.5632
vn -0.0456 -0.2060 0.9775
vn -0.0105 -0.1697 0.9854
vn -0.0505 -0.0046 0.9987
vn -0.0264 -0.8734 0.4862
vn 0.0109 -0.4980 0.8671
vn -0.0041 -0.2710 0.9626
vn -0.0024 0.0066 1.0000
vn 0.0045 -0.0496 0.9988
vn -0.0102 -0.2892 0.9572
vn 0.2220 -0.8056 0.5493
vn -0.0994 -0.1243 0.9873
vn -0.0623 -0.3063 0.9499
vn 0.0440 -0.7968 0.6026
vn 0.0377 -0.5890 0.8073
vn 0.0073 -0.0057 1.0000
vn 0.1730 -0.5050 0.8456
vn 0.1087 -0.1508 0.9826
vn 0.0089 0.0140 0.9999
vn 0.0687 -0.8646 0.4977
vn 0.5337 0.0328 0.8450
vn -0.0452 0.0251 0.9987
vn 0.0058 0.0227 0.9997
vn 0.0417 0.0005 0.9991
vn 0.1184 -0.4061 0.9061
vn 0.1940 -0.7781 0.5974
vn 0.1754 -0.3221 0.9303
vn 0.1209 0.3271 0.9372
vn 0.0679 0.9357 0.3463
vn 0.1939 -0.7781 0.5975
vn -0.2599 0.5417 0.7994
vn 0.0254 0.7803 0.6249
vn 0.8076 0.0158 0.5895
vn -0.0354 0.8816 0.4707
vn 0.3022 -0.8501 0.4313
vn 0.4975 -0.4921 0.7144
vn 0.3013 -0.0880 0.9494
vn 0.7453 -0.4635 0.4793
vn 0.6899 -0.3920 0.6086
vn 0.8774 0.0319 0.4787
vn 0.6015 -0.0738 0.7954
vn 0.1502 -0.0261 0.9883
vn 0.4277 -0.0812 0.9003
vn 0.2791 -0.0664 0.9580
vn 0.0067 0.0531 0.9986
vn 0.6503 -0.1298 0.7485
vn 0.5130 -0.0272 0.8580
vn 0.7835 0.2905 0.5493
vn -0.1287 0.7770 0.6162
vn -0.6484 0.7447 0.1580
vn 0.1727 0.9844 0.0335
vn 0.0240 0.0128 0.9996
vn 0.0225 0.0433 0.9988
vn 0.2160 0.5419 0.8122
vn -0.2216 0.9616 -0.1617
vn 0.1407 0.9747 0.1737
vn 0.0218 0.0237 0.9995
vn 0.0376 0.2869 0.9572
vn 0.0474 0.9988 -0.0123
vn 0.0421 0.8639 0.5019
vn -0.0157 0.1939 0.9809
vn -0.0690 0.9480 0.3107
vn -0.0069 0.9877 -0.1560
vn -0.0380 0.8631 -0.5035
vn -0.1376 0.9710 -0.1958
vn -0.0831 0.9965 -0.0126
vn -0.1515 0.9835 0.0988
vn -0.2029 0.9675 -0.1507
vn -0.0006 0.0060 -1.0000
vn 0.1198 0.7948 -0.5950
vn 0.5226 0.8382 -0.1559
vn -0.3496 0.9365 0.0264
vn -0.7481 0.5838 0.3155
vn -0.0648 0.4516 0.8899
vn -0.5054 0.0402 0.8620
vn 0.1087 0.0442 0.9931
vn -0.2268 -0.0458 0.9729
vn -0.3411 -0.0913 0.9356
vn -0.0105 0.0334 0.9994
vn -0.0062 0.0312 0.9995
vn 0.0252 0.0519 0.9983
vn -0.0023 0.0275 0.9996
vn -0.0638 0.0486 0.9968
vn 0.0094 0.0098 0.9999
vn 0.0103 0.0103 0.9999
vn -0.0245 0.0463 0.9986
vn -0.0840 -0.0022 0.9965
vn -0.3204 -0.1035 0.9416
vn 0.8257 -0.4939 0.2725
vn 0.1134 0.3470 0.9310
vn 0.0091 0.0207 0.9997
vn 0.2022 0.1623 0.9658
vn -0.2764 -0.3175 0.9071
vn 0.8877 -0.0187 0.4601
vn 0.8990 0.3652 0.2419
vn 0.0035 -0.0036 1.0000
vn -0.6533 0.3817 0.6539
vn 0.0278 0.0061 0.9996
vn 0.7647 -0.0986 0.6368
vn 0.6718 -0.7300 0.1258
vn 0.0626 0.5209 0.8513
vn 0.1609 0.9133 -0.3741
vn 0.4171 0.8566 -0.3036
vn 0.8233 0.5358 -0.1873
vn 0.3290 0.7791 -0.5336
vn 0.7825 0.0128 -0.6226
vn 0.2946 0.4523 -0.8418
vn -0.0000 -0.0552 -0.9985
vn 0.5161 -0.7242 -0.4574
vn 0.2171 -0.2415 -0.9458
vn -0.4072 -0.8117 -0.4188
vn -0.0885 -0.0317 -0.9956
vn -0.6345 0.2472 -0.7323
vn 0.7645 -0.5688 -0.3033
vn 0.6270 -0.5991 -0.4979
vn -0.7653 -0.2095 -0.6086
vn -0.4144 -0.9074 -0.0697
vn -0.5108 -0.8161 -0.2703
vn 0.8791 -0.4391 -0.1851
vn 0.4171 0.8567 -0.3036
vn 0.8233 0.5359 -0.1873
vn 0.6225 -0.6239 -0.4726
vn 0.0047 -0.0027 -1.0000
vn 0.0010 -0.0248 -0.9997
vn -0.2797 -0.7025 -0.6544
vn 0.8182 -0.2135 -0.5339
vn 0.8099 -0.1297 -0.5721
vn 0.1734 0.9093 -0.3783
vn -0.8894 0.2981 -0.3466
vn -0.2906 0.0343 -0.9562
vn -0.8894 0.2981 -0.3465
vn 0.1734 0.9093 -0.3782
vn 0.0425 0.0416 -0.9982
vn 0.8182 -0.2134 -0.5339
vn 0.6225 -0.6238 -0.4726
vn 0.6298 0.2186 0.7454
vn -0.0078 0.1531 0.9882
vn -0.0094 0.0207 0.9997
vn 0.0016 0.0339 0.9994
vn 0.0265 0.6581 0.7525
vn -0.0143 0.4265 0.9044
vn -0.0312 0.0304 0.9990
vn 0.0007 0.1522 0.9884
vn 0.0202 0.0429 0.9989
vn 0.6591 0.1849 0.7290
vn -0.0244 0.0275 0.9993
vn 0.9587 0.1801 0.2201
vn 0.1319 0.0455 0.9902
vn 0.0234 0.0235 0.9994
vn 0.3688 -0.9251 0.0903
vn 0.0138 0.0570 0.9983
vn -0.1124 0.9935 -0.0206
vn 0.0148 0.1338 0.9909
vn -0.0174 0.0516 0.9985
vn 0.0039 0.0233 0.9997
vn 0.0230 0.2252 0.9740
vn 0.0059 0.0538 0.9985
vn 0.0059 0.0133 0.9999
vn -0.0008 0.7719 0.6357
vn 0.0035 0.9672 0.2541
vn -0.0053 -0.0097 0.9999
vn -0.0343 0.9577 0.2858
vn -0.0563 0.1994 0.9783
vn -0.0018 0.0413 0.9991
vn 0.0057 0.0750 0.9972
vn 0.0021 0.5741 0.8188
vn -0.0495 0.3371 0.9402
vn -0.2479 0.1399 0.9586
vn -0.4710 0.5893 0.6565
vn -0.8680 0.3189 0.3807
vn 0.0110 0.0356 0.9993
vn -0.8867 0.1889 0.4220
vn -0.0248 0.0523 0.9983
vn 0.0065 0.0271 0.9996
vn -0.7075 0.1229 0.6960
vn -0.9423 0.1769 0.2843
vn 0.0875 0.0856 0.9925
vn -0.9473 0.1904 0.2577
vn -0.8662 0.4267 0.2600
vn -0.8279 0.5168 0.2179
vn -0.3175 -0.9455 0.0725
vn -0.3795 -0.0065 0.9252
vn -0.0000 0.0568 0.9984
vn -0.0058 0.1449 0.9894
vn 0.0002 0.0718 0.9974
vn 0.2994 0.0766 0.9510
vn 0.0100 0.1013 0.9948
vn 0.0247 0.0909 0.9956
vn -0.9442 0.1635 0.2858
vn -0.9786 0.1189 0.1680
vn -0.9026 0.1777 0.3921
vn 0.0161 0.6492 0.7605
vn -0.1833 0.9829 0.0202
vn 0.0089 0.2278 0.9737
vn 0.0311 0.9994 -0.0153
vn 0.3488 0.8895 -0.2951
vn 0.0146 0.9357 0.3525
vn 0.0334 0.0124 -0.9994
vn 0.2898 -0.0151 -0.9570
vn 0.0219 0.9902 0.1381
vn 0.0235 0.9253 -0.3786
vn 0.1014 -0.0703 -0.9924
vn 0.2647 -0.0692 -0.9618
vn -0.0053 0.0035 -1.0000
vn 0.0146 0.8970 -0.4419
vn 0.0006 -0.0687 -0.9976
vn -0.0427 0.0233 -0.9988
vn -0.0059 -0.0517 -0.9986
vn 0.0054 0.0170 -0.9998
vn 0.0206 0.9644 0.2636
vn 0.0055 0.9375 -0.3479
vn 0.0251 0.4899 0.8714
vn 0.0265 0.0680 -0.9973
vn 0.0178 0.0743 0.9971
vn 0.0769 0.0547 0.9955
vn 0.0713 0.0434 0.9965
vn 0.0332 0.5644 0.8248
vn 0.0054 0.9353 0.3539
vn -0.0224 0.9943 0.1041
vn -0.2217 0.9522 -0.2102
vn -0.0180 0.9961 -0.0868
vn 0.0078 0.9949 -0.1009
vn -0.0321 0.8155 -0.5778
vn -0.0470 0.1826 -0.9821
vn -0.0252 0.7923 -0.6097
vn -0.0245 0.0505 -0.9984
vn -0.0094 -0.0499 -0.9987
vn -0.0333 -0.0462 -0.9984
vn -0.3992 0.5816 -0.7088
vn -0.6782 -0.0911 -0.7292
vn -0.7715 -0.1654 -0.6143
vn -0.4121 -0.1227 -0.9029
vn -0.0178 -0.0543 -0.9984
vn -0.0590 -0.0634 -0.9962
vn -0.0115 -0.0083 -0.9999
vn -0.0424 -0.0714 -0.9965
vn -0.0354 -0.0569 -0.9978
vn -0.0112 -0.0078 -0.9999
vn -0.3639 -0.1594 -0.9177
vn -0.8705 -0.2605 -0.4176
vn -0.6649 -0.1748 -0.7262
vn -0.0827 -0.0920 -0.9923
vn -0.6888 -0.2159 -0.6920
vn -0.5508 -0.4568 -0.6985
vn -0.0896 -0.8402 -0.5348
vn -0.0622 -0.1403 -0.9881
vn -0.0682 -0.4646 -0.8829
vn -0.0363 -0.6152 -0.7875
vn -0.0258 -0.3866 -0.9219
vn -0.3631 -0.7147 -0.5978
vn -0.1190 -0.1220 -0.9854
vn -0.0131 -0.2785 -0.9603
vn 0.2303 0.2725 -0.9342
vn 0.1662 -0.9719 -0.1664
vn -0.0338 -0.9831 -0.1799
vn -0.0064 -0.2821 -0.9594
vn -0.0031 -0.0620 -0.9981
vn 0.1651 -0.7343 -0.6585
vn 0.8591 -0.2665 -0.4370
vn -0.2820 -0.8430 -0.4581
vn -0.2082 -0.7059 -0.6770
vn -0.0127 -0.5618 -0.8272
vn -0.0036 -0.0579 -0.9983
vn -0.0162 -0.8397 -0.5428
vn -0.0358 -0.2378 -0.9707
vn -0.0080 -0.2712 -0.9625
vn 0.0178 -0.1021 -0.9946
vn 0.0027 -0.1614 -0.9869
vn 0.0001 -0.0551 -0.9985
vn -0.0046 -0.0544 -0.9985
vn 0.1157 -0.6026 -0.7896
vn 0.3185 -0.8394 -0.4405
vn 0.3289 -0.2089 -0.9210
vn 0.2790 -0.1583 -0.9472
vn 0.2992 -0.1089 -0.9479
vn -0.0054 -0.0458 -0.9989
vn 0.5851 -0.1586 -0.7953
vn 0.9388 0.2331 -0.2535
vn 0.3291 0.7791 -0.5336
vn 0.6979 -0.1307 -0.7042
vn -0.6345 0.2472 -0.7324
vn -0.6167 0.2768 -0.7369
vn 0.5327 -0.2853 -0.7968
vn 0.6353 -0.3322 -0.6972
vn -0.8645 0.0601 -0.4991
vn 0.0067 -0.0406 -0.9992
vn 0.7758 -0.3553 -0.5215
vn 0.7644 -0.5689 -0.3033
vn -0.9940 0.0339 0.1043
vn -0.9845 0.1553 0.0817
vn -0.9950 0.0094 0.0999
vn -0.4031 0.9140 0.0467
vn -0.2487 0.9679 0.0375
vn -0.7079 0.7009 0.0871
vn -0.9932 -0.0212 0.1141
vn -0.7530 -0.0660 -0.6547
vn -0.9938 -0.0114 0.1107
vn -0.9800 0.1617 0.1162
vn -0.1955 0.9802 0.0321
vn -0.4745 0.8778 0.0659
vn -0.9926 0.0058 0.1212
vn -0.9915 0.0257 0.1278
vn -0.8961 0.4144 0.1591
vn -0.9866 0.0226 0.1615
vn -0.6836 0.1500 0.7143
vn -0.9907 0.0128 0.1355
vn -0.9925 0.0058 0.1219
vn -0.8817 -0.4547 0.1262
vn -0.7033 -0.6986 0.1318
vn -0.7661 -0.6267 0.1425
vn -0.8699 -0.4795 0.1154
vn -0.6874 0.7197 0.0976
vn -0.7957 -0.5974 0.0997
vn -0.7670 -0.6332 0.1042
vn -0.7057 -0.7030 0.0880
vn -0.3970 -0.7984 -0.4528
vn -0.7146 0.6934 0.0923
vn -0.3825 0.5395 -0.7501
vn -0.7925 0.5999 0.1098
vn -0.8744 0.4762 0.0932
vn -0.9320 0.0319 -0.3610
vn -0.8836 0.4583 0.0955
vn -0.9931 -0.0051 0.1172
vn -0.9924 0.0244 0.1207
vn -0.9908 0.0391 0.1296
vn -0.7755 0.0302 -0.6306
vn -0.9840 0.0722 0.1631
vn -0.9879 0.0229 0.1531
vn -0.8475 0.5124 0.1382
vn -0.5684 0.0393 0.8218
vn -0.9813 0.0874 0.1717
vn -0.8027 0.0002 0.5964
vn -0.9804 0.0717 0.1836
vn -0.4333 -0.1289 0.8920
vn 0.0408 -0.1299 0.9907
vn -0.7975 0.0807 0.5978
vn -0.9875 0.0356 0.1535
vn -0.9622 0.1769 0.2068
vn 0.0906 0.1638 0.9823
vn -0.9811 0.0783 0.1769
vn -0.9898 0.0656 0.1263
vn -0.9881 0.1191 0.0970
vn -0.7044 0.6983 0.1272
vn -0.4871 0.8678 0.0978
vn -0.5938 0.7994 0.0917
vn -0.0234 0.9993 0.0296
vn -0.0167 0.9992 0.0367
vn -0.0030 0.9995 0.0317
vn 0.0075 0.9996 0.0259
vn 0.0010 0.9991 0.0429
vn -0.7946 0.5765 0.1906
vn -0.0629 0.9955 0.0705
vn -0.0143 0.9968 0.0792
vn 0.0256 0.7892 0.6135
vn 0.0361 0.9979 0.0546
vn 0.0097 0.9987 0.0498
vn 0.0003 0.9984 0.0557
vn 0.0031 0.3600 0.9330
vn 0.0062 0.8739 0.4861
vn 0.0054 0.9979 0.0646
vn -0.0175 0.1991 0.9798
vn -0.0035 0.9684 0.2493
vn 0.0016 0.9978 0.0658
vn -0.0005 0.4699 0.8827
vn -0.0051 0.6911 0.7228
vn 0.0001 0.9988 0.0496
vn 0.0085 0.9971 0.0759
vn 0.0024 0.4159 0.9094
vn -0.0030 0.9984 0.0560
vn 0.0324 0.9958 0.0852
vn -0.1520 0.2508 0.9560
vn 0.5665 0.7431 0.3563
vn -0.0006 0.9980 0.0627
vn 0.0107 0.9976 0.0679
vn 0.9634 0.1589 0.2158
vn 0.8395 -0.0942 0.5350
vn 0.0819 -0.0698 0.9942
vn 0.1590 0.9822 0.0999
vn 0.0827 0.9940 0.0713
vn 0.9534 0.2402 0.1826
vn 0.9778 0.0838 0.1919
vn 0.9050 0.2262 0.3603
vn 0.8172 -0.1380 0.5596
vn 0.1664 -0.1056 0.9804
vn 0.3087 -0.1050 0.9453
vn 0.9756 0.1202 0.1835
vn 0.6800 0.7159 0.1584
vn 0.9768 0.1594 0.1432
vn 0.0461 0.9972 0.0581
vn 0.1846 0.9806 0.0662
vn 0.0041 0.9990 0.0446
vn 0.0761 0.9964 0.0386
vn 0.9805 0.1582 0.1163
vn -0.0065 0.9991 0.0427
vn 0.8124 0.3691 -0.4515
vn 0.8364 0.1374 -0.5306
vn 0.9806 0.1941 -0.0258
vn 0.0007 0.9999 0.0170
vn 0.0026 0.8140 -0.5809
vn -0.0107 0.9995 0.0312
vn -0.0073 0.9988 -0.0487
vn 0.1825 0.9825 0.0366
vn -0.0049 0.9992 0.0398
vn -0.0058 0.9994 0.0329
vn -0.0000 0.9743 -0.2254
vn -0.1544 0.9871 0.0412
vn -0.0057 0.9995 0.0312
vn 0.0019 0.7385 -0.6743
vn 0.1439 0.9882 0.0519
vn -0.4163 0.9068 0.0669
vn -0.0067 0.9987 0.0499
vn -0.0017 0.9991 0.0433
vn -0.0261 0.9990 0.0362
vn 0.0057 0.9994 0.0355
vn 0.0052 0.9990 0.0439
vn 0.1151 0.9929 0.0315
vn 0.1156 0.9922 0.0463
vn 0.1478 0.9883 0.0384
vn -0.0975 0.9947 0.0314
vn 0.6770 0.7360 -0.0045
vn -0.5490 0.8286 0.1098
vn 0.0068 0.9992 0.0404
vn -0.5249 0.8496 0.0515
vn -0.0184 0.9991 0.0383
vn 0.6950 0.7165 -0.0603
vn -0.0017 0.9985 0.0554
vn 0.2868 0.9573 0.0369
vn -0.5285 0.8402 0.1216
vn 0.0289 0.9981 0.0538
vn -0.7889 0.6082 0.0876
vn 0.1041 0.9937 0.0406
vn 0.3306 0.9437 0.0121
vn 0.7472 0.6561 -0.1060
vn -0.3174 0.9458 0.0682
vn 0.7563 0.6535 0.0298
vn -0.5270 0.8466 0.0747
vn 0.7585 0.6493 0.0555
vn -0.5374 0.8266 0.1670
vn -0.0025 0.9986 0.0520
vn 0.3425 -0.9389 -0.0338
vn -0.0311 -0.0291 -0.9991
vn 0.8005 0.3132 -0.5109
vn -0.0110 -0.0143 -0.9998
vn 0.9763 -0.0386 -0.2128
vn 0.7655 0.5749 -0.2890
vn 0.9849 0.1451 -0.0939
vn 0.1786 0.0617 -0.9820
vn 0.0071 -0.0059 -1.0000
vn 0.0367 -0.0057 -0.9993
vn -0.0580 -0.2210 -0.9736
vn -0.0795 -0.2890 -0.9540
vn 0.9081 0.4014 -0.1193
vn -0.0324 0.2092 -0.9773
vn 0.9866 0.1455 -0.0737
vn 0.0060 -0.0062 -1.0000
vn 0.4281 0.3086 -0.8494
vn 0.8834 0.1803 -0.4326
vn -0.0064 -0.0082 -0.9999
vn 0.0057 -0.0084 -0.9999
vn 0.0475 0.9801 -0.1928
vn 0.9172 0.3933 0.0640
vn 0.9085 0.4105 0.0779
vn 0.0934 0.9586 0.2688
vn 0.0831 0.2548 0.9634
vn 0.9099 0.4149 0.0009
vn 0.5986 0.2716 0.7536
vn 0.9324 0.3614 -0.0076
vn 0.7617 -0.6343 0.1323
vn 0.9143 0.4038 0.0334
vn 0.5818 0.2667 0.7684
vn -0.0182 0.0114 0.9998
vn -0.0277 -0.0418 0.9987
vn 0.8375 0.0773 0.5410
vn 0.8433 -0.0812 0.5313
vn 0.0208 0.6392 0.7687
vn -0.0053 0.0082 1.0000
vn 0.9700 0.2008 0.1371
vn -0.0404 -0.0056 0.9992
vn -0.0220 -0.0163 0.9996
vn -0.2809 -0.9597 -0.0099
vn -0.8374 0.5463 -0.0180
vn -0.3427 -0.9394 0.0070
vn 0.0147 -0.9999 0.0025
vn -0.3198 -0.9473 0.0162
vn -0.0064 -0.9989 0.0473
vn 0.0071 -0.9996 -0.0285
vn -0.9989 0.0332 -0.0319
vn -0.8759 -0.4790 -0.0583
vn -0.0061 -0.9981 -0.0610
vn -0.0348 -0.8246 -0.5646
vn -0.0487 -0.2957 -0.9541
vn -0.0066 -0.8970 -0.4420
vn 0.0164 -0.9993 -0.0328
vn 0.0188 -0.7457 -0.6660
vn 0.0145 -0.9999 -0.0072
vn 0.0188 -0.9991 -0.0375
vn 0.0202 -0.8612 -0.5079
vn 0.0074 -0.8462 -0.5329
vn 0.0054 -0.7571 -0.6533
vn 0.0040 -0.1972 -0.9804
vn 0.0141 -0.8784 -0.4777
vn 0.0167 -0.9835 -0.1803
vn 0.0075 -0.9995 -0.0308
vn 0.0170 -0.9028 -0.4296
vn 0.0054 -0.1855 -0.9826
vn 0.6836 -0.5329 -0.4986
vn 0.0116 -0.9998 -0.0131
vn 0.0083 -0.9998 0.0163
vn 0.9265 -0.3762 -0.0051
vn 0.9778 -0.2086 0.0184
vn 0.0704 -0.9968 0.0370
vn 0.1458 -0.1530 0.9774
vn 0.0685 -0.9958 0.0600
vn 0.0656 -0.1133 0.9914
vn 0.7618 -0.6342 0.1323
vn 0.0406 0.3069 0.9509
vn 0.0105 -0.9991 0.0408
vn -0.0144 -0.2059 0.9785
vn 0.0031 -0.9613 0.2755
vn 0.0215 -0.9653 0.2601
vn 0.0062 -0.9984 0.0566
vn -0.0036 -0.8345 0.5510
vn -0.0310 -0.5423 0.8396
vn 0.0052 -0.7249 0.6888
vn -0.0160 0.2583 0.9659
vn 0.0074 -0.9991 0.0406
vn 0.0306 0.0300 0.9991
vn 0.0670 -0.3044 0.9502
vn 0.0483 -0.4798 0.8761
vn 0.0085 -0.9990 0.0450
vn -0.0224 -0.3856 0.9224
vn 0.0347 0.2861 0.9576
vn 0.0144 -0.9991 0.0395
vn 0.0395 -0.5148 0.8564
vn 0.0114 -0.9769 0.2134
vn 0.0179 -0.9991 0.0374
vn 0.0651 -0.0339 0.9973
vn 0.0183 0.2837 0.9587
vn -0.0111 0.2713 0.9624
vn 0.0055 -0.9965 0.0834
vn -0.0301 0.1110 0.9934
vn 0.0015 -0.5318 0.8469
vn 0.5342 0.1419 -0.8333
vn 0.3670 -0.1460 -0.9187
vn 0.1731 0.2585 -0.9504
vn 0.2220 -0.1164 -0.9681
vn 0.4443 -0.1929 -0.8749
vn -0.0113 -0.0552 -0.9984
vn 0.7791 -0.1343 -0.6124
vn 0.3391 -0.4875 -0.8046
vn 0.0124 -0.0742 -0.9972
vn -0.9591 0.0898 -0.2685
vn -0.0459 -0.0290 -0.9985
vn -0.0138 -0.0554 -0.9984
vn -0.5364 -0.0275 -0.8435
vn -0.5167 0.0550 -0.8544
vn -0.0180 -0.0567 -0.9982
vn -0.3795 0.1045 -0.9193
vn -0.9171 0.3975 -0.0308
vn -0.7917 0.2811 -0.5425
vn -0.8934 0.3143 -0.3209
vn -0.2453 0.9468 -0.2083
vn -0.9221 0.3864 -0.0219
vn -0.9198 0.3894 -0.0486
vn -0.8389 0.5437 0.0249
vn -0.9167 0.3961 0.0527
vn -0.5901 0.5251 0.6132
vn -0.9380 0.3299 -0.1061
vn -0.2859 0.9577 -0.0332
vn -0.9760 0.1606 -0.1468
vn -0.9782 0.2041 0.0377
vn -0.9020 0.4239 0.0822
vn -0.1208 0.0910 0.9885
vn -0.7922 0.1387 0.5942
vn -0.3963 0.2192 0.8916
vn -0.0162 0.0550 0.9984
vn -0.9710 0.2012 0.1293
vn -0.8316 0.1196 0.5423
vn 0.0282 0.0660 0.9974
vn 0.0185 0.0528 0.9984
vn 0.0336 0.0392 0.9987
vn -0.9817 0.1236 -0.1449
vn -0.2730 0.0615 0.9600
vn 0.2865 0.0249 0.9578
vn -0.0063 0.0526 0.9986
vn 0.0675 0.0303 0.9973
vn 0.6361 -0.0146 0.7715
vn -0.5609 0.4655 0.6846
vn 0.0218 0.7101 0.7037
vn -0.0032 0.9853 0.1706
vn -0.0127 0.5514 0.8341
vn -0.0068 0.0112 0.9999
vn -0.0063 0.0130 0.9999
vn -0.0023 0.1486 0.9889
vn -0.0009 0.1937 0.9811
vn 0.0830 0.2548 0.9634
vn -0.0088 0.0033 1.0000
vn 0.0172 0.9122 0.4094
vn -0.0115 0.9999 -0.0003
vn -0.0082 0.0517 0.9986
vn -0.0085 -0.0045 1.0000
vn -0.0056 0.7751 0.6318
vn -0.0061 0.4647 0.8854
vn 0.0009 1.0000 -0.0039
vn -0.0033 -0.0031 1.0000
vn -0.0095 0.0112 0.9999
vn 0.0177 0.7157 0.6982
vn 0.0658 0.9977 0.0138
vn -0.0294 0.9995 -0.0110
vn -0.0133 0.0215 0.9997
vn -0.0323 0.9935 0.1090
vn -0.0133 0.3446 0.9387
vn -0.0191 0.9964 0.0830
vn -0.0073 0.9742 0.2256
vn -0.0057 0.9985 0.0537
vn -0.0078 0.9996 -0.0261
vn -0.0055 0.9848 -0.1736
vn -0.1051 0.9941 -0.0267
vn -0.0964 0.3804 -0.9198
vn 0.0079 0.9968 0.0799
vn -0.0000 0.2188 -0.9758
vn 0.0116 0.9999 -0.0009
vn 0.0475 0.9801 -0.1927
vn 0.0112 0.9906 -0.1362
vn 0.0026 0.9813 -0.1925
vn 0.0072 0.0512 -0.9987
vn 0.0013 0.8340 -0.5517
vn 0.0084 0.0544 -0.9985
vn 0.0106 0.0830 -0.9965
vn 0.0058 0.0020 -1.0000
vn 0.0092 -0.0034 -1.0000
vn 0.0062 -0.0011 -1.0000
vn -0.0200 0.3763 -0.9263
vn 0.2196 0.1851 -0.9579
vn -0.0067 -0.3428 -0.9394
vn -0.0435 0.9363 -0.3486
vn 0.0450 0.2775 -0.9597
vn 0.0093 0.0895 -0.9959
vn 0.0517 0.5644 -0.8239
vn 0.0063 0.1879 -0.9822
vn -0.0032 0.2726 -0.9621
vn 0.0091 -0.0092 -0.9999
vn 0.0011 0.7799 -0.6259
vn -0.0020 0.9986 -0.0520
vn 0.0089 0.7152 -0.6989
vn 0.0132 -0.0016 -0.9999
vn 0.0207 -0.1407 -0.9898
vn 0.0058 0.9916 -0.1293
vn 0.0460 0.8406 -0.5397
vn 0.0099 0.5060 -0.8625
vn 0.0078 0.0053 -1.0000
vn 0.0016 -0.0065 -1.0000
vn -0.0141 0.9218 -0.3874
vn -0.0074 0.7576 -0.6527
vn -0.0040 0.6454 -0.7638
vn 0.0065 -0.0077 -0.9999
vn -0.0064 -0.0083 -0.9999
vn 0.0346 -0.3485 -0.9367
vn -0.0206 0.9108 -0.4124
vn 0.4280 0.3086 -0.8494
vn 0.9849 0.1027 0.1391
vn 0.9813 0.1308 0.1415
vn 0.4327 -0.0532 0.9000
vn 0.1414 0.0433 0.9890
vn 0.2301 0.9686 0.0939
vn 0.1804 0.9833 0.0241
vn 0.9826 0.0702 0.1717
vn 0.9815 0.1178 0.1507
vn 0.9849 0.0851 0.1506
vn 0.9817 0.1239 0.1448
vn 0.5211 0.8483 0.0940
vn 0.1888 0.9807 0.0507
vn 0.4374 0.8950 0.0877
vn 0.9768 0.1462 0.1567
vn 0.9263 0.3435 0.1545
vn 0.9288 0.3341 0.1605
vn 0.9805 0.1275 0.1499
vn 0.3252 0.9411 0.0929
vn 0.0333 0.5644 0.8248
vn 0.0713 0.0435 0.9965
vn 0.0770 0.0546 0.9955
vn 0.9067 0.3811 0.1807
vn 0.6326 0.1683 0.7560
vn 0.0149 0.1338 0.9909
vn 0.2332 0.9621 0.1414
vn 0.6441 0.2358 -0.7277
vn 0.9732 0.1396 0.1826
vn 0.8875 0.1922 -0.4187
vn 0.6620 -0.7385 0.1282
vn 0.9721 0.1197 0.2017
vn 0.4092 0.2242 -0.8845
vn 0.9970 -0.0035 0.0770
vn 0.9703 0.1542 0.1865
vn 0.2991 -0.9520 0.0648
vn 0.9684 0.1529 0.1971
vn 0.9649 0.1827 0.1888
vn 0.9702 0.1082 0.2169
vn 0.9795 0.0514 0.1949
vn 0.9568 0.2017 0.2093
vn 0.6591 0.1848 0.7290
vn 0.9651 0.1270 0.2290
vn -0.0093 0.0206 0.9997
vn -0.0312 0.0305 0.9991
vn 0.6299 0.2186 0.7453
vn 0.9639 0.1421 0.2250
vn 0.9555 0.1861 0.2289
vn 0.0232 0.9968 0.0769
vn -0.0077 0.1531 0.9882
vn 0.9523 0.2036 0.2274
vn 0.0266 0.6581 0.7525
vn 0.9321 0.2874 0.2205
vn 0.9816 0.1849 -0.0480
vn 0.8864 0.4537 0.0920
vn 0.3730 0.4834 -0.7920
vn 0.0165 0.9980 0.0616
vn 0.0193 0.7721 -0.6352
vn 0.0208 0.9978 0.0628
vn 0.0130 0.9981 0.0605
vn -0.0015 0.9451 -0.3267
vn -0.0047 0.9981 0.0615
vn 0.0087 0.9986 0.0519
vn 0.0088 0.7913 -0.6114
vn -0.0013 0.3278 -0.9448
vn 0.0052 0.8999 -0.4360
vn 0.0080 0.9983 0.0586
vn 0.0008 0.1522 0.9883
vn 0.0231 0.2252 0.9740
vn 0.0035 0.9672 0.2540
vn 0.0049 0.9986 0.0530
vn 0.0013 0.8782 -0.4784
vn 0.0044 0.9982 0.0601
vn -0.0563 0.1995 0.9783
vn 0.0051 0.9987 0.0513
vn 0.0026 0.9803 -0.1977
vn 0.0171 0.9849 0.1725
vn 0.0057 0.0751 0.9972
vn 0.0022 0.5741 0.8188
vn 0.0011 0.9976 0.0699
vn -0.0187 0.9979 0.0618
vn -0.5816 0.7886 0.1996
vn -0.4710 0.5892 0.6565
vn -0.8680 0.3190 0.3806
vn -0.9526 0.1939 0.2343
vn -0.2480 0.1399 0.9586
vn -0.8868 0.1889 0.4219
vn -0.9534 0.2053 0.2212
vn -0.9632 0.1630 0.2139
vn -0.7075 0.1230 0.6959
vn -0.9457 0.2391 0.2203
vn -0.9659 0.1680 0.1972
vn -0.8662 0.4267 0.2601
vn -0.9671 0.1470 0.2078
vn -0.5750 0.8014 0.1649
vn -0.0014 0.9986 0.0526
vn -0.0083 0.9982 0.0599
vn 0.0002 0.9988 0.0481
vn -0.9367 0.2663 0.2271
vn -0.7107 0.6783 0.1867
vn -0.0835 0.9955 -0.0452
vn 0.0400 0.3291 -0.9435
vn -0.9028 0.3792 0.2028
vn -0.9753 0.2196 0.0257
vn -0.9686 0.1164 0.2198
vn -0.9692 0.1159 0.2175
vn -0.9877 0.1090 -0.1118
vn -0.6446 0.1487 -0.7500
vn -0.8664 0.1630 -0.4720
vn -0.9722 0.1243 0.1984
vn -0.6772 0.1511 -0.7202
vn -0.9703 0.1673 0.1749
vn -0.0038 0.1530 -0.9882
vn -0.7622 0.6281 0.1565
vn -0.8057 0.5771 0.1338
vn -0.8849 0.3483 -0.3092
vn -0.2691 -0.9606 0.0688
vn -0.9929 0.0423 0.1113
vn -0.7520 0.6390 0.1618
vn -0.2859 -0.9568 0.0531
vn -0.8024 0.5744 0.1617
vn 0.0873 0.9892 0.1178
vn 0.9831 0.1647 -0.0795
vn 0.9852 0.0716 0.1559
vn 0.4075 0.0814 0.9096
vn 0.3578 -0.1164 0.9265
vn 0.4561 0.8859 0.0847
vn 0.9851 0.0924 0.1447
vn 0.4516 0.8887 0.0795
vn 0.9891 0.0521 0.1380
vn 0.6899 0.7150 0.1134
vn 0.9895 0.0463 0.1368
vn 0.9337 0.3378 0.1192
vn 0.9848 0.0679 0.1599
vn 0.9927 0.0330 0.1163
vn 0.8552 0.5075 0.1056
vn 0.9364 0.3314 0.1150
vn 0.9913 0.0181 0.1307
vn 0.9931 0.0254 0.1147
vn 0.7991 0.5932 0.0976
vn 0.8162 0.5695 0.0974
vn 0.9950 0.0299 0.0950
vn 0.9941 0.0120 0.1075
vn 0.9898 0.0404 0.1365
vn 0.9942 0.0150 0.1068
vn 0.9840 0.0617 0.1671
vn 0.9699 -0.1557 0.1871
vn 0.9889 0.0421 0.1425
vn 0.9859 0.0066 0.1672
vn 0.9820 -0.1235 0.1430
vn 0.9698 0.2047 0.1327
vn 0.9923 -0.0131 0.1232
vn 0.7767 -0.6103 0.1557
vn 0.6178 -0.7846 0.0524
vn 0.9767 0.1791 0.1179
vn 0.8022 0.5880 0.1032
vn 0.9167 -0.3950 0.0605
vn 0.8051 -0.5884 0.0753
vn 0.9544 0.2747 0.1170
vn 0.9110 -0.3873 0.1418
vn 0.9463 0.2963 0.1293
vn 0.8174 -0.5693 0.0883
vn 0.9236 -0.3825 -0.0238
vn 0.8596 0.5092 0.0433
vn 0.9616 0.0384 -0.2718
vn 0.9108 0.4116 0.0318
vn 0.1134 0.3471 0.9309
vn 0.8507 0.5256 -0.0063
vn -0.2991 0.9537 -0.0302
vn 0.6592 0.4185 -0.6248
vn -0.0639 0.0487 0.9968
vn -0.4582 0.8627 0.2140
vn -0.9471 -0.3098 0.0834
vn -0.5779 -0.4849 0.6564
vn 0.3225 -0.9458 0.0388
vn -0.2925 -0.9485 0.1214
vn -0.0245 0.0464 0.9986
vn 0.8257 -0.4939 0.2726
vn 0.6591 0.4186 -0.6248
vn 0.8507 0.5256 -0.0062
vn 0.9108 0.4117 0.0318
vn 0.1135 0.3471 0.9309
vn 0.0181 0.5090 -0.8606
vn -0.0417 0.0391 -0.9984
vn -0.0361 -0.5203 -0.8532
vn -0.0961 -0.9646 -0.2455
vn 0.0126 -0.9852 0.1707
vn 0.2547 -0.9420 -0.2186
vn -0.0429 0.2404 -0.9697
vn 0.3226 -0.9457 0.0387
vn -0.5778 -0.4850 0.6565
vn -0.0067 -0.3233 0.9463
vn -0.0675 0.2385 0.9688
vn -0.0428 0.2404 -0.9697
vn -0.0372 0.9611 -0.2737
vn -0.0360 -0.5202 -0.8533
vn 0.0181 0.5091 -0.8605
vn -0.0315 -0.6057 0.7951
vn 0.0601 0.7822 0.6201
vn -0.0811 0.9412 -0.3280
vn 0.1085 0.4081 0.9065
vn 0.3978 0.8937 0.2072
vn -0.0020 -0.7423 0.6701
vn -0.4284 0.9019 -0.0546
vn -0.9683 0.1886 -0.1640
vn -0.5308 0.8462 -0.0475
vn -0.5951 0.7981 -0.0944
vn -0.9731 0.1682 -0.1572
vn -0.4008 0.9136 -0.0681
vn -0.9750 0.1418 -0.1709
vn -0.9774 0.1443 -0.1547
vn -0.9687 0.1758 -0.1754
vn -0.7508 0.6443 -0.1452
vn -0.8055 0.5712 -0.1575
vn -0.9836 0.1058 -0.1463
vn -0.7923 0.1388 0.5942
vn -0.9594 0.2272 -0.1672
vn -0.2423 0.9687 -0.0547
vn -0.8230 -0.5609 -0.0894
vn -0.9669 0.1876 -0.1728
vn -0.7562 -0.6451 -0.1098
vn -0.7347 0.6740 -0.0768
vn -0.9851 0.0100 -0.1715
vn -0.9809 0.1165 -0.1560
vn -0.9817 0.1235 -0.1450
vn -0.7528 0.6490 -0.1100
vn -0.6525 0.7487 -0.1175
vn -0.7592 -0.6425 -0.1042
vn -0.3437 0.9364 -0.0708
vn -0.8739 -0.4655 -0.1398
vn -0.7293 0.6726 -0.1253
vn -0.4683 0.8782 -0.0972
vn -0.9635 0.1747 -0.2028
vn -0.9765 0.1394 -0.1646
vn -0.6874 0.7127 -0.1400
vn -0.9578 0.2173 -0.1881
vn -0.9741 0.1359 -0.1809
vn -0.9792 0.1090 -0.1713
vn -0.9705 0.1608 -0.1795
vn -0.9727 0.1383 -0.1862
vn -0.9677 0.1806 -0.1762
vn -0.9652 0.1908 -0.1791
vn -0.9677 0.1753 -0.1814
vn -0.9646 0.1952 -0.1771
vn -0.5379 0.8309 -0.1424
vn -0.2217 0.9616 -0.1617
vn -0.8750 0.1771 -0.4506
vn -0.2571 0.0517 -0.9650
vn -0.7686 0.1614 -0.6190
vn -0.9665 0.1697 -0.1925
vn -0.7679 0.0800 -0.6355
vn -0.9801 -0.0015 -0.1983
vn -0.0323 -0.1163 -0.9927
vn -0.9607 -0.2067 -0.1851
vn -0.9406 -0.0417 -0.3368
vn -0.2440 -0.3179 -0.9162
vn -0.9608 -0.2149 -0.1750
vn -0.5161 0.8316 -0.2054
vn -0.9842 0.0319 -0.1743
vn -0.9839 -0.0205 -0.1775
vn -0.9738 0.1576 -0.1642
vn -0.7881 0.5939 -0.1618
vn -0.9127 0.3644 -0.1852
vn -0.9574 0.2200 -0.1868
vn -0.0376 0.9943 -0.0998
vn -0.0162 0.9949 -0.0999
vn -0.7598 0.6227 -0.1869
vn -0.8993 0.4025 -0.1708
vn -0.0242 0.9958 -0.0881
vn -0.9544 0.2565 -0.1528
vn 0.0219 0.7101 0.7037
vn -0.1230 0.9899 -0.0705
vn -0.0102 0.7591 0.6509
vn -0.0024 0.9976 -0.0688
vn 0.0056 0.9267 0.3758
vn 0.0144 0.9969 -0.0768
vn 0.0149 0.9975 -0.0685
vn -0.0033 0.9956 -0.0934
vn -0.0026 0.9984 -0.0567
vn 0.0024 0.4800 0.8773
vn -0.0222 0.9951 -0.0964
vn 0.0244 0.9957 -0.0891
vn -0.0922 0.9923 -0.0826
vn 0.0998 0.9920 -0.0770
vn 0.1453 0.9858 -0.0841
vn -0.2156 0.9743 -0.0655
vn -0.0141 0.9971 -0.0745
vn -0.0177 0.9963 -0.0846
vn -0.0108 0.9960 -0.0892
vn -0.0133 0.9964 -0.0837
vn 0.1762 0.9799 -0.0931
vn 0.3009 0.9496 -0.0880
vn 0.4112 0.9080 -0.0796
vn -0.2189 0.9715 -0.0913
vn 0.3150 0.9448 -0.0905
vn -0.0773 0.9928 -0.0918
vn -0.2054 0.9733 -0.1022
vn 0.1764 0.9803 -0.0890
vn -0.0171 0.9955 -0.0928
vn -0.0723 0.9884 -0.1334
vn 0.1255 0.9824 -0.1383
vn -0.0312 0.9943 -0.1016
vn 0.0096 0.9953 -0.0959
vn -0.0672 0.9847 -0.1610
vn 0.0988 0.9702 -0.2212
vn 0.0451 0.9953 -0.0854
vn -0.0468 0.9916 -0.1207
vn 0.1005 0.4064 -0.9082
vn -0.0200 0.1408 -0.9898
vn -0.0125 0.9933 -0.1151
vn -0.0097 0.4306 -0.9025
vn -0.0209 0.9947 -0.1010
vn -0.0027 0.1260 -0.9920
vn 0.0190 0.1116 -0.9936
vn -0.0260 0.7476 -0.6636
vn -0.0235 0.9950 -0.0975
vn -0.0013 0.1796 -0.9837
vn 0.0193 0.6817 -0.7314
vn -0.0237 0.9953 -0.0936
vn -0.0134 0.9953 -0.0961
vn -0.0115 0.9961 -0.0877
vn 0.8180 0.5458 -0.1816
vn 0.9613 0.2025 -0.1866
vn 0.8283 0.5277 -0.1884
vn 0.9565 0.2179 -0.1938
vn 0.2565 0.0559 -0.9649
vn 0.9586 0.2146 -0.1871
vn 0.9557 0.2115 -0.2048
vn 0.1197 0.7947 -0.5950
vn 0.5227 0.8381 -0.1560
vn 0.9510 0.2374 -0.1979
vn 0.8933 0.4093 -0.1860
vn -0.3497 0.9365 0.0264
vn -0.1879 0.9822 0.0050
vn -0.0762 0.9970 -0.0097
vn 0.9638 0.1849 -0.1918
vn 0.8618 0.4796 -0.1652
vn -0.2101 0.9773 0.0261
vn -0.0445 0.9990 0.0022
vn 0.9636 0.1926 -0.1853
vn 0.8721 0.4658 -0.1501
vn 0.9627 0.2092 -0.1714
vn 0.9575 0.2219 -0.1842
vn 0.9689 0.1883 -0.1607
vn 0.9647 0.1928 -0.1793
vn 0.9673 0.1622 -0.1950
vn 0.9680 0.1972 -0.1549
vn 0.6326 0.0244 0.7741
vn 0.9797 -0.1256 -0.1565
vn 0.9834 -0.0935 -0.1553
vn 0.9801 -0.0959 -0.1740
vn 0.9577 -0.2464 -0.1483
vn 0.5678 0.8187 -0.0857
vn 0.2304 0.8214 0.5217
vn 0.2141 0.6056 0.7664
vn 0.2802 0.9573 -0.0716
vn 0.7023 0.7033 -0.1106
vn 0.7771 0.6143 -0.1371
vn 0.9598 0.2330 -0.1565
vn 0.9629 0.2194 -0.1575
vn 0.4392 0.1425 0.8870
vn 0.1573 -0.3220 0.9336
vn 0.9589 0.2395 -0.1519
vn -0.1332 0.0547 0.9896
vn 0.9590 0.2273 -0.1690
vn 0.9552 0.2527 -0.1543
vn 0.1803 0.9823 -0.0511
vn -0.0345 0.8094 0.5863
vn 0.5082 0.8515 -0.1295
vn -0.0014 0.9983 -0.0577
vn 0.3097 0.9443 -0.1113
vn -0.0348 0.9983 -0.0468
vn 0.0381 0.2194 0.9749
vn 0.0561 0.7723 0.6328
vn -0.0344 0.9967 -0.0731
vn -0.0243 0.9983 -0.0521
vn -0.0310 0.9992 0.0254
vn -0.0087 0.8352 0.5498
vn -0.0037 0.9989 -0.0459
vn -0.0196 0.9977 -0.0642
vn 0.0083 0.9989 -0.0456
vn -0.0008 0.9986 -0.0521
vn 0.0019 0.9977 -0.0684
vn 0.0702 0.9953 -0.0664
vn -0.0039 0.9965 -0.0838
vn -0.0259 0.9963 -0.0819
vn 0.2245 0.9713 -0.0779
vn 0.2663 0.9603 -0.0835
vn -0.0021 0.9990 -0.0449
vn -0.6032 0.7952 -0.0617
vn 0.0552 0.9973 -0.0483
vn -0.3105 0.9461 -0.0918
vn -0.1640 0.9817 -0.0964
vn 0.6952 0.7069 -0.1306
vn 0.1024 0.9908 -0.0880
vn -0.0448 0.9953 -0.0854
vn 0.0305 0.9961 -0.0832
vn -0.0258 0.9965 -0.0797
vn 0.1749 0.9807 -0.0878
vn -0.2856 0.9555 -0.0735
vn -0.0504 0.9953 -0.0832
vn -0.0181 0.9963 -0.0843
vn -0.1600 0.9808 -0.1111
vn 0.6852 0.7276 0.0345
vn 0.0107 0.9957 -0.0924
vn -0.5612 0.8249 -0.0677
vn 0.8882 0.4424 -0.1237
vn 0.1835 0.9800 -0.0765
vn -0.0372 0.9953 -0.0889
vn 0.5298 0.8302 -0.1736
vn 0.8723 0.4497 -0.1920
vn 0.7624 0.6210 -0.1818
vn 0.9582 0.2212 -0.1813
vn -0.0462 0.9952 -0.0861
vn 0.8098 0.5570 -0.1842
vn 0.8910 0.4170 -0.1792
vn 0.9557 0.2255 -0.1890
vn 0.9587 0.2212 -0.1786
vn 0.9565 0.2374 -0.1694
vn 0.8766 0.4466 -0.1791
vn 0.8198 0.5377 -0.1970
vn 0.8853 0.4344 -0.1660
vn -0.0382 0.9992 -0.0073
vn 0.5026 0.8581 -0.1055
vn 0.6291 0.7660 -0.1325
vn 0.3095 0.9472 -0.0838
vn 0.9316 -0.3214 -0.1696
vn 0.9660 -0.1661 -0.1979
vn 0.9774 0.0943 -0.1890
vn 0.7551 -0.6408 -0.1385
vn 0.8951 0.3816 -0.2306
vn 0.3155 0.9454 -0.0813
vn 0.1813 0.9815 -0.0619
vn 0.5441 0.8220 -0.1682
vn 0.8792 -0.4391 -0.1849
vn -0.4143 -0.9074 -0.0697
vn 0.6270 -0.5991 -0.4978
vn 0.5752 -0.7824 -0.2387
vn 0.7757 -0.3554 -0.5215
vn 0.6223 -0.7711 -0.1344
vn 0.9611 -0.1964 -0.1943
vn -0.4819 -0.8706 -0.0988
vn 0.9760 -0.1291 -0.1753
vn 0.6937 -0.7029 -0.1572
vn 0.9735 -0.1179 -0.1959
vn 0.9764 -0.1288 -0.1736
vn 0.9821 -0.0957 -0.1620
vn 0.9843 0.0936 -0.1498
vn 0.2723 0.9614 -0.0391
vn -0.1832 0.9829 0.0202
vn -0.8404 0.5298 0.1144
vn -0.2339 0.9711 0.0472
vn 0.9548 0.2674 -0.1300
vn 0.4742 0.8792 -0.0459
vn 0.9906 -0.0049 -0.1366
vn 0.6268 0.7760 -0.0702
vn 0.9777 0.1684 -0.1254
vn 0.9877 -0.0587 -0.1453
vn 0.9907 -0.0224 -0.1345
vn 0.9887 0.0895 -0.1205
vn 0.5050 0.8613 -0.0561
vn 0.9926 -0.0039 -0.1213
vn 0.8634 0.4949 -0.0980
vn 0.3638 0.9310 -0.0304
vn -0.7080 0.7008 0.0871
vn 0.9887 0.1116 -0.1000
vn 0.2599 0.9656 -0.0110
vn 0.5233 0.8520 -0.0143
vn -0.9700 0.2267 0.0878
vn 0.9957 0.0217 -0.0898
vn 0.3285 0.9444 -0.0124
vn -0.7940 0.6075 -0.0207
vn -0.5856 0.8105 -0.0154
vn 0.9971 0.0466 -0.0597
vn 0.6298 0.7762 -0.0292
vn -0.2821 0.9591 0.0236
vn 0.9902 0.1304 -0.0507
vn 0.2623 0.9650 0.0055
vn -0.9534 0.2987 0.0429
vn -0.5099 0.8580 0.0622
vn 0.9912 0.1264 -0.0389
vn 0.6455 0.7632 0.0297
vn 0.9992 -0.0178 -0.0367
vn -0.3313 0.9424 -0.0465
vn 0.9915 0.1213 -0.0472
vn 0.2691 0.9602 -0.0750
vn -0.1211 0.9925 0.0152
vn -0.3507 0.9365 -0.0014
vn 0.9321 0.3595 -0.0450
vn 0.9974 -0.0723 -0.0003
vn 0.6485 0.7591 0.0559
vn 0.9986 -0.0008 0.0525
vn 0.3533 0.9347 0.0386
vn 0.9917 0.1062 0.0726
vn 0.2461 0.9688 0.0306
vn -0.7708 0.6343 -0.0603
vn 0.9949 -0.0863 0.0521
vn 0.0060 1.0000 -0.0044
vn -0.6393 0.7656 -0.0717
vn 0.8161 0.5722 0.0804
vn 0.3203 0.9468 0.0310
vn 0.2805 0.9590 0.0407
vn 0.9658 0.2318 0.1165
vn 0.5285 0.8460 0.0709
vn -0.4007 0.9137 -0.0681
vn 0.9938 -0.0549 0.0965
vn 0.2438 0.9691 0.0364
vn 0.9930 -0.0915 0.0750
vn -0.0522 0.9985 0.0183
vn -0.4283 0.9020 -0.0546
vn 0.9924 -0.1136 0.0470
vn -0.1309 0.9914 -0.0039
vn -0.5309 0.8461 -0.0474
vn -0.7508 0.6443 -0.1451
vn 0.8394 0.5251 0.1398
vn 0.1689 0.9856 0.0068
vn 0.9745 0.1549 0.1625
vn 0.9809 0.1010 0.1665
vn 0.4747 0.8781 0.0603
vn 0.4651 0.8821 0.0753
vn -0.1288 0.7769 0.6163
vn 0.9746 0.1415 0.1736
vn 0.9675 -0.1768 0.1807
vn 0.5130 -0.0272 0.8579
vn 0.9750 -0.1453 0.1683
vn 0.9681 -0.1700 0.1842
vn 0.9801 -0.1159 0.1612
vn 0.9501 -0.1957 0.2430
vn 0.4277 -0.0812 0.9002
vn 0.6015 -0.0738 0.7955
vn 0.9838 -0.0943 0.1524
vn 0.9674 -0.1515 0.2029
vn 0.9862 -0.0938 0.1363
vn 0.9789 -0.1335 0.1545
vn 0.9884 -0.0898 0.1228
vn 0.9717 -0.1588 0.1747
vn 0.9848 -0.1070 0.1369
vn 0.9731 -0.1286 0.1910
vn 0.9749 -0.1327 0.1791
vn 0.9536 0.2499 0.1678
vn 0.8774 0.0319 0.4788
vn 0.9346 0.3222 0.1504
vn 0.9821 0.0201 0.1874
vn 0.8490 0.5187 0.1010
vn 0.9840 0.0321 0.1751
vn 0.8415 -0.0632 -0.5366
vn 0.8399 -0.4109 0.3545
vn 0.9711 -0.1376 0.1952
vn 0.7215 -0.6050 0.3367
vn 0.4976 -0.4920 0.7143
vn 0.3021 -0.8502 0.4312
vn 0.9476 -0.2246 0.2271
vn 0.4313 -0.6310 0.6448
vn 0.8747 -0.2885 0.3894
vn 0.8076 0.0159 0.5895
vn 0.7781 -0.4663 0.4209
vn 0.5658 -0.7542 0.3331
vn 0.8412 -0.4657 0.2747
vn 0.2487 -0.4759 0.8436
vn -0.2597 0.5418 0.7994
vn 0.8890 -0.3601 0.2830
vn -0.2601 -0.8459 0.4656
vn -0.7133 -0.5233 0.4662
vn 0.1940 -0.7781 0.5975
vn 0.0687 -0.8646 0.4978
vn -0.0318 -0.9605 0.2765
vn 0.1265 -0.7647 0.6319
vn 0.4310 0.7757 0.4610
vn 0.1088 -0.1508 0.9826
vn 0.3975 -0.5345 0.7458
vn 0.2214 -0.8472 0.4829
vn 0.1731 -0.5050 0.8456
vn -0.0078 -0.8798 0.4753
vn 0.3349 -0.8429 0.4212
vn 0.0434 -0.9545 0.2952
vn 0.0726 -0.9612 0.2660
vn 0.0376 -0.5889 0.8073
vn 0.0312 -0.9879 0.1518
vn 0.0731 -0.9857 0.1517
vn -0.0622 -0.3064 0.9499
vn 0.0038 -0.9893 0.1456
vn -0.1076 -0.9763 0.1878
vn 0.0395 -0.9914 0.1249
vn -0.2430 -0.9679 0.0644
vn 0.0631 -0.9927 0.1027
vn 0.1579 -0.9751 0.1554
vn 0.5787 -0.7626 0.2891
vn 0.0878 -0.9900 0.1107
vn 0.4898 -0.8493 0.1967
vn 0.1142 -0.9863 0.1187
vn 0.9541 -0.2170 0.2064
vn 0.5224 -0.8350 0.1728
vn 0.9020 -0.3729 0.2177
vn 0.9296 -0.3151 0.1913
vn 0.9175 -0.3512 0.1866
vn 0.9657 -0.1955 0.1712
vn 0.9821 -0.1178 0.1470
vn 0.9433 -0.1553 -0.2933
vn 0.8344 -0.5211 0.1794
vn 0.9846 -0.0512 0.1673
vn 0.9784 -0.1228 0.1663
vn 0.9750 -0.1284 0.1816
vn 0.9798 -0.0952 0.1759
vn 0.9779 -0.1185 0.1724
vn 0.9796 -0.1253 0.1573
vn 0.9832 -0.1033 0.1507
vn 0.9744 -0.1565 0.1613
vn 0.9760 -0.1577 0.1502
vn 0.9819 -0.1260 0.1411
vn 0.9163 -0.3614 0.1726
vn 0.9497 -0.2761 0.1480
vn 0.8569 -0.4886 0.1640
vn 0.9706 -0.1978 0.1370
vn 0.5381 -0.8322 0.1340
vn 0.4454 -0.8886 0.1101
vn 0.3844 -0.9165 0.1105
vn 0.7668 -0.6268 0.1382
vn 0.2644 -0.9588 0.1042
vn 0.0963 -0.9927 0.0720
vn 0.1824 -0.9812 0.0637
vn 0.7549 -0.6462 0.1120
vn 0.0891 -0.9922 0.0868
vn 0.0742 -0.9907 0.1144
vn 0.2120 -0.9651 0.1536
vn -0.0281 -0.9950 0.0961
vn 0.2356 -0.9613 0.1427
vn -0.0778 -0.9912 0.1069
vn 0.0688 -0.9897 0.1258
vn -0.0604 -0.9922 0.1095
vn 0.0579 -0.9931 0.1020
vn -0.0048 -0.9951 0.0988
vn 0.0072 -0.9954 0.0957
vn -0.0136 -0.9949 0.1000
vn -0.0101 -0.9961 0.0879
vn -0.0182 -0.9974 0.0701
vn 0.0317 -0.9927 0.1165
vn -0.1430 -0.9846 0.1008
vn -0.4848 -0.8701 0.0888
vn -0.7251 -0.6869 0.0499
vn -0.9121 -0.4079 0.0419
vn -0.6221 -0.7815 0.0484
vn 0.0020 -0.9998 0.0209
vn 0.7478 -0.6584 0.0855
vn -0.0440 -0.9923 0.1158
vn 0.1759 -0.9793 0.1001
vn 0.4918 -0.8650 0.0993
vn 0.0584 -0.9925 0.1071
vn 0.0373 -0.9939 0.1034
vn 0.2627 -0.9568 0.1242
vn 0.5874 -0.8063 0.0694
vn -0.4305 -0.9016 0.0414
vn 0.0501 -0.9943 0.0946
vn 0.5921 -0.8027 0.0715
vn -0.7641 -0.6364 0.1061
vn 0.4353 -0.8892 0.1410
vn -0.3853 -0.9157 0.1138
vn 0.0871 -0.9915 0.0971
vn -0.1676 -0.9822 0.0850
vn -0.0142 -0.9966 0.0815
vn -0.3195 -0.9447 0.0744
vn 0.0564 -0.9943 0.0906
vn 0.0653 -0.9934 0.0940
vn 0.1113 -0.9900 0.0866
vn 0.0912 -0.9902 0.1060
vn 0.0398 -0.9948 0.0933
vn -0.0084 -0.9934 0.1147
vn 0.0072 -0.9958 0.0917
vn -0.0617 -0.9936 0.0946
vn -0.1437 -0.9855 0.0898
vn 0.0357 -0.9962 0.0788
vn -0.0040 -0.9966 0.0821
vn -0.0178 -0.9968 0.0778
vn -0.3183 -0.9447 0.0789
vn 0.0512 -0.9955 0.0794
vn -0.0616 -0.9951 0.0768
vn -0.0345 -0.9965 0.0760
vn -0.3567 -0.9334 0.0389
vn -0.0587 -0.9959 0.0684
vn 0.0778 -0.9948 0.0664
vn 0.0770 -0.9952 0.0596
vn -0.8723 -0.4863 0.0510
vn 0.0601 -0.9957 0.0702
vn -0.0677 -0.9949 0.0753
vn -0.7830 -0.6175 0.0743
vn 0.0489 -0.9974 0.0532
vn -0.8220 -0.5660 0.0633
vn -0.0117 -0.9989 0.0451
vn 0.0917 -0.9930 0.0751
vn 0.0360 -0.9983 0.0463
vn -0.0494 -0.9980 0.0399
vn 0.0288 -0.9990 0.0355
vn -0.1582 -0.9868 0.0350
vn 0.0501 -0.9978 0.0431
vn 0.1918 -0.9810 0.0290
vn 0.1073 -0.9929 0.0517
vn 0.0503 -0.9982 0.0337
vn 0.0811 -0.9948 0.0611
vn 0.0306 -0.9990 0.0316
vn 0.0296 -0.9971 0.0700
vn 0.0505 -0.9979 0.0396
vn 0.1051 -0.9944 0.0143
vn 0.0065 -0.9992 0.0393
vn -0.0468 -0.9982 0.0366
vn -0.0966 -0.9944 0.0434
vn -0.0286 -0.9984 0.0491
vn 0.0430 -0.9978 0.0504
vn -0.0681 -0.9969 0.0387
vn 0.0166 -0.9996 0.0220
vn -0.0826 -0.9966 0.0074
vn 0.0387 -0.9984 0.0423
vn -0.4988 -0.8653 -0.0499
vn -0.0033 -1.0000 0.0028
vn -0.0649 -0.9978 0.0154
vn 0.0372 -0.9987 0.0350
vn -0.7959 -0.6049 0.0239
vn -0.0200 -0.9995 0.0233
vn -0.1309 -0.9911 0.0221
vn 0.0413 -0.9991 0.0093
vn -0.0503 -0.9987 0.0128
vn 0.0355 -0.9993 0.0096
vn -0.0242 -0.9997 0.0092
vn 0.0192 -0.9998 0.0104
vn 0.0651 -0.9978 0.0136
vn 0.0072 -1.0000 0.0029
vn 0.0408 -0.9991 0.0123
vn -0.0708 -0.9975 0.0016
vn -0.0126 -0.9998 0.0156
vn -0.1756 -0.9845 0.0035
vn -0.0774 -0.9970 -0.0004
vn -0.0342 -0.9993 -0.0145
vn 0.0233 -0.9997 0.0024
vn -0.5815 -0.8135 -0.0057
vn -0.0340 -0.9994 0.0068
vn -0.5443 -0.8389 -0.0011
vn -0.0061 -1.0000 -0.0046
vn 0.0111 -0.9999 -0.0086
vn -0.2112 -0.9774 -0.0086
vn 0.2683 -0.9633 -0.0104
vn 0.0274 -0.9996 -0.0068
vn 0.0792 -0.9969 -0.0024
vn -0.0066 -0.9998 -0.0165
vn 0.0980 -0.9951 -0.0123
vn -0.0067 -1.0000 -0.0040
vn 0.0970 -0.9952 -0.0155
vn 0.0016 -0.9998 -0.0178
vn 0.1034 -0.9943 -0.0249
vn 0.0020 -0.9995 -0.0323
vn 0.3672 -0.9297 -0.0293
vn -0.0077 -0.9994 -0.0345
vn 0.0340 -0.9988 -0.0364
vn 0.3430 -0.9382 -0.0461
vn -0.1375 -0.9900 -0.0319
vn 0.0441 -0.9981 -0.0435
vn -0.3969 -0.9178 -0.0132
vn -0.0003 -0.9994 -0.0333
vn -0.9404 -0.3401 -0.0059
vn -0.8403 -0.5419 -0.0170
vn -0.0245 -0.9997 -0.0070
vn -0.0044 -0.9998 -0.0192
vn 0.0030 -1.0000 -0.0024
vn 0.0475 -0.9986 -0.0229
vn -0.0380 -0.9986 -0.0380
vn -0.2976 -0.9541 -0.0338
vn -0.0432 -0.9987 -0.0276
vn -0.6788 -0.7342 -0.0111
vn -0.0568 -0.9971 -0.0507
vn -0.1093 -0.9935 -0.0315
vn -0.0267 -0.9988 -0.0417
vn -0.0884 -0.9947 -0.0527
vn -0.0084 -0.9990 -0.0447
vn -0.0208 -0.9979 -0.0607
vn -0.0318 -0.9979 -0.0570
vn 0.2192 -0.9741 -0.0548
vn 0.1194 -0.9912 -0.0576
vn 0.6266 -0.7780 -0.0458
vn 0.0440 -0.9976 -0.0532
vn -0.0191 -0.9979 -0.0613
vn 0.0428 -0.9972 -0.0620
vn 0.0498 -0.9976 -0.0485
vn -0.0492 -0.9972 -0.0569
vn -0.2021 -0.9783 -0.0465
vn -0.5687 -0.8219 -0.0320
vn -0.1141 -0.9920 -0.0532
vn -0.2358 -0.9706 -0.0484
vn -0.9131 -0.4078 -0.0047
vn -0.0953 -0.9949 -0.0328
vn 0.0224 -0.9989 -0.0401
vn -0.7967 -0.6044 -0.0018
vn -0.5665 -0.8238 -0.0193
vn 0.0190 -0.9994 -0.0273
vn -0.0040 -0.9999 -0.0164
vn -0.9131 -0.4076 0.0065
vn 0.0313 -0.9988 -0.0372
vn -0.7148 -0.6992 0.0089
vn -0.0743 -0.9972 -0.0077
vn -0.5211 -0.8535 0.0043
vn -0.0643 -0.9979 0.0031
vn 0.0192 -0.9998 -0.0029
vn -0.0118 -0.9999 0.0002
vn 0.0325 -0.9994 -0.0116
vn 0.0402 -0.9992 -0.0031
vn 0.0509 -0.9987 -0.0058
vn -0.3765 -0.9261 0.0235
vn 0.0382 -0.9993 -0.0012
vn 0.3321 -0.9431 -0.0147
vn 0.0499 -0.9987 0.0046
vn 0.6511 -0.7589 -0.0100
vn 0.2870 -0.9579 0.0014
vn 0.0669 -0.9978 -0.0001
vn 0.1112 -0.9937 -0.0118
vn -0.0614 -0.9981 -0.0040
vn 0.2625 -0.9645 -0.0281
vn -0.0357 -0.9994 0.0029
vn 0.0488 -0.9986 -0.0226
vn 0.0878 -0.9959 -0.0226
vn 0.2656 -0.9638 -0.0240
vn 0.3177 -0.9482 -0.0049
vn 0.0704 -0.9966 -0.0433
vn -0.0622 -0.9980 -0.0147
vn -0.1253 -0.9917 -0.0273
vn -0.0538 -0.9985 -0.0061
vn -0.5080 -0.8613 0.0023
vn -0.6221 -0.7829 -0.0003
vn -0.6350 -0.7725 -0.0077
vn -0.3204 -0.9473 -0.0016
vn -0.0261 -0.9997 -0.0028
vn -0.0018 -0.9999 -0.0105
vn -0.4908 -0.8709 0.0250
vn -0.0656 -0.9977 0.0176
vn -0.0400 -0.9992 0.0087
vn 0.0009 -1.0000 0.0005
vn -0.0146 -0.9993 -0.0337
vn -0.5682 -0.8228 -0.0094
vn -0.0408 -0.9987 -0.0290
vn -0.0853 -0.9955 -0.0418
vn -0.1456 -0.9885 -0.0409
vn -0.5745 -0.8183 -0.0162
vn -0.0575 -0.9970 -0.0517
vn -0.4336 -0.9005 -0.0314
vn -0.0978 -0.9940 -0.0491
vn -0.1140 -0.9916 -0.0613
vn 0.0809 -0.9951 -0.0574
vn 0.1133 -0.9919 -0.0574
vn 0.0945 -0.9926 -0.0758
vn -0.0009 -0.9984 -0.0559
vn 0.0041 -0.9977 -0.0671
vn -0.0246 -0.9975 -0.0664
vn -0.1607 -0.9851 -0.0608
vn -0.1092 -0.9884 -0.1056
vn -0.0028 -0.9977 -0.0678
vn -0.3752 -0.9234 -0.0817
vn 0.6704 -0.7403 -0.0496
vn -0.2275 -0.9700 -0.0853
vn 0.0743 -0.9945 -0.0743
vn 0.8366 -0.5442 -0.0628
vn 0.3620 -0.0490 -0.9309
vn 0.1662 -0.9719 -0.1665
vn -0.0338 -0.9831 -0.1800
vn -0.0287 -0.9097 -0.4142
vn -0.0442 -0.9942 -0.0985
vn -0.0064 -0.2822 -0.9593
vn 0.1663 -0.9719 -0.1666
vn 0.2304 0.2725 -0.9342
vn -0.0820 -0.9930 -0.0849
vn 0.8591 -0.2666 -0.4369
vn 0.0485 0.5877 -0.8076
vn -0.4802 -0.4660 -0.7431
vn -0.3631 -0.7147 -0.5979
vn -0.5362 -0.8328 -0.1377
vn -0.0363 -0.6152 -0.7876
vn -0.0257 -0.3865 -0.9219
vn -0.0297 -0.9941 -0.1039
vn -0.0623 -0.1403 -0.9881
vn -0.0577 -0.9939 -0.0939
vn -0.7194 -0.6593 -0.2186
vn -0.2720 -0.9538 -0.1277
vn -0.9161 -0.2386 -0.3223
vn -0.6889 -0.2159 -0.6920
vn -0.5352 -0.8199 -0.2033
vn -0.9148 -0.3397 -0.2184
vn -0.6565 -0.7304 -0.1888
vn -0.9495 -0.1354 -0.2832
vn -0.9475 -0.2189 -0.2329
vn -0.8968 -0.3961 -0.1971
vn -0.9647 -0.1630 -0.2069
vn -0.8705 -0.2604 -0.4176
vn -0.9374 -0.2873 -0.1970
vn -0.9302 -0.3113 -0.1945
vn -0.9680 -0.0951 -0.2324
vn -0.4454 -0.8840 -0.1424
vn -0.9711 -0.0329 -0.2365
vn -0.9688 -0.0858 -0.2326
vn -0.1886 -0.9773 -0.0966
vn -0.9666 0.2470 0.0678
vn -0.0870 -0.9937 -0.0699
vn -0.7058 -0.7067 -0.0489
vn -0.1106 -0.9917 -0.0658
vn -0.1746 -0.9808 -0.0870
vn -0.6512 -0.7447 -0.1459
vn -0.4328 -0.8964 -0.0956
vn -0.9462 -0.2726 -0.1741
vn -0.2236 -0.9724 -0.0671
vn -0.9454 -0.2920 -0.1447
vn -0.9235 -0.3636 -0.1223
vn -0.9678 -0.1922 -0.1626
vn -0.9509 -0.2492 -0.1833
vn -0.9727 -0.1876 -0.1364
vn -0.8827 -0.4448 -0.1515
vn -0.9449 -0.2814 -0.1674
vn -0.8940 -0.4271 -0.1352
vn -0.9788 -0.0764 -0.1902
vn -0.9105 -0.3946 -0.1232
vn -0.9726 -0.1055 -0.2073
vn -0.9558 -0.2687 -0.1194
vn -0.9629 -0.2424 -0.1182
vn -0.9766 -0.1785 -0.1197
vn -0.9833 -0.1615 -0.0833
vn -0.9295 -0.3619 -0.0715
vn -0.9837 -0.0857 -0.1578
vn -0.9656 -0.2423 -0.0940
vn -0.5877 -0.8061 -0.0688
vn -0.9470 -0.3138 -0.0685
vn -0.5385 -0.8413 -0.0472
vn -0.9775 -0.2013 -0.0634
vn -0.9872 -0.1519 -0.0488
vn -0.9742 -0.2185 -0.0564
vn -0.4465 -0.8943 -0.0304
vn -0.9866 -0.1605 -0.0288
vn -0.9206 -0.3888 -0.0356
vn -0.8948 -0.4465 -0.0062
vn -0.9676 -0.2462 -0.0561
vn -0.9791 -0.2009 -0.0318
vn -0.9873 -0.1590 -0.0024
vn -0.2523 -0.9676 -0.0087
vn -0.9744 -0.2240 0.0175
vn -0.0064 -1.0000 -0.0075
vn -0.6840 -0.7290 0.0253
vn -0.1082 -0.9941 0.0057
vn -0.5206 -0.8534 0.0267
vn -0.9663 -0.2523 0.0512
vn -0.9879 -0.1532 0.0257
vn -0.8836 -0.4641 0.0617
vn -0.9809 -0.1936 0.0186
vn -0.3235 -0.9459 0.0237
vn -0.9712 -0.2382 -0.0040
vn -0.9473 -0.3201 0.0156
vn -0.9078 -0.4146 -0.0635
vn -0.9738 -0.2197 0.0583
vn -0.9899 -0.1413 -0.0139
vn -0.9760 -0.2073 0.0667
vn -0.9864 -0.1638 0.0125
vn -0.9720 -0.2296 0.0491
vn -0.9235 -0.3778 0.0661
vn -0.9977 0.0398 0.0540
vn -0.9697 -0.2323 0.0760
vn -0.9734 -0.2131 0.0843
vn -0.9605 -0.2675 0.0773
vn -0.9680 -0.2255 0.1103
vn -0.6997 -0.7101 0.0789
vn -0.4994 -0.8658 0.0318
vn -0.9721 -0.2079 0.1083
vn -0.0743 -0.9972 0.0129
vn -0.7435 -0.6640 0.0794
vn -0.9465 -0.3049 0.1053
vn -0.9416 -0.3180 0.1105
vn -0.9627 -0.2466 0.1114
vn -0.9147 -0.3850 0.1232
vn -0.8702 -0.4796 0.1131
vn -0.9502 -0.2862 0.1236
vn -0.2976 -0.9533 0.0520
vn -0.9925 -0.0238 0.1199
vn -0.9612 -0.2430 0.1303
vn -0.9964 -0.0033 0.0842
vn -0.9928 -0.0842 0.0858
vn -0.9801 -0.1650 0.1107
vn -0.9376 -0.3235 0.1273
vn -0.9687 -0.2118 0.1291
vn -0.4379 -0.8945 0.0899
vn -0.9364 -0.3208 0.1422
vn -0.2195 -0.9741 0.0533
vn -0.3330 -0.9393 0.0831
vn -0.0690 -0.9963 0.0513
vn -0.0197 -0.9994 0.0285
vn -0.0513 -0.9983 0.0260
vn -0.2893 -0.9534 0.0852
vn -0.0147 -0.9998 0.0120
vn -0.9557 -0.2562 0.1446
vn -0.0329 -0.9993 0.0170
vn 0.0138 -0.9999 0.0046
vn -0.0425 -0.9991 0.0048
vn -0.0669 -0.9978 0.0016
vn -0.0510 -0.9987 0.0066
vn -0.3678 -0.9299 0.0043
vn -0.0375 -0.9993 0.0083
vn -0.0162 -0.9997 0.0173
vn 0.0449 -0.9989 0.0133
vn -0.0409 -0.9985 0.0371
vn 0.0813 -0.9966 0.0165
vn 0.0244 -0.9995 0.0220
vn 0.0431 -0.9985 0.0332
vn 0.1642 -0.9864 0.0086
vn 0.0584 -0.9980 0.0242
vn 0.0821 -0.9965 0.0151
vn -0.0751 -0.9967 0.0317
vn -0.9005 -0.4340 0.0267
vn 0.1512 -0.9880 0.0313
vn -0.0618 -0.9977 0.0289
vn -0.0208 -0.9993 0.0322
vn 0.0221 -0.9987 0.0457
vn 0.0693 -0.9973 0.0221
vn 0.0501 -0.9980 0.0383
vn 0.0593 -0.9982 0.0090
vn 0.0358 -0.9990 0.0278
vn -0.1931 -0.9810 0.0180
vn -0.4534 -0.8907 0.0337
vn 0.0367 -0.9986 0.0376
vn -0.0433 -0.9983 0.0401
vn -0.5209 -0.8528 0.0374
vn -0.6262 -0.7779 0.0531
vn 0.0305 -0.9982 0.0524
vn -0.9677 -0.2485 0.0424
vn -0.6679 -0.7415 0.0635
vn -0.9431 -0.3315 0.0271
vn 0.0042 -0.9978 0.0661
vn -0.4792 -0.8698 0.1175
vn 0.0458 -0.9967 0.0676
vn -0.0768 -0.9933 0.0866
vn 0.0285 -0.9963 0.0814
vn -0.1446 -0.9789 0.1447
vn 0.0255 -0.9957 0.0885
vn -0.8770 -0.4503 0.1675
vn -0.0403 -0.9955 0.0863
vn -0.6850 -0.6550 0.3188
vn -0.2450 -0.9671 0.0686
vn -0.4310 -0.9010 0.0499
vn 0.0773 -0.9910 0.1089
vn 0.0594 -0.9952 0.0777
vn 0.3380 -0.9389 0.0641
vn 0.2823 -0.9497 0.1353
vn 0.1002 -0.9912 0.0863
vn 0.0448 -0.9953 0.0859
vn -0.6218 -0.7807 0.0622
vn 0.5080 -0.8579 0.0771
vn -0.8143 -0.5777 0.0559
vn 0.2404 -0.9701 0.0327
vn -0.6731 -0.7383 0.0424
vn 0.1228 -0.9893 0.0793
vn -0.1088 -0.9913 0.0735
vn -0.1380 -0.9868 0.0845
vn 0.0228 -0.9952 0.0950
vn 0.0216 -0.9960 0.0865
vn -0.0013 -0.9956 0.0935
vn -0.0367 -0.9947 0.0964
vn -0.0232 -0.9939 0.1079
vn -0.0525 -0.9935 0.1008
vn -0.0210 -0.9832 0.1812
vn 0.0164 -0.9945 0.1031
vn -0.0180 -0.9746 0.2233
vn -0.0005 -0.9812 0.1928
vn -0.0263 -0.8735 0.4862
vn -0.0042 -0.2710 0.9626
vn 0.0517 -0.4673 0.8826
vn 0.1050 -0.4173 0.9027
vn -0.0860 -0.8423 0.5320
vn 0.1006 -0.2712 0.9572
vn 0.2219 -0.8057 0.5492
vn -0.0995 -0.1242 0.9872
vn -0.2717 -0.9174 0.2908
vn -0.0810 -0.9879 0.1320
vn -0.8894 -0.2604 0.3758
vn -0.0014 -0.9954 0.0960
vn -0.0377 -0.9941 0.1013
vn -0.7248 -0.6556 0.2118
vn -0.3643 -0.9191 0.1500
vn -0.0920 -0.9892 0.1139
vn -0.2778 -0.9511 0.1353
vn -0.9217 -0.3394 0.1880
vn -0.9584 -0.2126 0.1907
vn -0.9213 -0.3455 0.1786
vn -0.9568 -0.2140 0.1969
vn -0.3450 -0.9284 0.1380
vn -0.9570 -0.1819 0.2259
vn -0.7532 -0.6346 0.1731
vn -0.8784 -0.1680 0.4474
vn -0.0841 -0.0023 0.9965
vn -0.3412 -0.0913 0.9356
vn -0.9576 -0.1934 0.2134
vn -0.8995 -0.2481 0.3597
vn -0.8377 -0.1909 0.5116
vn -0.2269 -0.0458 0.9728
vn -0.5054 0.0401 0.8619
vn -0.9648 -0.1372 0.2242
vn -0.7481 0.5838 0.3156
vn -0.9566 -0.2121 0.1998
vn -0.9220 0.3362 0.1923
vn -0.9793 -0.0695 0.1901
vn -0.9314 0.3151 0.1824
vn -0.9618 -0.1846 0.2021
vn -0.7684 0.6262 0.1321
vn -0.0762 0.9970 -0.0096
vn -0.9564 0.2307 0.1791
vn -0.9748 -0.1139 0.1920
vn -0.8650 0.4769 0.1561
vn -0.9571 -0.2194 0.1894
vn -0.6605 0.7425 0.1111
vn -0.0446 0.9990 0.0022
vn -0.9695 -0.1635 0.1827
vn -0.9810 -0.0544 0.1860
vn -0.5737 0.8146 0.0853
vn -0.9851 -0.0287 0.1693
vn -0.9870 -0.0503 0.1528
vn -0.9684 -0.1847 0.1674
vn -0.9889 -0.0757 0.1281
vn -0.9712 -0.1859 0.1491
vn -0.9627 -0.1987 0.1839
vn -0.6340 0.7688 0.0842
vn -0.0142 0.9999 0.0024
vn -0.0177 0.9998 0.0032
vn -0.4972 0.8657 0.0576
vn 0.1554 0.9878 -0.0037
vn 0.3102 0.9506 -0.0117
vn 0.1428 0.9898 0.0003
vn -0.9935 -0.0264 0.1103
vn -0.6038 0.7952 0.0561
vn -0.9882 0.1231 0.0912
vn -0.2624 0.9646 0.0249
vn -0.9952 -0.0627 0.0753
vn -0.5631 0.8252 0.0439
vn -0.9964 0.0556 0.0646
vn -0.4328 0.9006 0.0401
vn -0.9947 0.0911 0.0479
vn -0.0174 0.9997 0.0142
vn -0.0429 0.9990 0.0117
vn -0.1053 0.9944 -0.0028
vn -0.8631 0.5047 0.0196
vn -0.2499 0.9683 0.0032
vn -0.1531 0.9882 0.0069
vn -0.3399 0.9401 0.0249
vn 0.8453 0.5341 -0.0110
vn -0.9849 0.1728 -0.0086
vn -0.7596 0.6502 0.0185
vn -0.9935 -0.1082 0.0339
vn -0.9954 0.0949 -0.0097
vn -0.3834 0.9236 -0.0014
vn 0.2737 0.9617 0.0165
vn -0.9987 -0.0499 -0.0040
vn -0.9978 -0.0604 -0.0273
vn -0.8801 0.4733 -0.0379
vn 0.5186 0.8544 0.0327
vn -0.9989 -0.0464 0.0083
vn -0.5414 0.8405 -0.0198
vn 0.5434 0.8386 0.0397
vn 0.6027 0.7959 0.0568
vn -0.9980 -0.0415 -0.0469
vn -0.8966 0.4397 -0.0524
vn -0.2381 0.9712 0.0062
vn 0.8162 0.5694 0.0974
vn -0.4551 0.8901 -0.0255
vn -0.9953 -0.0199 -0.0953
vn -0.5427 0.8391 -0.0378
vn 0.9364 0.3315 0.1150
vn -0.9964 -0.0379 -0.0757
vn -0.0017 0.9998 0.0187
vn 0.8552 0.5075 0.1055
vn -0.6908 0.7198 -0.0679
vn 0.9336 0.3378 0.1192
vn 0.6899 0.7149 0.1133
vn -0.9934 -0.0276 -0.1114
vn -0.5279 0.8478 -0.0509
vn 0.4515 0.8887 0.0795
vn -0.9908 -0.0432 -0.1279
vn -0.9936 -0.0312 -0.1087
vn -0.9856 -0.0828 -0.1478
vn -0.4007 0.9155 -0.0354
vn 0.4561 0.8859 0.0848
vn 0.1887 0.9807 0.0507
vn -0.4320 0.9008 -0.0447
vn 0.4375 0.8950 0.0877
vn -0.9852 -0.0909 -0.1454
vn -0.3410 0.9394 -0.0343
vn 0.3251 0.9411 0.0928
vn -0.9835 -0.0815 -0.1618
vn -0.3741 0.9269 -0.0292
vn 0.0332 0.5644 0.8249
vn -0.2217 0.9522 -0.2101
vn -0.3993 0.5815 -0.7088
vn -0.0469 0.1826 -0.9821
vn -0.6781 -0.0911 -0.7293
vn -0.7715 -0.1654 -0.6144
vn -0.9630 -0.1909 -0.1901
vn -0.4121 -0.1226 -0.9029
vn -0.9807 -0.1154 -0.1579
vn -0.8887 -0.1819 -0.4209
vn -0.0114 -0.0083 -0.9999
vn -0.0353 -0.0570 -0.9978
vn -0.9705 -0.1587 -0.1813
vn -0.9756 -0.0980 -0.1965
vn -0.9803 -0.1029 -0.1684
vn -0.6937 0.7049 -0.1479
vn -0.9778 -0.1049 -0.1812
vn -0.9259 0.3347 -0.1751
vn -0.9881 -0.0577 -0.1427
vn -0.6517 0.7462 -0.1357
vn -0.9178 0.3524 -0.1830
vn -0.0819 0.9965 -0.0178
vn -0.9842 -0.0331 -0.1742
vn -0.2604 0.9642 -0.0500
vn -0.9874 0.0359 -0.1542
vn -0.1029 0.9945 -0.0220
vn -0.5632 0.8181 -0.1163
vn -0.4523 0.8862 -0.1004
vn -0.9911 0.0396 -0.1271
vn -0.7417 0.6626 -0.1042
vn -0.9921 -0.0128 -0.1247
vn -0.6796 0.7301 -0.0720
vn -0.9956 -0.0107 -0.0936
vn -0.9844 0.1439 -0.1007
vn -0.4761 0.8785 -0.0392
vn -0.9737 0.2218 -0.0526
vn -0.9951 0.0591 -0.0787
vn -0.9994 -0.0276 -0.0214
vn -0.9759 0.2120 -0.0516
vn -0.2077 0.9781 0.0132
vn -0.9979 -0.0199 -0.0623
vn -0.9970 0.0775 -0.0062
vn 0.6558 0.7524 0.0621
vn -0.9966 -0.0357 -0.0740
vn -0.4753 0.8731 -0.1088
vn 0.5633 0.8262 -0.0112
vn -0.9990 -0.0143 -0.0424
vn -0.6502 0.7596 0.0183
vn 0.5405 0.8401 -0.0462
vn -0.9992 -0.0270 -0.0290
vn -0.9986 0.0396 -0.0360
vn -0.4451 0.8953 -0.0153
vn -0.1152 0.9930 -0.0260
vn -0.0950 0.9954 -0.0089
vn -0.9980 -0.0575 -0.0252
vn -0.9871 0.1603 -0.0065
vn -0.9995 0.0277 -0.0178
vn -0.9774 -0.2099 -0.0260
vn -0.9858 0.1675 0.0139
vn -0.9550 0.2966 0.0082
vn -0.9851 0.1697 0.0275
vn -0.9980 -0.0632 -0.0020
vn -0.9949 -0.0876 0.0509
vn -0.9953 -0.0941 0.0241
vn -0.9986 -0.0482 -0.0212
vn -0.9998 0.0199 0.0084
vn -0.9980 -0.0522 0.0368
vn -0.9889 -0.1355 0.0610
vn -0.9903 0.1257 0.0595
vn -0.9894 -0.1203 0.0808
vn -0.9818 -0.1662 0.0923
vn -0.9739 0.2096 0.0867
vn -0.7782 0.6274 0.0285
vn -0.9759 -0.1864 0.1137
vn -0.8459 0.5278 0.0769
vn -0.9681 -0.2168 0.1256
vn -0.9751 0.2047 0.0850
vn -0.9547 0.2732 0.1182
vn -0.8877 0.4603 -0.0088
vn -0.2708 -0.9623 0.0239
vn -0.3433 -0.9392 0.0089
vn -0.8236 -0.5458 0.1546
vn -0.8455 -0.5315 0.0522
vn -0.5514 -0.8325 0.0536
vn -0.7519 -0.6581 0.0404
vn -0.8998 -0.4258 0.0950
vn -0.8890 -0.4500 0.0849
vn -0.9851 -0.1446 0.0928
vn -0.6402 -0.7674 0.0353
vn -0.9898 -0.1224 0.0736
vn -0.9736 -0.1961 0.1170
vn -0.9870 -0.1331 0.0906
vn -0.9856 -0.1596 0.0552
vn -0.4075 -0.9113 0.0587
vn -0.9915 -0.1153 0.0604
vn -0.9806 -0.1632 0.1087
vn -0.9932 -0.1093 0.0407
vn -0.9891 -0.1427 0.0367
vn -0.9960 -0.0891 0.0046
vn -0.9067 -0.4197 0.0416
vn -0.9238 -0.3821 0.0228
vn -0.3869 -0.9221 0.0063
vn -0.0412 -0.9991 0.0066
vn -0.6284 -0.7777 0.0180
vn -0.9662 0.2566 0.0256
vn -0.2355 -0.9718 -0.0114
vn -0.8398 -0.5429 -0.0070
vn -0.8807 0.4735 0.0131
vn -0.1519 -0.9884 0.0093
vn -0.9959 -0.0862 -0.0291
vn -0.6861 0.7272 -0.0208
vn -0.6211 -0.7837 -0.0102
vn -0.9964 -0.0724 -0.0442
vn -0.8190 -0.5733 -0.0222
vn -0.6697 -0.7422 -0.0231
vn -0.9628 0.2700 -0.0121
vn -0.9731 0.2296 -0.0182
vn -0.9785 -0.2045 -0.0281
vn -0.9979 -0.0548 -0.0335
vn -0.6643 -0.7468 -0.0306
vn -0.4442 0.8959 -0.0014
vn -0.1815 -0.9833 -0.0128
vn -0.9311 -0.3631 -0.0352
vn -0.9961 -0.0674 -0.0568
vn -0.1551 -0.9879 -0.0025
vn -0.8180 -0.5735 -0.0458
vn -0.9799 0.1992 0.0124
vn -0.3840 -0.9229 -0.0266
vn -0.8732 -0.4857 -0.0407
vn -0.5593 0.8290 -0.0075
vn -0.9954 0.0774 -0.0563
vn -0.9919 -0.1049 -0.0711
vn -0.9924 -0.1077 -0.0591
vn -0.8313 0.5558 0.0051
vn -0.7804 0.6162 -0.1062
vn -0.2828 -0.9587 -0.0289
vn 0.1413 0.0433 0.9890
vn -0.1032 0.9946 0.0066
vn 0.2300 0.9687 0.0939
vn 0.2656 0.0631 0.9620
vn 0.6168 0.7692 0.1670
vn 0.2714 -0.0688 0.9600
vn 0.9721 0.1128 0.2057
vn 0.3886 0.9198 0.0540
vn -0.1031 0.9946 0.0066
vn 0.6620 -0.7384 0.1282
vn 0.2300 0.9686 0.0939
vn 0.2630 -0.9626 0.0651
vn 0.2990 -0.9521 0.0648
vn -0.1308 0.9909 -0.0318
vn 0.9815 0.1178 0.1506
vn 0.9264 0.3435 0.1545
vn -0.0817 0.9965 -0.0192
vn -0.2141 0.9760 -0.0392
vn 0.9288 0.3342 0.1605
vn 0.9067 0.3812 0.1806
vn 0.2331 0.9621 0.1414
vn 0.0559 0.9982 0.0212
vn 0.0139 0.0571 0.9983
vn 0.5779 0.8117 0.0852
vn 0.9743 0.1441 0.1728
vn 0.9799 0.0935 0.1762
vn 0.0138 0.0569 0.9983
vn 0.9785 0.1112 0.1737
vn 0.9796 0.1013 0.1737
vn 0.4282 -0.8992 0.0896
vn 0.3826 -0.9206 0.0782
vn 0.4487 -0.8895 0.0865
vn -0.0359 -0.2378 -0.9706
vn -0.0081 -0.2713 -0.9625
vn -0.2066 -0.8200 -0.5338
vn -0.0379 0.3909 -0.9197
vn -0.1713 -0.3205 -0.9316
vn 0.0178 -0.1022 -0.9946
vn 0.0610 -0.6427 -0.7637
vn 0.0125 0.6636 -0.7480
vn 0.1365 -0.9833 -0.1204
vn 0.0027 -0.1615 -0.9869
vn 0.0121 -0.9974 -0.0708
vn 0.0556 -0.8766 -0.4781
vn 0.3803 -0.9193 -0.1009
vn 0.0282 -0.9949 -0.0971
vn 0.0386 -0.9966 -0.0731
vn 0.3847 -0.9090 -0.1605
vn 0.0493 -0.9967 -0.0640
vn 0.3134 -0.9479 -0.0575
vn 0.0024 -0.9982 -0.0606
vn 0.0502 -0.9969 -0.0608
vn 0.0389 -0.9972 -0.0639
vn 0.3113 -0.9493 -0.0443
vn 0.0689 -0.9962 -0.0532
vn 0.1367 -0.9887 -0.0623
vn -0.0313 -0.9981 -0.0537
vn 0.0462 -0.9978 -0.0477
vn -0.0017 -0.9987 -0.0510
vn 0.4230 -0.9054 -0.0365
vn 0.0487 -0.9980 -0.0404
vn 0.0974 -0.9944 -0.0415
vn 0.3842 -0.9224 -0.0390
vn 0.0026 -0.9991 -0.0434
vn 0.2697 -0.9620 -0.0418
vn 0.0100 -0.9994 -0.0323
vn -0.0043 -0.9992 -0.0409
vn 0.2433 -0.9698 -0.0177
vn -0.0284 -0.9988 -0.0395
vn 0.0888 -0.9958 -0.0237
vn 0.0051 -0.9985 -0.0544
vn -0.1044 -0.9935 -0.0461
vn -0.0069 -0.9993 -0.0356
vn 0.0247 -0.9988 -0.0431
vn 0.0107 -0.9989 -0.0462
vn 0.1830 -0.9782 -0.0985
vn -0.0161 -0.9995 -0.0267
vn 0.0036 -0.9996 -0.0275
vn 0.0334 -0.9994 -0.0131
vn 0.2334 -0.9724 -0.0020
vn 0.1625 -0.9866 -0.0112
vn -0.0363 -0.9993 -0.0128
vn 0.0745 -0.9972 -0.0058
vn -0.0646 -0.9979 -0.0062
vn 0.0302 -0.9995 -0.0076
vn 0.1788 -0.9839 -0.0033
vn 0.0276 -0.9996 -0.0051
vn 0.0971 -0.9952 -0.0090
vn -0.4370 -0.8992 -0.0207
vn -0.0982 -0.9952 0.0012
vn -0.5039 -0.8632 -0.0298
vn -0.7905 -0.6122 -0.0176
vn -0.0337 -0.9991 -0.0255
vn -0.0160 -0.9998 -0.0123
vn -0.9738 -0.2223 -0.0472
vn 0.0614 -0.9979 -0.0214
vn -0.0472 -0.9985 -0.0276
vn -0.6439 -0.7634 -0.0512
vn 0.0152 -0.9987 -0.0477
vn -0.3572 -0.8845 -0.3000
vn 0.0119 -0.9997 -0.0221
vn -0.0700 -0.9975 -0.0019
vn -0.1682 -0.9857 0.0035
vn 0.0184 -0.9997 0.0152
vn 0.0631 -0.9980 0.0076
vn -0.1779 -0.9834 0.0366
vn 0.0364 -0.9993 -0.0053
vn 0.0314 -0.9995 -0.0099
vn 0.0310 -0.9994 -0.0141
vn 0.0736 -0.9973 -0.0055
vn 0.0051 -0.9993 -0.0380
vn 0.0108 -0.9998 -0.0155
vn -0.0339 -0.9994 -0.0011
vn 0.0120 -0.9999 0.0094
vn 0.0312 -0.9995 -0.0020
vn 0.1782 -0.9839 0.0149
vn 0.0554 -0.9985 0.0023
vn 0.0461 -0.9989 -0.0029
vn -0.0248 -0.9996 -0.0106
vn -0.0182 -0.9998 0.0077
vn 0.0406 -0.9991 0.0072
vn -0.0198 -0.9998 0.0003
vn -0.1919 -0.9814 0.0007
vn -0.4627 -0.8863 -0.0203
vn -0.2999 -0.9536 -0.0277
vn -0.1298 -0.9861 0.1041
vn -0.7091 -0.7039 0.0427
vn -0.0031 -1.0000 0.0001
vn 0.0056 -0.9998 0.0171
vn 0.0517 -0.9984 0.0235
vn -0.0080 -1.0000 0.0022
vn 0.0398 -0.9992 -0.0095
vn -0.3894 -0.9211 -0.0023
vn 0.0290 -0.9996 0.0072
vn -0.0269 -0.9996 0.0086
vn -0.3407 -0.9401 0.0120
vn 0.0219 -0.9997 0.0081
vn 0.0667 -0.9977 0.0092
vn 0.0014 -0.9998 0.0216
vn 0.0452 -0.9988 0.0190
vn -0.1551 -0.9875 0.0290
vn 0.3472 -0.9378 0.0092
vn -0.7263 -0.6874 -0.0017
vn 0.1346 -0.9908 0.0166
vn -0.0154 -0.9996 0.0228
vn -0.9642 -0.2636 -0.0292
vn -0.6279 -0.7782 -0.0127
vn -0.0287 -0.9996 0.0060
vn -0.2336 -0.9723 -0.0112
vn -0.0263 -0.9994 0.0230
vn -0.2117 -0.9766 0.0381
vn 0.0879 -0.9955 0.0365
vn -0.0066 -0.9991 0.0413
vn 0.1228 -0.9921 0.0240
vn 0.2057 -0.9782 0.0276
vn 0.0541 -0.9982 0.0245
vn 0.0944 -0.9946 0.0422
vn 0.0652 -0.9972 0.0375
vn -0.7462 -0.6649 0.0332
vn -0.5607 -0.8231 0.0899
vn -0.3367 -0.9411 0.0301
vn -0.0250 -0.9987 0.0437
vn -0.0366 -0.9987 0.0346
vn -0.0305 -0.9991 0.0303
vn -0.3348 -0.9419 0.0279
vn -0.2836 -0.9589 0.0140
vn 0.0115 -0.9986 0.0523
vn -0.0101 -0.9996 0.0264
vn -0.1033 -0.9936 0.0467
vn 0.1200 -0.9915 0.0505
vn 0.0792 -0.9958 0.0467
vn 0.0843 -0.9954 0.0464
vn 0.2964 -0.9518 0.0793
vn 0.2156 -0.9742 0.0667
vn 0.7632 -0.6341 0.1245
vn 0.5153 -0.8516 0.0956
vn 0.9643 -0.2325 0.1268
vn 0.8243 -0.5560 0.1069
vn 0.5599 -0.8257 0.0684
vn 0.9755 -0.1926 0.1063
vn 0.9805 -0.1539 0.1220
vn 0.9590 -0.2631 0.1058
vn 0.3406 -0.9390 0.0480
vn 0.0733 -0.9971 0.0210
vn 0.8789 -0.4689 0.0878
vn 0.9832 -0.1640 0.0799
vn 0.0253 -0.9997 0.0010
vn 0.5562 -0.8293 0.0545
vn 0.1144 -0.9933 0.0139
vn 0.9671 -0.2439 0.0725
vn 0.8503 -0.5236 0.0531
vn 0.0274 -0.9996 -0.0003
vn 0.9849 -0.1610 0.0637
vn 0.2891 -0.9572 0.0157
vn 0.9915 -0.1281 0.0234
vn 0.8755 -0.4827 0.0219
vn 0.3290 -0.9443 0.0007
vn 0.0139 -0.9999 -0.0019
vn -0.0055 -0.9999 -0.0129
vn 0.0661 -0.9975 -0.0240
vn 0.7164 -0.6969 -0.0319
vn 0.0057 -0.9999 -0.0131
vn 0.0314 -0.9994 -0.0142
vn 0.3035 -0.9528 -0.0010
vn 0.3537 -0.9347 -0.0357
vn 0.3288 -0.9430 -0.0513
vn 0.9394 -0.3354 -0.0717
vn 0.6302 -0.7708 -0.0934
vn 0.9799 -0.1932 -0.0487
vn 0.4655 -0.8800 -0.0940
vn 0.9943 -0.1067 -0.0008
vn 0.9938 -0.0984 -0.0511
vn 0.9917 -0.0889 -0.0930
vn 0.9721 -0.1963 -0.1281
vn 0.4874 -0.8667 -0.1063
vn 0.5749 -0.8041 -0.1513
vn 0.9706 -0.1710 -0.1695
vn 0.9869 -0.0535 -0.1525
vn 0.9744 -0.1168 -0.1923
vn 0.9735 -0.1152 -0.1977
vn 0.8702 -0.4416 -0.2186
vn 0.9441 -0.2366 -0.2296
vn 0.9668 -0.1473 -0.2090
vn 0.9769 -0.1004 -0.1889
vn 0.9638 -0.1596 -0.2134
vn 0.8917 -0.2660 -0.3663
vn 0.3290 -0.2089 -0.9209
vn 0.2790 -0.1583 -0.9471
vn 0.9289 -0.1943 -0.3153
vn 0.2992 -0.1088 -0.9479
vn 0.9389 0.2331 -0.2534
vn 0.1610 0.9133 -0.3741
vn 0.9813 -0.0352 -0.1893
vn 0.8357 0.5263 -0.1566
vn 0.9845 0.0397 -0.1706
vn 0.9495 -0.2597 -0.1760
vn 0.6573 0.7444 -0.1177
vn -0.0412 -0.9988 0.0279
vn 0.8574 -0.4838 -0.1754
vn 0.5087 -0.8553 -0.0980
vn 0.5501 -0.8226 -0.1438
vn 0.8786 -0.4425 -0.1794
vn 0.0843 -0.9859 -0.1444
vn 0.3462 -0.9336 -0.0926
vn 0.7421 -0.6601 -0.1165
vn 0.6016 -0.7927 -0.0984
vn 0.8810 0.4500 -0.1459
vn 0.5334 -0.8419 -0.0812
vn 0.9254 -0.3562 -0.1297
vn 0.5740 0.8125 -0.1017
vn 0.8439 -0.5230 -0.1195
vn 0.9880 0.0609 -0.1420
vn 0.9868 -0.0353 -0.1583
vn 0.9921 -0.0044 -0.1255
vn 0.5900 0.8037 -0.0774
vn 0.9950 -0.0477 -0.0882
vn 0.9774 0.1740 -0.1198
vn 0.9930 0.0576 -0.1031
vn 0.5036 -0.8611 -0.0699
vn 0.9385 0.3222 -0.1244
vn 0.8759 0.4724 -0.0982
vn 0.9583 -0.2657 -0.1056
vn 0.8739 -0.4746 -0.1048
vn 0.9922 -0.0149 -0.1240
vn 0.9946 -0.0097 -0.1034
vn 0.7585 -0.6466 -0.0814
vn 0.9236 -0.3705 -0.0986
vn 0.9005 0.4277 -0.0785
vn 0.8591 -0.5085 -0.0582
vn 0.7644 -0.6422 -0.0576
vn 0.9936 -0.0839 -0.0751
vn 0.9978 0.0185 -0.0632
vn 0.9979 0.0020 -0.0650
vn 0.9064 0.4169 -0.0685
vn 0.9712 -0.2371 -0.0227
vn 0.9980 -0.0353 -0.0515
vn 0.8611 -0.5059 -0.0510
vn 0.6857 0.7276 -0.0178
vn 0.9451 0.3237 -0.0448
vn 0.8744 -0.4774 -0.0873
vn 0.7641 -0.6445 -0.0272
vn 0.9986 -0.0267 -0.0463
vn 0.9712 -0.2357 -0.0345
vn 0.9986 0.0092 -0.0515
vn 0.8719 0.4876 -0.0439
vn 0.8478 -0.5280 -0.0505
vn 0.9702 -0.2327 -0.0678
vn 0.9039 -0.4273 -0.0199
vn 0.9547 0.2971 -0.0165
vn 0.9969 -0.0732 -0.0301
vn 0.8572 -0.5125 0.0509
vn 0.9995 -0.0288 -0.0157
vn 0.7279 -0.6852 -0.0263
vn 0.9969 -0.0773 -0.0168
vn 0.9160 -0.4009 -0.0149
vn 0.9923 -0.1215 0.0251
vn 0.8854 -0.4644 -0.0193
vn 0.9257 -0.3777 0.0212
vn 0.8459 -0.5334 -0.0046
vn 0.7261 0.6873 -0.0173
vn 0.9511 0.3089 0.0056
vn 0.9970 0.0744 -0.0206
vn 0.9994 -0.0354 0.0030
vn 0.9992 -0.0396 0.0014
vn 0.9828 0.1847 -0.0033
vn 0.8875 0.4598 -0.0324
vn 0.9992 -0.0376 -0.0117
vn 0.9974 -0.0705 0.0133
vn 0.9975 -0.0677 -0.0186
vn 0.9968 -0.0723 -0.0339
vn 0.9973 -0.0730 0.0117
vn 0.9925 -0.1137 0.0455
vn 0.9936 -0.1002 0.0516
vn 0.9874 -0.1343 0.0843
vn 0.9963 -0.0655 0.0552
vn 0.9992 0.0220 0.0321
vn 0.9214 0.3836 0.0616
vn 0.9844 0.1755 0.0129
vn 0.6546 -0.7553 0.0324
vn 0.7541 0.6568 0.0072
vn 0.9161 -0.3996 0.0323
vn 0.9355 -0.3517 0.0333
vn 0.9408 0.3384 0.0185
vn 0.9488 -0.3146 0.0286
vn 0.9768 0.2104 0.0401
vn 0.9940 -0.0923 0.0593
vn 0.9564 0.2877 0.0498
vn 0.9957 -0.0761 0.0529
vn 0.9940 -0.0827 0.0720
vn 0.8218 -0.5670 0.0559
vn 0.9318 -0.3565 0.0689
vn 0.9952 -0.0270 0.0945
vn 0.9930 -0.0839 0.0830
vn 0.9833 -0.1654 0.0754
vn 0.9964 0.0410 0.0743
vn 0.9931 -0.0825 0.0829
vn 0.9915 -0.0930 0.0914
vn 0.9891 -0.1087 0.0994
vn 0.9927 -0.0727 0.0958
vn 0.9931 -0.0634 0.0987
vn 0.9943 -0.0110 0.1064
vn 0.9944 -0.0471 0.0942
vn 0.9811 -0.1683 0.0952
vn 0.9894 -0.0978 0.1069
vn 0.9895 0.0102 0.1445
vn 0.9872 -0.0942 0.1288
vn 0.9880 -0.0848 0.1295
vn 0.9850 -0.1139 0.1294
vn 0.9876 -0.0776 0.1365
vn 0.9910 -0.0498 0.1244
vn 0.9864 0.0571 0.1543
vn 0.9629 -0.2173 0.1601
vn 0.9800 -0.1507 0.1296
vn 0.5974 -0.7963 0.0946
vn 0.8238 -0.5668 -0.0087
vn 0.6184 -0.7556 0.2158
vn 0.8723 0.4846 0.0658
vn 0.9944 -0.0209 0.1034
vn -0.0358 -0.2379 -0.9706
vn -0.0777 -0.9940 -0.0770
vn -0.6935 -0.7134 -0.1005
vn -0.6170 -0.7854 -0.0492
vn -0.0012 -0.9979 -0.0651
vn -0.0127 -0.5618 -0.8271
vn -0.0512 -0.9971 -0.0571
vn -0.1961 -0.9794 -0.0477
vn -0.0203 -0.9987 -0.0459
vn -0.0144 -0.9985 -0.0521
vn -0.8930 -0.4479 -0.0442
vn -0.3123 -0.9492 -0.0386
vn -0.0367 -0.9986 -0.0391
vn -0.7044 -0.7094 -0.0255
vn -0.3652 -0.9303 -0.0333
vn -0.0695 -0.9972 -0.0284
vn -0.7689 -0.6386 -0.0312
vn -0.3590 -0.9333 -0.0098
vn -0.0246 -0.9996 -0.0108
vn 0.0149 -0.9994 -0.0312
vn 0.0133 -0.9988 -0.0462
vn -0.4076 -0.9131 -0.0039
vn -0.0727 -0.9973 -0.0078
vn -0.1172 -0.9930 -0.0108
vn 0.0110 -0.9999 -0.0072
vn -0.0029 -0.9999 -0.0099
vn -0.2027 -0.9792 -0.0028
vn 0.0253 -0.9996 -0.0107
vn -0.0211 -0.9998 0.0035
vn -0.0514 -0.9986 0.0117
vn -0.0029 -1.0000 0.0083
vn 0.0274 -0.9996 0.0036
vn 0.0384 -0.9992 -0.0134
vn 0.5368 -0.8437 -0.0064
vn 0.0590 -0.9982 0.0052
vn 0.7943 -0.6071 -0.0243
vn 0.6097 -0.7926 -0.0081
vn 0.4571 -0.8894 -0.0082
vn 0.6172 -0.7864 -0.0256
vn 0.7172 -0.6960 -0.0341
vn 0.3944 -0.9181 -0.0388
vn 0.4712 -0.8804 -0.0535
vn 0.5804 -0.8124 -0.0560
vn 0.0467 -0.9973 -0.0575
vn -0.0937 -0.9945 -0.0469
vn 0.5403 -0.8394 -0.0593
vn -0.3202 -0.9460 -0.0496
vn 0.5876 -0.8062 -0.0690
vn -0.0458 -0.9972 -0.0598
vn -0.4649 -0.8833 -0.0604
vn -0.4520 -0.8892 -0.0710
vn -0.0082 -0.9984 -0.0557
vn -0.0520 -0.9963 -0.0690
vn 0.0333 -0.9961 -0.0823
vn 0.0655 -0.7198 -0.6911
vn -0.0518 -0.8029 -0.5938
vn -0.0870 -0.9176 -0.3878
vn 0.0868 -0.9923 0.0887
vn 0.5273 -0.8494 0.0208
vn 0.0435 -0.9966 0.0703
vn -0.4419 -0.8968 0.0226
vn 0.0215 -0.9978 0.0628
vn 0.5258 -0.8444 0.1023
vn -0.9273 -0.3739 0.0167
vn 0.6603 -0.7457 0.0893
vn 0.3126 -0.9466 0.0790
vn 0.7591 -0.6485 0.0563
vn -0.4216 -0.9025 0.0885
vn -0.6350 -0.7708 0.0515
vn -0.0553 -0.9941 0.0930
vn -0.8880 -0.4594 0.0220
vn -0.0117 -0.9947 0.1022
vn -0.2041 -0.9752 0.0856
vn -0.0589 -0.9961 0.0652
vn -0.7207 -0.6908 0.0578
vn -0.8937 -0.4443 0.0623
vn 0.8309 -0.5528 0.0633
vn 0.2330 -0.9688 0.0844
vn 0.3496 -0.9350 0.0593
vn 0.0372 -0.9968 0.0714
vn 0.8150 -0.5776 0.0458
vn -0.7495 -0.6611 0.0344
vn -0.4598 -0.8869 0.0441
vn -0.4055 -0.9129 0.0465
vn 0.9323 -0.3579 0.0522
vn -0.0405 -0.9978 0.0523
vn -0.8986 -0.4306 0.0844
vn -0.3022 -0.9511 0.0643
vn 0.7067 -0.7024 0.0849
vn -0.4380 -0.8989 -0.0099
vn 0.2638 -0.9629 0.0562
vn 0.0140 -0.9977 0.0657
vn 0.3337 -0.9369 0.1041
vn 0.0223 -0.9985 0.0492
vn -0.3788 -0.9238 0.0561
vn 0.5092 -0.8576 0.0724
vn 0.0517 -0.9970 0.0578
vn 0.2397 -0.9705 0.0273
vn 0.6693 -0.7420 0.0373
vn -0.5246 -0.8486 0.0680
vn 0.8273 -0.5615 0.0135
vn 0.2298 -0.9723 0.0431
vn -0.2871 -0.9569 0.0430
vn 0.0216 -0.9991 0.0370
vn -0.0343 -0.9980 0.0525
vn 0.0172 -0.9990 0.0419
vn -0.0310 -0.9983 0.0501
vn -0.0216 -0.9987 0.0454
vn -0.0076 -0.9995 0.0317
vn -0.0308 -0.9987 0.0400
vn -0.0125 -0.9993 0.0345
vn -0.0492 -0.9981 0.0373
vn -0.3091 -0.9508 0.0220
vn -0.2740 -0.9616 0.0134
vn 0.5439 -0.8361 0.0722
vn 0.0315 -0.9987 0.0404
vn 0.0073 -0.9996 0.0277
vn 0.0317 -0.9987 0.0398
vn 0.0028 -0.9987 0.0517
vn 0.0423 -0.9988 0.0264
vn 0.0208 -0.9996 0.0167
vn 0.0410 -0.9988 0.0269
vn 0.0583 -0.9982 0.0159
vn -0.0207 -0.9987 0.0456
vn -0.1325 -0.9911 0.0118
vn -0.0055 -0.9993 0.0371
vn 0.0099 -0.9994 0.0338
vn -0.9588 -0.2115 0.1894
vn -0.9640 -0.1830 0.1927
vn -0.9799 0.0312 0.1970
vn -0.9570 -0.2262 0.1814
vn -0.9344 -0.2957 0.1984
vn -0.9532 -0.2260 0.2007
vn -0.9538 -0.2440 0.1751
vn -0.9639 -0.1805 0.1956
vn -0.9440 -0.2805 0.1738
vn -0.9632 -0.1840 0.1958
vn -0.9635 -0.1880 0.1906
vn -0.9783 0.1243 0.1658
vn -0.7040 0.6968 0.1369
vn -0.4149 -0.9057 0.0866
vn -0.9482 0.2730 0.1626
vn -0.8136 -0.5580 0.1633
vn -0.9562 0.2125 0.2014
vn -0.5258 -0.8434 0.1109
vn -0.7521 -0.6388 0.1618
vn -0.9455 -0.2596 0.1963
vn -0.8864 0.4344 0.1602
vn -0.6613 -0.7304 0.1710
vn -0.5872 -0.8003 0.1216
vn -0.9824 0.0487 0.1805
vn -0.8001 -0.5666 0.1969
vn -0.5264 -0.8433 0.1085
vn -0.7987 0.5871 0.1322
vn -0.9663 0.1739 0.1899
vn 0.0347 -0.9993 0.0114
vn -0.4005 -0.9107 0.1007
vn -0.6437 0.7580 0.1053
vn -0.7503 -0.6412 0.1611
vn -0.9554 0.1922 0.2244
vn -0.9381 0.2914 0.1871
vn -0.6944 0.7135 0.0934
vn -0.0301 -0.9994 0.0148
vn -0.8980 -0.4077 0.1652
vn -0.9766 0.1171 0.1804
vn -0.9761 -0.1220 0.1796
vn -0.9663 -0.1789 0.1853
vn -0.9501 -0.2549 0.1799
vn -0.9657 -0.1854 0.1815
vn -0.9627 0.1887 0.1938
vn -0.9572 -0.2366 0.1665
vn -0.9669 -0.1781 0.1827
vn -0.9515 -0.2502 0.1789
vn -0.9758 -0.1042 0.1923
vn -0.8808 0.4480 0.1535
vn -0.9644 -0.1986 0.1748
vn -0.9448 0.2835 0.1645
vn -0.9606 -0.2217 0.1677
vn -0.4759 -0.8748 0.0906
vn -0.2349 -0.9659 0.1090
vn -0.6506 -0.7493 0.1237
vn -0.9843 0.0084 0.1763
vn -0.8998 0.4050 0.1624
vn -0.5663 -0.8174 0.1057
vn -0.3605 -0.9292 0.0810
vn -0.8927 0.4161 0.1729
vn -0.9836 0.0528 0.1725
vn -0.9446 -0.2762 0.1771
vn -0.5565 -0.8238 0.1077
vn -0.6220 -0.7729 0.1256
vn -0.9644 -0.2034 0.1691
vn -0.6689 0.7430 0.0220
vn -0.9697 -0.1914 0.1519
vn -0.5006 -0.8561 0.1283
vn -0.8470 -0.5036 0.1702
vn -0.9529 -0.2586 0.1582
vn -0.9772 -0.0996 0.1877
vn -0.4429 -0.8895 0.1119
vn -0.9800 -0.1029 0.1705
vn -0.7501 0.6500 0.1218
vn -0.8345 -0.4799 0.2708
vn -0.6496 -0.7514 0.1159
vn -0.9774 -0.1264 0.1693
vn -0.8664 -0.4782 0.1441
vn -0.9412 -0.2991 0.1572
vn -0.9782 0.1224 0.1675
vn -0.9696 -0.1814 0.1640
vn -0.9614 -0.2230 0.1611
vn -0.9669 -0.1893 0.1712
vn -0.9665 -0.2058 0.1535
vn -0.9755 0.1902 0.1108
vn -0.9614 -0.2283 0.1535
vn -0.2720 -0.9620 -0.0249
vn -0.9577 -0.2469 0.1481
vn -0.9090 -0.3928 0.1392
vn -0.9677 -0.2040 0.1482
vn -0.7007 -0.7055 0.1061
vn -0.9550 -0.2572 0.1480
vn -0.9736 -0.1876 0.1300
vn -0.8826 -0.4405 0.1643
vn -0.9497 -0.2935 0.1091
vn -0.7092 -0.6887 0.1508
vn -0.5026 -0.8600 0.0886
vn -0.9294 0.3254 0.1740
vn -0.5383 -0.8401 0.0669
vn -0.9418 0.3099 0.1302
vn -0.9615 0.2161 0.1699
vn -0.8987 0.4144 0.1436
vn -0.9691 -0.1965 0.1492
vn -0.9749 -0.1693 0.1444
vn -0.2064 -0.9746 0.0874
vn -0.9626 0.2388 0.1282
vn -0.9938 0.0401 0.1039
vn -0.9666 -0.2159 0.1381
vn -0.9871 -0.1016 0.1238
vn -0.9789 -0.1813 0.0943
vn -0.9683 0.2202 0.1181
vn -0.6225 -0.7807 0.0540
vn -0.9773 -0.1751 0.1196
vn -0.9741 0.1892 0.1238
vn -0.4497 -0.8927 0.0301
vn -0.5750 -0.8178 0.0237
vn -0.9740 -0.2093 0.0868
vn -0.9697 0.2201 0.1062
vn -0.9462 -0.3166 0.0666
vn -0.9280 -0.3569 0.1067
vn -0.9628 0.2538 0.0925
vn -0.9528 0.2333 0.1940
vn -0.7240 -0.6700 0.1644
vn -0.9558 -0.2441 0.1638
vn -0.9613 -0.2315 0.1497
vn -0.7271 -0.6711 0.1444
vn -0.8182 -0.5538 0.1544
vn -0.7240 -0.6751 0.1416
vn -0.3019 -0.9478 0.1030
vn -0.2906 -0.9496 0.1176
vn -0.1491 -0.9853 0.0838
vn -0.1945 -0.9760 0.0978
vn -0.0773 -0.9952 0.0605
vn -0.4052 -0.9059 0.1228
vn -0.0363 -0.9986 0.0395
vn -0.4411 -0.8896 0.1184
vn -0.0442 -0.9940 0.0996
vn -0.9931 -0.1143 0.0245
vn 0.0675 -0.9952 0.0711
vn -0.2368 -0.9684 0.0785
vn -0.0598 -0.9953 0.0758
vn -0.1318 -0.9894 0.0604
vn -0.7601 -0.6497 0.0062
vn -0.1575 -0.9861 0.0521
vn 0.0964 -0.9942 0.0487
vn 0.2025 -0.9774 0.0600
vn 0.0623 -0.9960 0.0641
vn 0.2192 -0.9748 0.0417
vn 0.0495 -0.9977 0.0465
vn 0.1913 -0.9810 0.0324
vn 0.0365 -0.9986 0.0378
vn 0.4683 -0.8829 0.0340
vn 0.1413 -0.9895 0.0288
vn 0.3279 -0.9445 0.0187
vn 0.0196 -0.9991 0.0363
vn 0.0015 -0.9995 0.0304
vt 0.090942 0.957520
vt 0.093018 0.957520
vt 0.092651 0.956543
vt 0.094055 0.959961
vt 0.068481 0.957031
vt 0.075134 0.958984
vt 0.093811 0.974121
vt 0.048676 0.959473
vt 0.051514 0.957520
vt 0.015442 0.957520
vt 0.071106 0.978516
vt 0.015083 0.959473
vt 0.013107 0.957031
vt 0.083496 0.979492
vt 0.093384 0.978027
vt 0.094910 0.979492
vt 0.073120 0.979980
vt 0.007935 0.979980
vt 0.007988 0.978027
vt 0.008789 0.959473
vt 0.008530 0.956543
vt 0.009613 0.948730
vt 0.012558 0.950684
vt 0.013184 0.946777
vt 0.013206 0.945312
vt 0.010170 0.945312
vt 0.515625 0.116150
vt 0.517578 0.117798
vt 0.517090 0.115662
vt 0.517090 0.119934
vt 0.504883 0.115662
vt 0.496094 0.115601
vt 0.513184 0.126465
vt 0.517578 0.123901
vt 0.517578 0.121216
vt 0.518066 0.122742
vt 0.520508 0.146240
vt 0.469238 0.117554
vt 0.487793 0.115356
vt 0.470215 0.115540
vt 0.520020 0.167724
vt 0.521973 0.156616
vt 0.523438 0.170532
vt 0.454590 0.116211
vt 0.455811 0.114929
vt 0.449951 0.114990
vt 0.438965 0.115051
vt 0.520996 0.170654
vt 0.522949 0.174927
vt 0.505371 0.170410
vt 0.434082 0.116699
vt 0.431152 0.115295
vt 0.419434 0.114990
vt 0.394287 0.143921
vt 0.404541 0.116760
vt 0.407959 0.115234
vt 0.439697 0.167847
vt 0.360107 0.116943
vt 0.360107 0.115173
vt 0.356934 0.116516
vt 0.359863 0.133301
vt 0.358154 0.123413
vt 0.356445 0.123352
vt 0.355713 0.127441
vt 0.357178 0.131348
vt 0.355225 0.132812
vt 0.355469 0.142334
vt 0.354248 0.146118
vt 0.356934 0.146484
vt 0.353027 0.156860
vt 0.353027 0.158325
vt 0.351074 0.156616
vt 0.349609 0.157471
vt 0.352295 0.158813
vt 0.352051 0.160034
vt 0.351318 0.170288
vt 0.391113 0.167603
vt 0.353027 0.168701
vt 0.353271 0.172974
vt 0.351807 0.174072
vt 0.383789 0.169800
vt 0.353271 0.175537
vt 0.352051 0.176392
vt 0.387451 0.175903
vt 0.354248 0.179321
vt 0.352783 0.184570
vt 0.410156 0.170166
vt 0.412598 0.176025
vt 0.405762 0.179810
vt 0.355469 0.190430
vt 0.353271 0.187744
vt 0.354004 0.190186
vt 0.351074 0.189453
vt 0.432373 0.170288
vt 0.456299 0.175903
vt 0.460693 0.170288
vt 0.480225 0.170166
vt 0.441162 0.178223
vt 0.473633 0.175903
vt 0.496826 0.176025
vt 0.520996 0.176270
vt 0.522461 0.176392
vt 0.520020 0.178955
vt 0.520996 0.188354
vt 0.518555 0.191772
vt 0.520508 0.190918
vt 0.517578 0.213501
vt 0.515137 0.212891
vt 0.518066 0.214966
vt 0.517090 0.217407
vt 0.513672 0.221924
vt 0.516113 0.221680
vt 0.412354 0.210449
vt 0.516113 0.224365
vt 0.516602 0.223022
vt 0.516113 0.227295
vt 0.477295 0.229126
vt 0.512695 0.228027
vt 0.515137 0.229614
vt 0.513672 0.230591
vt 0.491699 0.231567
vt 0.475342 0.231689
vt 0.471680 0.231323
vt 0.463135 0.231567
vt 0.448975 0.231567
vt 0.378418 0.228882
vt 0.434570 0.231689
vt 0.400391 0.231445
vt 0.372803 0.231323
vt 0.366455 0.230591
vt 0.364746 0.226929
vt 0.364502 0.231079
vt 0.359375 0.230225
vt 0.359375 0.213013
vt 0.354980 0.198242
vt 0.356689 0.213013
vt 0.357178 0.216797
vt 0.358643 0.222656
vt 0.358154 0.229858
vt 0.357422 0.222900
vt 0.176514 0.548828
vt 0.174805 0.549316
vt 0.175049 0.550781
vt 0.177490 0.550781
vt 0.172852 0.536133
vt 0.174805 0.535156
vt 0.168457 0.520508
vt 0.183960 0.566894
vt 0.182373 0.568359
vt 0.184326 0.570801
vt 0.169556 0.518555
vt 0.168091 0.517578
vt 0.167847 0.514648
vt 0.185425 0.569336
vt 0.191772 0.571777
vt 0.171387 0.499268
vt 0.169067 0.504883
vt 0.170776 0.499512
vt 0.178101 0.515625
vt 0.180054 0.513672
vt 0.181641 0.515137
vt 0.182861 0.530273
vt 0.183228 0.520996
vt 0.186157 0.514648
vt 0.184570 0.544922
vt 0.185059 0.527832
vt 0.194946 0.520996
vt 0.192139 0.513672
vt 0.195801 0.514160
vt 0.192261 0.555176
vt 0.194458 0.543457
vt 0.196045 0.535644
vt 0.197266 0.512695
vt 0.195190 0.556152
vt 0.194214 0.570312
vt 0.195312 0.571289
vt 0.196899 0.567383
vt 0.200073 0.545898
vt 0.200928 0.548828
vt 0.206299 0.525879
vt 0.201660 0.547363
vt 0.203369 0.549316
vt 0.204102 0.547363
vt 0.202515 0.543945
vt 0.208496 0.519531
vt 0.207520 0.519043
vt 0.210083 0.516113
vt 0.207153 0.513184
vt 0.208984 0.512695
vt 0.206909 0.511719
vt 0.204224 0.499512
vt 0.206787 0.502930
vt 0.205322 0.497314
vt 0.222168 0.381348
vt 0.218384 0.382080
vt 0.217529 0.387939
vt 0.223755 0.383301
vt 0.219116 0.409180
vt 0.223999 0.382568
vt 0.225586 0.382324
vt 0.221313 0.409180
vt 0.218384 0.411377
vt 0.218262 0.428223
vt 0.232910 0.383545
vt 0.229126 0.382812
vt 0.232178 0.382568
vt 0.232422 0.380371
vt 0.234741 0.346680
vt 0.229004 0.439941
vt 0.240356 0.402100
vt 0.236328 0.343262
vt 0.237183 0.330322
vt 0.218872 0.472412
vt 0.216919 0.472656
vt 0.218384 0.488770
vt 0.222656 0.494141
vt 0.218994 0.493164
vt 0.219238 0.499512
vt 0.219849 0.508301
vt 0.240356 0.496582
vt 0.227539 0.521973
vt 0.219971 0.530762
vt 0.218506 0.511230
vt 0.219482 0.556641
vt 0.220215 0.557129
vt 0.223755 0.556641
vt 0.231445 0.555176
vt 0.231079 0.557129
vt 0.233765 0.557129
vt 0.242554 0.538086
vt 0.250732 0.556152
vt 0.251709 0.557617
vt 0.253906 0.558594
vt 0.252197 0.543457
vt 0.255371 0.558594
vt 0.250732 0.524414
vt 0.253906 0.526367
vt 0.252441 0.523926
vt 0.256104 0.542969
vt 0.257080 0.557617
vt 0.253906 0.495605
vt 0.250732 0.487061
vt 0.275391 0.540527
vt 0.270264 0.558105
vt 0.286377 0.558105
vt 0.288818 0.558105
vt 0.287842 0.561035
vt 0.291992 0.543945
vt 0.299072 0.558594
vt 0.261719 0.506348
vt 0.303711 0.556641
vt 0.305176 0.558105
vt 0.301025 0.509277
vt 0.308105 0.555176
vt 0.308350 0.557617
vt 0.302002 0.540527
vt 0.304688 0.541992
vt 0.304443 0.530273
vt 0.308350 0.532227
vt 0.322021 0.555176
vt 0.303711 0.509766
vt 0.312744 0.558105
vt 0.323242 0.558594
vt 0.330811 0.558594
vt 0.331543 0.559082
vt 0.335449 0.559082
vt 0.337402 0.553223
vt 0.339844 0.492432
vt 0.354004 0.557617
vt 0.354248 0.559082
vt 0.375488 0.559570
vt 0.375488 0.556641
vt 0.385986 0.559570
vt 0.372314 0.531250
vt 0.398438 0.560059
vt 0.302734 0.465576
vt 0.415527 0.559082
vt 0.416992 0.560547
vt 0.429688 0.560059
vt 0.419678 0.502930
vt 0.445801 0.556152
vt 0.437500 0.560547
vt 0.445801 0.560547
vt 0.462402 0.560547
vt 0.462158 0.559082
vt 0.501953 0.560547
vt 0.514648 0.558594
vt 0.514648 0.560059
vt 0.514648 0.530273
vt 0.515625 0.559082
vt 0.521484 0.560059
vt 0.530762 0.560059
vt 0.515625 0.535156
vt 0.443115 0.463379
vt 0.515625 0.515137
vt 0.517090 0.499512
vt 0.419922 0.443115
vt 0.515625 0.496826
vt 0.361816 0.464111
vt 0.535156 0.517090
vt 0.517578 0.490479
vt 0.531250 0.547363
vt 0.520508 0.489746
vt 0.534668 0.539551
vt 0.536621 0.547852
vt 0.536621 0.534668
vt 0.535645 0.560547
vt 0.532715 0.560547
vt 0.533203 0.563477
vt 0.537109 0.542480
vt 0.538086 0.544922
vt 0.539062 0.537598
vt 0.540039 0.546875
vt 0.539551 0.493164
vt 0.539551 0.552734
vt 0.536621 0.561035
vt 0.541992 0.561035
vt 0.541992 0.548828
vt 0.562988 0.560547
vt 0.562500 0.529785
vt 0.565918 0.560547
vt 0.564941 0.472412
vt 0.565918 0.531250
vt 0.565918 0.510254
vt 0.567383 0.545898
vt 0.568848 0.557617
vt 0.569336 0.560059
vt 0.567871 0.531250
vt 0.569824 0.539062
vt 0.567871 0.521973
vt 0.569824 0.523438
vt 0.575195 0.539062
vt 0.594238 0.559570
vt 0.592773 0.561035
vt 0.593262 0.566406
vt 0.595215 0.567383
vt 0.600586 0.566895
vt 0.600586 0.544434
vt 0.576172 0.500977
vt 0.593750 0.540039
vt 0.599609 0.522461
vt 0.601562 0.524414
vt 0.601074 0.505371
vt 0.596191 0.515137
vt 0.597656 0.483398
vt 0.600586 0.485596
vt 0.600098 0.451172
vt 0.598145 0.444580
vt 0.600098 0.445557
vt 0.599121 0.420898
vt 0.595215 0.399658
vt 0.598633 0.403809
vt 0.598633 0.396240
vt 0.598633 0.383789
vt 0.597168 0.383301
vt 0.592773 0.384277
vt 0.580566 0.422607
vt 0.584473 0.384521
vt 0.592773 0.382812
vt 0.586426 0.382812
vt 0.585449 0.377686
vt 0.584961 0.349854
vt 0.583008 0.348389
vt 0.584473 0.342041
vt 0.583008 0.330322
vt 0.583984 0.330322
vt 0.576172 0.339844
vt 0.575684 0.330322
vt 0.566895 0.330566
vt 0.569336 0.367676
vt 0.569336 0.340332
vt 0.567383 0.339111
vt 0.569336 0.393555
vt 0.567383 0.354492
vt 0.566895 0.363037
vt 0.566406 0.350586
vt 0.566895 0.338135
vt 0.565918 0.333984
vt 0.563965 0.330566
vt 0.564941 0.339844
vt 0.560059 0.330811
vt 0.564453 0.352539
vt 0.561523 0.383789
vt 0.565918 0.372070
vt 0.537598 0.331299
vt 0.568359 0.373291
vt 0.567383 0.374512
vt 0.566895 0.390137
vt 0.567871 0.405762
vt 0.569336 0.428223
vt 0.564453 0.441162
vt 0.571289 0.482666
vt 0.566895 0.430176
vt 0.571289 0.497314
vt 0.569824 0.493896
vt 0.568848 0.470947
vt 0.567871 0.439941
vt 0.567871 0.486328
vt 0.568359 0.508301
vt 0.543457 0.425049
vt 0.542969 0.466797
vt 0.535645 0.377441
vt 0.532715 0.330811
vt 0.533203 0.328857
vt 0.539551 0.473145
vt 0.541504 0.467773
vt 0.518066 0.466309
vt 0.540527 0.453125
vt 0.539062 0.450439
vt 0.517578 0.466064
vt 0.542480 0.448486
vt 0.541992 0.447021
vt 0.536621 0.413574
vt 0.519043 0.428223
vt 0.520508 0.413574
vt 0.517578 0.424072
vt 0.510742 0.412109
vt 0.518066 0.408447
vt 0.515625 0.400635
vt 0.517578 0.392090
vt 0.518066 0.383301
vt 0.516113 0.379883
vt 0.464111 0.333008
vt 0.487549 0.333496
vt 0.517090 0.373047
vt 0.516113 0.343506
vt 0.515137 0.342041
vt 0.512695 0.332764
vt 0.521973 0.332031
vt 0.524414 0.330811
vt 0.520020 0.330566
vt 0.515137 0.331299
vt 0.515625 0.334229
vt 0.512695 0.331055
vt 0.510742 0.329590
vt 0.501953 0.332520
vt 0.501953 0.330811
vt 0.499023 0.330322
vt 0.494141 0.330322
vt 0.491455 0.330566
vt 0.475342 0.330322
vt 0.471680 0.330566
vt 0.465088 0.330078
vt 0.461914 0.330322
vt 0.447754 0.332519
vt 0.445068 0.330078
vt 0.433594 0.329834
vt 0.427490 0.329102
vt 0.416748 0.333984
vt 0.420654 0.329346
vt 0.394775 0.329346
vt 0.412109 0.417480
vt 0.413574 0.384033
vt 0.377930 0.408203
vt 0.389404 0.328857
vt 0.386475 0.329346
vt 0.378418 0.330078
vt 0.377930 0.329102
vt 0.376953 0.329346
vt 0.354980 0.329102
vt 0.377197 0.393066
vt 0.375732 0.395996
vt 0.348389 0.390869
vt 0.346191 0.407959
vt 0.345215 0.447998
vt 0.344971 0.434814
vt 0.343506 0.444092
vt 0.312988 0.421143
vt 0.343994 0.399658
vt 0.344727 0.393555
vt 0.345703 0.369629
vt 0.354004 0.362793
vt 0.343994 0.329590
vt 0.344971 0.329102
vt 0.339355 0.328125
vt 0.335693 0.329102
vt 0.332031 0.330078
vt 0.329346 0.328613
vt 0.321533 0.328613
vt 0.314209 0.330566
vt 0.313721 0.329590
vt 0.306396 0.330566
vt 0.306641 0.329834
vt 0.304932 0.328125
vt 0.306396 0.356689
vt 0.304932 0.330322
vt 0.301514 0.329346
vt 0.312744 0.380127
vt 0.298828 0.330566
vt 0.289795 0.329346
vt 0.305664 0.403564
vt 0.303467 0.377686
vt 0.302734 0.365967
vt 0.302734 0.400146
vt 0.287109 0.330078
vt 0.288574 0.328857
vt 0.288086 0.328369
vt 0.302002 0.396240
vt 0.278320 0.349609
vt 0.300293 0.401123
vt 0.279297 0.393311
vt 0.302734 0.420410
vt 0.301025 0.419922
vt 0.299805 0.451904
vt 0.277100 0.432373
vt 0.281982 0.499023
vt 0.256836 0.429443
vt 0.252197 0.459717
vt 0.257812 0.380127
vt 0.250732 0.464600
vt 0.252197 0.411865
vt 0.250977 0.451416
vt 0.248779 0.448730
vt 0.250244 0.430908
vt 0.249390 0.413818
vt 0.250000 0.397949
vt 0.248535 0.388184
vt 0.252197 0.395264
vt 0.245117 0.357178
vt 0.250977 0.387939
vt 0.250000 0.375244
vt 0.253662 0.374268
vt 0.251221 0.360596
vt 0.254395 0.356201
vt 0.249512 0.358398
vt 0.248535 0.353271
vt 0.250000 0.350098
vt 0.247437 0.343994
vt 0.248413 0.343994
vt 0.248901 0.331787
vt 0.244873 0.330566
vt 0.250000 0.330078
vt 0.250977 0.330078
vt 0.251953 0.343262
vt 0.253906 0.330566
vt 0.254150 0.348389
vt 0.251465 0.351562
vt 0.259521 0.341309
vt 0.262451 0.330322
vt 0.945801 0.921875
vt 0.945801 0.924805
vt 0.948242 0.924316
vt 0.946777 0.919434
vt 0.949219 0.923828
vt 0.951172 0.923340
vt 0.951172 0.921875
vt 0.951172 0.920410
vt 0.948242 0.916016
vt 0.950684 0.915039
vt 0.952637 0.918945
vt 0.953613 0.914062
vt 0.956543 0.917480
vt 0.956543 0.914551
vt 0.955566 0.917969
vt 0.955078 0.919922
vt 0.954102 0.921387
vt 0.952637 0.921387
vt 0.101257 0.163696
vt 0.100159 0.163086
vt 0.098145 0.163452
vt 0.099854 0.166382
vt 0.091736 0.162964
vt 0.069458 0.167969
vt 0.087036 0.163452
vt 0.074646 0.163330
vt 0.069641 0.163330
vt 0.057526 0.163696
vt 0.048767 0.164551
vt 0.048889 0.163208
vt 0.033295 0.162964
vt 0.022720 0.165405
vt 0.022522 0.163208
vt 0.020370 0.163330
vt 0.017258 0.183350
vt 0.017303 0.191772
vt 0.015007 0.192139
vt 0.037354 0.192871
vt 0.035675 0.194580
vt 0.036377 0.197510
vt 0.013336 0.217773
vt 0.010712 0.211426
vt 0.009827 0.217529
vt 0.040894 0.200683
vt 0.038483 0.198608
vt 0.040588 0.197144
vt 0.108521 0.218628
vt 0.040558 0.194458
vt 0.084717 0.221313
vt 0.046997 0.222168
vt 0.037354 0.223022
vt 0.047302 0.223755
vt 0.062317 0.223389
vt 0.088379 0.222534
vt 0.104431 0.222046
vt 0.111450 0.219727
vt 0.110840 0.217285
vt 0.106201 0.196411
vt 0.103882 0.196045
vt 0.105652 0.194214
vt 0.088928 0.196777
vt 0.099792 0.176758
vt 0.103577 0.183350
vt 0.102051 0.176270
vt 0.100464 0.167969
vt 0.087442 0.191891
vt 0.083130 0.191895
vt 0.080750 0.194214
vt 0.085205 0.193481
vt 0.085571 0.196289
vt 0.083374 0.197998
vt 0.080505 0.200928
vt 0.080994 0.197266
vt 0.892090 0.104431
vt 0.892578 0.107056
vt 0.893555 0.104065
vt 0.892578 0.108642
vt 0.898926 0.105164
vt 0.899902 0.107605
vt 0.899414 0.104126
vt 0.895996 0.100952
vt 0.898926 0.101624
vt 0.903320 0.102478
vt 0.903320 0.100952
vt 0.916504 0.104187
vt 0.925293 0.102783
vt 0.939941 0.103333
vt 0.903320 0.107849
vt 0.952149 0.105469
vt 0.953125 0.103271
vt 0.956055 0.100647
vt 0.956543 0.102295
vt 0.955566 0.104431
vt 0.955566 0.105347
vt 0.958008 0.103882
vt 0.953125 0.106628
vt 0.960938 0.105957
vt 0.962402 0.104370
vt 0.961914 0.113586
vt 0.961426 0.135132
vt 0.954102 0.134155
vt 0.959473 0.186157
vt 0.961426 0.142090
vt 0.960449 0.183960
vt 0.960938 0.192261
vt 0.960449 0.209351
vt 0.950195 0.146729
vt 0.953613 0.191650
vt 0.949707 0.172485
vt 0.902344 0.143066
vt 0.953613 0.206787
vt 0.949707 0.206665
vt 0.957031 0.217651
vt 0.953125 0.218384
vt 0.959473 0.230225
vt 0.960938 0.231079
vt 0.953125 0.238403
vt 0.960449 0.238892
vt 0.961426 0.260742
vt 0.960938 0.264893
vt 0.961914 0.272705
vt 0.950684 0.248901
vt 0.954590 0.272461
vt 0.958984 0.276123
vt 0.960938 0.279785
vt 0.961914 0.280273
vt 0.960938 0.297852
vt 0.959473 0.301758
vt 0.961426 0.312012
vt 0.961914 0.322754
vt 0.953125 0.305908
vt 0.960938 0.326172
vt 0.962402 0.331543
vt 0.960449 0.331543
vt 0.954590 0.331543
vt 0.948242 0.308105
vt 0.903809 0.195557
vt 0.949707 0.330811
vt 0.902344 0.160889
vt 0.950195 0.334717
vt 0.898438 0.156494
vt 0.955566 0.335449
vt 0.958008 0.335693
vt 0.959473 0.336914
vt 0.957520 0.337891
vt 0.956055 0.336182
vt 0.947754 0.336182
vt 0.955078 0.339844
vt 0.944336 0.333984
vt 0.940430 0.334961
vt 0.935059 0.333740
vt 0.925781 0.335693
vt 0.941895 0.332031
vt 0.937988 0.329834
vt 0.932129 0.333252
vt 0.913086 0.324951
vt 0.926758 0.333496
vt 0.922363 0.331787
vt 0.919922 0.333252
vt 0.915039 0.331055
vt 0.914551 0.333008
vt 0.911133 0.334717
vt 0.907715 0.333008
vt 0.901367 0.334717
vt 0.899414 0.333008
vt 0.901367 0.330566
vt 0.904297 0.328857
vt 0.897461 0.322998
vt 0.898438 0.331055
vt 0.893555 0.331299
vt 0.893555 0.323975
vt 0.893066 0.316650
vt 0.900391 0.318115
vt 0.893066 0.312744
vt 0.893066 0.298828
vt 0.904297 0.280518
vt 0.900391 0.300049
vt 0.892578 0.292236
vt 0.896973 0.288818
vt 0.892090 0.286621
vt 0.900391 0.280517
vt 0.893555 0.280518
vt 0.891602 0.279785
vt 0.898438 0.281006
vt 0.892578 0.275146
vt 0.892090 0.272461
vt 0.897949 0.275879
vt 0.899902 0.274170
vt 0.894043 0.271484
vt 0.892090 0.269287
vt 0.892090 0.261475
vt 0.899902 0.264404
vt 0.891602 0.258789
vt 0.903809 0.244995
vt 0.899902 0.258545
vt 0.892090 0.252930
vt 0.891602 0.251465
vt 0.899414 0.252441
vt 0.891602 0.247070
vt 0.891113 0.244507
vt 0.899414 0.250488
vt 0.891602 0.242554
vt 0.898926 0.244263
vt 0.891602 0.238403
vt 0.898926 0.232422
vt 0.892090 0.236084
vt 0.891113 0.228638
vt 0.898438 0.235596
vt 0.894531 0.228149
vt 0.891113 0.224121
vt 0.891602 0.216064
vt 0.896484 0.221313
vt 0.898438 0.218506
vt 0.892578 0.210571
vt 0.891113 0.203247
vt 0.891113 0.183472
vt 0.898926 0.193359
vt 0.897461 0.208374
vt 0.892578 0.186646
vt 0.897949 0.190552
vt 0.898438 0.175171
vt 0.894043 0.181885
vt 0.891113 0.177490
vt 0.897461 0.176636
vt 0.892090 0.170532
vt 0.891113 0.162964
vt 0.896973 0.170532
vt 0.897461 0.165893
vt 0.892090 0.159790
vt 0.891602 0.154419
vt 0.893555 0.155151
vt 0.892578 0.145386
vt 0.891113 0.142822
vt 0.897461 0.148071
vt 0.893066 0.141235
vt 0.891113 0.134521
vt 0.898438 0.146484
vt 0.893555 0.125854
vt 0.891113 0.130005
vt 0.891602 0.126099
vt 0.892090 0.121277
vt 0.899414 0.132202
vt 0.899414 0.110779
vt 0.898438 0.126343
vt 0.892578 0.118896
vt 0.894531 0.116638
vt 0.892578 0.114136
vt 0.977051 0.931641
vt 0.982910 0.933105
vt 0.983398 0.931641
vt 0.974121 0.932129
vt 0.981934 0.935547
vt 0.968262 0.933105
vt 0.964844 0.931641
vt 0.961426 0.933105
vt 0.949707 0.933105
vt 0.937500 0.935547
vt 0.940430 0.933594
vt 0.916016 0.934082
vt 0.950195 0.948730
vt 0.978027 0.948242
vt 0.858398 0.935059
vt 0.887695 0.934082
vt 0.846680 0.933105
vt 0.838867 0.933105
vt 0.839355 0.935059
vt 0.841797 0.940430
vt 0.847168 0.948242
vt 0.903320 0.948730
vt 0.864258 0.949707
vt 0.847656 0.949707
vt 0.912598 0.950684
vt 0.856445 0.952637
vt 0.848633 0.951172
vt 0.849121 0.956543
vt 0.899414 0.950684
vt 0.877441 0.957031
vt 0.854980 0.961426
vt 0.847168 0.960449
vt 0.846680 0.961426
vt 0.846191 0.962891
vt 0.882812 0.960449
vt 0.880371 0.961426
vt 0.894043 0.959961
vt 0.851562 0.977539
vt 0.839355 0.976562
vt 0.838379 0.977539
vt 0.913574 0.959473
vt 0.858398 0.977539
vt 0.864258 0.976562
vt 0.871582 0.974609
vt 0.871094 0.976562
vt 0.880859 0.976074
vt 0.912109 0.973633
vt 0.922852 0.976074
vt 0.940918 0.976074
vt 0.907227 0.961426
vt 0.949707 0.974121
vt 0.949707 0.976074
vt 0.966309 0.977051
vt 0.983398 0.976074
vt 0.978516 0.977539
vt 0.981934 0.978027
vt 0.984375 0.977051
vt 0.976074 0.961914
vt 0.973145 0.959473
vt 0.975586 0.960938
vt 0.973145 0.954102
vt 0.969727 0.949219
vt 0.976562 0.949219
vt 0.976074 0.952148
vt 0.167969 0.489258
vt 0.166260 0.484863
vt 0.165649 0.488770
vt 0.169189 0.487549
vt 0.165161 0.473633
vt 0.178833 0.475098
vt 0.165405 0.472168
vt 0.179688 0.473877
vt 0.165405 0.471680
vt 0.166748 0.468506
vt 0.165039 0.469727
vt 0.168701 0.445801
vt 0.178223 0.465820
vt 0.170776 0.436523
vt 0.169556 0.437500
vt 0.168579 0.435791
vt 0.169556 0.435547
vt 0.170654 0.430664
vt 0.171631 0.423096
vt 0.174316 0.423340
vt 0.180176 0.466309
vt 0.182495 0.471680
vt 0.182251 0.474121
vt 0.178955 0.443115
vt 0.175537 0.421875
vt 0.174438 0.422607
vt 0.190430 0.471924
vt 0.191406 0.473145
vt 0.193604 0.472900
vt 0.189453 0.458008
vt 0.185547 0.417725
vt 0.176514 0.416016
vt 0.174561 0.418701
vt 0.172852 0.415039
vt 0.171143 0.412109
vt 0.169434 0.413086
vt 0.175781 0.412354
vt 0.180420 0.412109
vt 0.182007 0.411865
vt 0.186523 0.420410
vt 0.190186 0.426758
vt 0.193115 0.433105
vt 0.193481 0.435303
vt 0.194824 0.434326
vt 0.189819 0.446533
vt 0.192017 0.465820
vt 0.204346 0.466309
vt 0.205811 0.465088
vt 0.194214 0.470947
vt 0.205688 0.467285
vt 0.205322 0.469971
vt 0.194336 0.473389
vt 0.206543 0.469727
vt 0.207886 0.473145
vt 0.207397 0.484131
vt 0.208374 0.483887
vt 0.207397 0.485352
vt 0.146118 0.212646
vt 0.146240 0.211548
vt 0.144165 0.212524
vt 0.144287 0.210449
vt 0.141479 0.209229
vt 0.145264 0.207153
vt 0.141479 0.219971
vt 0.149292 0.195557
vt 0.136719 0.224853
vt 0.136475 0.235107
vt 0.149902 0.184692
vt 0.152100 0.185425
vt 0.139282 0.192627
vt 0.134644 0.235351
vt 0.136963 0.237183
vt 0.124695 0.237671
vt 0.124756 0.236206
vt 0.135254 0.210693
vt 0.126709 0.219238
vt 0.124573 0.234985
vt 0.136963 0.199951
vt 0.129028 0.182251
vt 0.124451 0.216309
vt 0.121521 0.225830
vt 0.117676 0.211914
vt 0.118408 0.210327
vt 0.118347 0.207275
vt 0.125854 0.198975
vt 0.114441 0.182495
vt 0.115784 0.199707
vt 0.112366 0.185059
vt 0.111511 0.182983
vt 0.110352 0.176514
vt 0.123535 0.181763
vt 0.112244 0.166504
vt 0.109497 0.167480
vt 0.111389 0.165771
vt 0.125122 0.176270
vt 0.126465 0.177368
vt 0.126343 0.186035
vt 0.134766 0.177246
vt 0.132812 0.188721
vt 0.136963 0.181519
vt 0.137939 0.178833
vt 0.141235 0.179565
vt 0.139771 0.183472
vt 0.142578 0.179443
vt 0.152100 0.170288
vt 0.154297 0.168457
vt 0.156372 0.169800
vt 0.155396 0.167358
vt 0.151611 0.183105
vt 0.153931 0.181274
vt 0.154175 0.183105
vt 0.522949 0.065247
vt 0.523926 0.065369
vt 0.525391 0.064209
vt 0.529785 0.064575
vt 0.552246 0.066772
vt 0.539551 0.064758
vt 0.547852 0.064941
vt 0.551758 0.065063
vt 0.570312 0.065369
vt 0.532227 0.079224
vt 0.599609 0.067261
vt 0.590820 0.065613
vt 0.601562 0.065796
vt 0.613770 0.065552
vt 0.595703 0.079895
vt 0.625488 0.067078
vt 0.632324 0.065552
vt 0.634277 0.079224
vt 0.654785 0.067200
vt 0.644531 0.065063
vt 0.652832 0.065491
vt 0.660645 0.065430
vt 0.676758 0.065613
vt 0.715332 0.064392
vt 0.726562 0.065613
vt 0.727539 0.064453
vt 0.718262 0.077820
vt 0.669434 0.079346
vt 0.711426 0.080444
vt 0.716309 0.080627
vt 0.715820 0.081177
vt 0.646484 0.080505
vt 0.713867 0.081360
vt 0.714844 0.086243
vt 0.645996 0.082458
vt 0.698730 0.083679
vt 0.712891 0.091553
vt 0.717773 0.091980
vt 0.719238 0.093262
vt 0.681641 0.089050
vt 0.686035 0.092407
vt 0.696289 0.106506
vt 0.725586 0.106689
vt 0.723633 0.108887
vt 0.727051 0.108459
vt 0.689453 0.107971
vt 0.660156 0.107361
vt 0.663086 0.092773
vt 0.645020 0.105652
vt 0.648438 0.107300
vt 0.633789 0.106995
vt 0.603516 0.106934
vt 0.608398 0.104858
vt 0.590820 0.107239
vt 0.629395 0.093811
vt 0.571777 0.105530
vt 0.584473 0.107361
vt 0.569336 0.107971
vt 0.638672 0.092041
vt 0.554688 0.108582
vt 0.626465 0.090027
vt 0.544434 0.109192
vt 0.555176 0.110535
vt 0.530273 0.111816
vt 0.541504 0.106750
vt 0.525391 0.109741
vt 0.524902 0.111389
vt 0.523438 0.109985
vt 0.524902 0.107483
vt 0.533203 0.093872
vt 0.582031 0.092041
vt 0.536133 0.092957
vt 0.534668 0.093018
vt 0.605957 0.089050
vt 0.534668 0.090027
vt 0.539062 0.087402
vt 0.625488 0.083191
vt 0.535645 0.085693
vt 0.533691 0.084900
vt 0.533691 0.081055
vt 0.538574 0.081116
vt 0.634766 0.082336
vt 0.034576 0.945312
vt 0.032562 0.946777
vt 0.034088 0.946777
vt 0.021454 0.947754
vt 0.021271 0.944824
vt 0.021164 0.945801
vt 0.035217 0.944336
vt 0.031769 0.942871
vt 0.021164 0.942871
vt 0.035400 0.941406
vt 0.021088 0.941406
vt 0.032562 0.940430
vt 0.034424 0.939453
vt 0.020782 0.939941
vt 0.031982 0.938477
vt 0.033539 0.937500
vt 0.020798 0.937988
vt 0.892090 0.578125
vt 0.895020 0.575684
vt 0.889648 0.577637
vt 0.889648 0.577148
vt 0.883789 0.577637
vt 0.899902 0.553711
vt 0.920410 0.577637
vt 0.876953 0.574707
vt 0.876953 0.576660
vt 0.874023 0.574707
vt 0.882324 0.524414
vt 0.874512 0.573242
vt 0.860840 0.575195
vt 0.879395 0.536133
vt 0.864746 0.574219
vt 0.862305 0.554688
vt 0.862305 0.574219
vt 0.860840 0.573730
vt 0.853027 0.576172
vt 0.858887 0.542480
vt 0.847168 0.573730
vt 0.847168 0.575195
vt 0.839844 0.575195
vt 0.830567 0.535156
vt 0.824219 0.572754
vt 0.830078 0.575195
vt 0.787109 0.575684
vt 0.828613 0.471191
vt 0.769531 0.573730
vt 0.769043 0.575684
vt 0.760254 0.575684
vt 0.743652 0.575684
vt 0.789062 0.532227
vt 0.807129 0.424316
vt 0.767578 0.484375
vt 0.724609 0.574707
vt 0.730957 0.576172
vt 0.727539 0.576660
vt 0.725098 0.576660
vt 0.722168 0.577148
vt 0.720215 0.576172
vt 0.712891 0.578125
vt 0.705078 0.577637
vt 0.706543 0.579590
vt 0.689941 0.575684
vt 0.689941 0.579102
vt 0.722656 0.570801
vt 0.681152 0.579102
vt 0.681641 0.580566
vt 0.678223 0.580078
vt 0.707520 0.520020
vt 0.721191 0.555176
vt 0.718750 0.538574
vt 0.719727 0.536621
vt 0.715332 0.512695
vt 0.712402 0.470703
vt 0.710938 0.484863
vt 0.699219 0.479980
vt 0.706543 0.449707
vt 0.669922 0.512207
vt 0.699707 0.446533
vt 0.660156 0.451660
vt 0.707520 0.439941
vt 0.705078 0.435547
vt 0.698242 0.410400
vt 0.772461 0.397217
vt 0.702148 0.416992
vt 0.699707 0.378174
vt 0.698730 0.386230
vt 0.696289 0.346680
vt 0.685547 0.383789
vt 0.691895 0.347900
vt 0.694336 0.348145
vt 0.693359 0.345215
vt 0.695312 0.345703
vt 0.676758 0.347412
vt 0.697266 0.344727
vt 0.713379 0.345215
vt 0.764648 0.344971
vt 0.767578 0.346680
vt 0.768066 0.344971
vt 0.773438 0.344727
vt 0.791504 0.346191
vt 0.813965 0.344727
vt 0.821289 0.345215
vt 0.829590 0.396484
vt 0.841797 0.346924
vt 0.832520 0.345215
vt 0.860840 0.455566
vt 0.863281 0.372803
vt 0.857422 0.346680
vt 0.862305 0.474609
vt 0.864746 0.367920
vt 0.863281 0.346436
vt 0.864746 0.346680
vt 0.864258 0.472900
vt 0.865723 0.371094
vt 0.873047 0.346680
vt 0.870117 0.490723
vt 0.862793 0.389648
vt 0.881836 0.502930
vt 0.862305 0.403320
vt 0.864258 0.399658
vt 0.862305 0.443604
vt 0.863281 0.450928
vt 0.893066 0.391602
vt 0.890137 0.453369
vt 0.891602 0.417725
vt 0.899414 0.360352
vt 0.882812 0.345703
vt 0.899902 0.346191
vt 0.896484 0.394531
vt 0.901855 0.348145
vt 0.901855 0.345459
vt 0.913086 0.346191
vt 0.893555 0.420654
vt 0.898438 0.390137
vt 0.900391 0.393555
vt 0.916016 0.347900
vt 0.916504 0.346924
vt 0.915527 0.426270
vt 0.919434 0.346924
vt 0.918457 0.345459
vt 0.892578 0.443115
vt 0.942871 0.350342
vt 0.887695 0.477539
vt 0.911133 0.484619
vt 0.921875 0.436523
vt 0.934082 0.472412
vt 0.944824 0.375732
vt 0.942383 0.401611
vt 0.945801 0.349609
vt 0.951660 0.350098
vt 0.951660 0.351074
vt 0.953125 0.350098
vt 0.956055 0.350342
vt 0.946777 0.388184
vt 0.948730 0.373047
vt 0.952148 0.357178
vt 0.946777 0.401367
vt 0.954102 0.358398
vt 0.951172 0.366211
vt 0.948730 0.388916
vt 0.949707 0.400635
vt 0.950684 0.405273
vt 0.963867 0.390137
vt 0.962891 0.351074
vt 0.939453 0.497803
vt 0.982422 0.356689
vt 0.973145 0.351074
vt 0.979492 0.348389
vt 0.983887 0.346924
vt 0.985840 0.345215
vt 0.978516 0.402100
vt 0.973633 0.417480
vt 0.975586 0.421631
vt 0.955078 0.420410
vt 0.970703 0.455566
vt 0.969727 0.472900
vt 0.946289 0.487549
vt 0.962891 0.498535
vt 0.960938 0.533203
vt 0.956055 0.550293
vt 0.958008 0.550781
vt 0.957031 0.557129
vt 0.955078 0.580078
vt 0.954102 0.580078
vt 0.951660 0.578125
vt 0.950195 0.579590
vt 0.930176 0.576660
vt 0.928711 0.578125
vt 0.937012 0.534668
vt 0.926758 0.578613
vt 0.928223 0.580566
vt 0.936035 0.516113
vt 0.928223 0.570312
vt 0.923828 0.577637
vt 0.930664 0.567383
vt 0.935059 0.532227
vt 0.930664 0.562988
vt 0.931641 0.547852
vt 0.934570 0.518555
vt 0.928223 0.563477
vt 0.929688 0.555176
vt 0.929199 0.548340
vt 0.926270 0.557617
vt 0.933594 0.510742
vt 0.940918 0.471924
vt 0.940430 0.444336
vt 0.938965 0.472900
vt 0.942383 0.445312
vt 0.611816 0.355225
vt 0.611816 0.348145
vt 0.609863 0.343994
vt 0.613770 0.363770
vt 0.613281 0.350342
vt 0.615234 0.350098
vt 0.616699 0.351807
vt 0.619141 0.353760
vt 0.614950 0.362069
vt 0.622559 0.415527
vt 0.621582 0.419189
vt 0.627441 0.460449
vt 0.620605 0.354492
vt 0.633301 0.351807
vt 0.636230 0.385498
vt 0.640137 0.351562
vt 0.641113 0.350586
vt 0.642578 0.350830
vt 0.631348 0.476807
vt 0.630371 0.475342
vt 0.632324 0.488281
vt 0.635254 0.477051
vt 0.638672 0.521484
vt 0.639648 0.532227
vt 0.650879 0.584961
vt 0.645508 0.565918
vt 0.649902 0.584961
vt 0.642578 0.532227
vt 0.651855 0.583496
vt 0.652344 0.584473
vt 0.653320 0.536621
vt 0.661621 0.581543
vt 0.661621 0.583008
vt 0.676758 0.581055
vt 0.645020 0.466309
vt 0.669922 0.546875
vt 0.675293 0.576172
vt 0.679199 0.578125
vt 0.676270 0.572266
vt 0.674316 0.550781
vt 0.673828 0.562500
vt 0.672363 0.551270
vt 0.670898 0.539062
vt 0.666992 0.514160
vt 0.667969 0.528320
vt 0.665039 0.527344
vt 0.666016 0.523438
vt 0.660156 0.485840
vt 0.663574 0.489746
vt 0.657715 0.477783
vt 0.661133 0.478516
vt 0.656738 0.443604
vt 0.658691 0.472168
vt 0.656250 0.464111
vt 0.654297 0.444092
vt 0.655273 0.440918
vt 0.646973 0.392822
vt 0.653320 0.421631
vt 0.646973 0.387451
vt 0.648926 0.392578
vt 0.647461 0.374512
vt 0.643555 0.350342
vt 0.651367 0.375000
vt 0.645996 0.351318
vt 0.645020 0.350342
vt 0.674316 0.346924
vt 0.675293 0.349121
vt 0.675781 0.344727
vt 0.202515 0.329590
vt 0.201172 0.330811
vt 0.203735 0.335938
vt 0.204590 0.344727
vt 0.203003 0.344971
vt 0.192139 0.342041
vt 0.204468 0.346191
vt 0.191772 0.345459
vt 0.189941 0.344482
vt 0.203735 0.348633
vt 0.189453 0.344971
vt 0.203003 0.352295
vt 0.203735 0.352295
vt 0.198730 0.348877
vt 0.190430 0.359863
vt 0.198486 0.356934
vt 0.201416 0.356445
vt 0.196045 0.376221
vt 0.194092 0.378418
vt 0.195435 0.379150
vt 0.195068 0.380127
vt 0.190063 0.394531
vt 0.188599 0.402832
vt 0.189331 0.386230
vt 0.186890 0.402344
vt 0.182617 0.403809
vt 0.188599 0.353760
vt 0.178711 0.402100
vt 0.178589 0.403809
vt 0.176025 0.397949
vt 0.181274 0.352783
vt 0.183960 0.344727
vt 0.176758 0.398438
vt 0.172729 0.382812
vt 0.177490 0.345703
vt 0.175293 0.384766
vt 0.168701 0.363525
vt 0.178101 0.354248
vt 0.175049 0.346191
vt 0.176147 0.344727
vt 0.168091 0.349365
vt 0.166138 0.349854
vt 0.166626 0.346191
vt 0.164795 0.346436
vt 0.166016 0.343750
vt 0.167480 0.342529
vt 0.167358 0.335449
vt 0.169800 0.331055
vt 0.168701 0.329346
vt 0.168823 0.979004
vt 0.170288 0.979492
vt 0.170654 0.970215
vt 0.168945 0.969727
vt 0.167114 0.978027
vt 0.162598 0.979004
vt 0.162476 0.971680
vt 0.165283 0.969727
vt 0.161499 0.978027
vt 0.157227 0.979004
vt 0.129883 0.979492
vt 0.160767 0.972168
vt 0.161865 0.968262
vt 0.124268 0.978027
vt 0.122314 0.979492
vt 0.110474 0.979004
vt 0.110474 0.978027
vt 0.132935 0.972168
vt 0.161255 0.964355
vt 0.132935 0.964844
vt 0.130615 0.968750
vt 0.122559 0.964844
vt 0.112793 0.964355
vt 0.110718 0.968750
vt 0.110596 0.963867
vt 0.112427 0.968750
vt 0.110901 0.971680
vt 0.126587 0.972168
vt 0.112122 0.976074
vt 0.110535 0.977051
vt 0.109558 0.975098
vt 0.108643 0.969727
vt 0.109192 0.977539
vt 0.103882 0.970215
vt 0.103455 0.979004
vt 0.103027 0.977051
vt 0.979492 0.522949
vt 0.971191 0.521484
vt 0.979004 0.525391
vt 0.970215 0.523438
vt 0.970215 0.524902
vt 0.979004 0.525879
vt 0.969727 0.528809
vt 0.977051 0.531738
vt 0.969727 0.531738
vt 0.979004 0.532227
vt 0.976562 0.533203
vt 0.969727 0.533691
vt 0.968262 0.566895
vt 0.969238 0.582031
vt 0.968262 0.583496
vt 0.970215 0.583984
vt 0.970703 0.583984
vt 0.976074 0.583496
vt 0.979492 0.533691
vt 0.978027 0.553223
vt 0.985352 0.534180
vt 0.984863 0.532227
vt 0.985840 0.532227
vt 0.985840 0.551758
vt 0.979492 0.568359
vt 0.979004 0.583496
vt 0.984375 0.570801
vt 0.983398 0.583496
vt 0.986816 0.565430
vt 0.985352 0.583008
vt 0.986328 0.572754
vt 0.987305 0.571289
vt 0.987793 0.576660
vt 0.986816 0.583008
vt 0.975586 0.584473
vt 0.977539 0.584961
vt 0.978027 0.589844
vt 0.971680 0.588379
vt 0.970703 0.588379
vt 0.972656 0.591309
vt 0.968750 0.591309
vt 0.976562 0.591309
vt 0.968750 0.595215
vt 0.974609 0.593262
vt 0.977051 0.591309
vt 0.978027 0.593262
vt 0.970215 0.596191
vt 0.976074 0.595215
vt 0.974121 0.598633
vt 0.555664 0.221802
vt 0.555664 0.219482
vt 0.554199 0.220947
vt 0.549316 0.219727
vt 0.549316 0.197754
vt 0.555664 0.183472
vt 0.547852 0.218262
vt 0.549316 0.179443
vt 0.549316 0.170898
vt 0.555664 0.166504
vt 0.547363 0.170166
vt 0.547852 0.219971
vt 0.549316 0.224731
vt 0.542480 0.227051
vt 0.548828 0.226440
vt 0.538574 0.226807
vt 0.539062 0.219971
vt 0.538574 0.218262
vt 0.537109 0.220093
vt 0.537109 0.227051
vt 0.537598 0.202026
vt 0.530762 0.221558
vt 0.529785 0.212036
vt 0.529297 0.219849
vt 0.530273 0.191528
vt 0.532227 0.142944
vt 0.537598 0.144409
vt 0.537598 0.142822
vt 0.538574 0.143921
vt 0.548340 0.143555
vt 0.549316 0.142090
vt 0.549316 0.143677
vt 0.551758 0.148926
vt 0.554199 0.143066
vt 0.555176 0.144043
vt 0.791504 0.107178
vt 0.793945 0.107788
vt 0.793457 0.106018
vt 0.802246 0.106995
vt 0.793945 0.104004
vt 0.791992 0.104004
vt 0.804199 0.105896
vt 0.791504 0.102234
vt 0.793945 0.102417
vt 0.805664 0.105713
vt 0.793457 0.097107
vt 0.812012 0.107483
vt 0.819336 0.107544
vt 0.823730 0.107361
vt 0.800781 0.095642
vt 0.826172 0.103577
vt 0.830566 0.106995
vt 0.825684 0.107788
vt 0.828613 0.109436
vt 0.832031 0.108337
vt 0.834473 0.108765
vt 0.849121 0.106689
vt 0.850586 0.104370
vt 0.855957 0.105774
vt 0.858398 0.104675
vt 0.821777 0.091186
vt 0.863281 0.106323
vt 0.859375 0.106201
vt 0.808594 0.073853
vt 0.811523 0.074158
vt 0.869141 0.096069
vt 0.863389 0.103853
vt 0.864746 0.105103
vt 0.868164 0.102417
vt 0.868164 0.105408
vt 0.865723 0.106750
vt 0.866211 0.109253
vt 0.867676 0.109619
vt 0.870117 0.107788
vt 0.872070 0.107117
vt 0.871094 0.105957
vt 0.872070 0.104248
vt 0.873535 0.102539
vt 0.875488 0.096680
vt 0.875488 0.100464
vt 0.876953 0.099121
vt 0.877441 0.092712
vt 0.875977 0.091858
vt 0.876465 0.072937
vt 0.877930 0.081848
vt 0.879395 0.073364
vt 0.880859 0.053131
vt 0.883789 0.061920
vt 0.884766 0.053009
vt 0.886230 0.049896
vt 0.882812 0.047577
vt 0.880859 0.047577
vt 0.882812 0.043365
vt 0.870117 0.081787
vt 0.879883 0.052277
vt 0.879883 0.048737
vt 0.885254 0.037079
vt 0.877441 0.037201
vt 0.872559 0.045654
vt 0.868652 0.051605
vt 0.867188 0.047943
vt 0.860840 0.040985
vt 0.861328 0.033020
vt 0.856934 0.045624
vt 0.829102 0.045685
vt 0.831055 0.043121
vt 0.846680 0.034973
vt 0.834473 0.032166
vt 0.819336 0.033417
vt 0.809082 0.033569
vt 0.820312 0.039001
vt 0.783691 0.046234
vt 0.785156 0.036377
vt 0.784668 0.035187
vt 0.781250 0.035736
vt 0.780273 0.036102
vt 0.778320 0.036346
vt 0.781738 0.047058
vt 0.785156 0.049164
vt 0.781250 0.051056
vt 0.784668 0.057404
vt 0.782715 0.061218
vt 0.786133 0.073120
vt 0.786133 0.054474
vt 0.789062 0.070679
vt 0.787109 0.075928
vt 0.833496 0.052215
vt 0.809570 0.070862
vt 0.815580 0.071798
vt 0.839844 0.067932
vt 0.808105 0.071594
vt 0.788574 0.084229
vt 0.789062 0.100769
vt 0.812500 0.072876
vt 0.811523 0.070862
vt 0.851417 0.079047
vt 0.785156 0.101746
vt 0.787598 0.102844
vt 0.854004 0.073792
vt 0.790527 0.100525
vt 0.790039 0.104187
vt 0.855880 0.077076
vt 0.853516 0.072205
vt 0.854492 0.070679
vt 0.860476 0.071949
vt 0.856445 0.072815
vt 0.855469 0.074219
vt 0.855957 0.071777
vt 0.930664 0.912598
vt 0.936035 0.914551
vt 0.936035 0.912598
vt 0.931152 0.914062
vt 0.931641 0.916504
vt 0.929688 0.914062
vt 0.927734 0.915527
vt 0.936035 0.915527
vt 0.930176 0.920898
vt 0.932617 0.919434
vt 0.932129 0.922852
vt 0.929199 0.922852
vt 0.932129 0.924316
vt 0.934082 0.923828
vt 0.933594 0.921875
vt 0.935547 0.922363
vt 0.935059 0.920410
vt 0.937012 0.916992
vt 0.938477 0.917480
vt 0.937012 0.915527
vt 0.938965 0.916504
vt 0.180786 0.969727
vt 0.178467 0.969727
vt 0.178955 0.973145
vt 0.183594 0.972656
vt 0.181763 0.970215
vt 0.183838 0.970215
vt 0.185669 0.970703
vt 0.185669 0.972168
vt 0.179565 0.975586
vt 0.184937 0.973633
vt 0.182129 0.978027
vt 0.186157 0.974121
vt 0.186401 0.979492
vt 0.183960 0.979492
vt 0.187866 0.974609
vt 0.188110 0.976562
vt 0.189209 0.977051
vt 0.189575 0.979492
vt 0.189941 0.318604
vt 0.192017 0.319580
vt 0.190674 0.315918
vt 0.221924 0.317383
vt 0.215820 0.319824
vt 0.224365 0.319336
vt 0.189941 0.310547
vt 0.230225 0.319092
vt 0.186768 0.302734
vt 0.187988 0.308838
vt 0.186279 0.290039
vt 0.184204 0.296387
vt 0.182373 0.284424
vt 0.187744 0.282227
vt 0.182129 0.282959
vt 0.186279 0.270752
vt 0.182617 0.270752
vt 0.179565 0.270264
vt 0.178833 0.262695
vt 0.238770 0.318604
vt 0.239014 0.319580
vt 0.247437 0.280762
vt 0.267822 0.317383
vt 0.268066 0.318604
vt 0.280273 0.318115
vt 0.290039 0.317139
vt 0.290039 0.317871
vt 0.294189 0.317139
vt 0.296387 0.306641
vt 0.300781 0.316895
vt 0.305908 0.317383
vt 0.312256 0.317139
vt 0.315186 0.313232
vt 0.314209 0.316650
vt 0.315430 0.315430
vt 0.313965 0.311279
vt 0.315430 0.310059
vt 0.315918 0.304199
vt 0.316406 0.294922
vt 0.317383 0.299561
vt 0.318604 0.293213
vt 0.318359 0.279297
vt 0.319336 0.285400
vt 0.319824 0.279785
vt 0.321045 0.278564
vt 0.321045 0.277588
vt 0.315918 0.276611
vt 0.313965 0.276611
vt 0.316895 0.264893
vt 0.291992 0.266113
vt 0.322021 0.263428
vt 0.321777 0.264404
vt 0.257080 0.246216
vt 0.323730 0.247803
vt 0.324219 0.262207
vt 0.325195 0.247925
vt 0.324951 0.243774
vt 0.322998 0.242554
vt 0.324951 0.241455
vt 0.291992 0.244385
vt 0.323486 0.238769
vt 0.327881 0.237305
vt 0.292725 0.243286
vt 0.321533 0.234863
vt 0.327881 0.234741
vt 0.256348 0.242798
vt 0.321533 0.237061
vt 0.321289 0.220825
vt 0.326904 0.215576
vt 0.294189 0.235107
vt 0.258545 0.238891
vt 0.316406 0.209839
vt 0.263184 0.237061
vt 0.251709 0.216675
vt 0.251221 0.236328
vt 0.239624 0.244141
vt 0.238403 0.239502
vt 0.239136 0.245972
vt 0.242554 0.237305
vt 0.207764 0.246582
vt 0.175781 0.253174
vt 0.175293 0.249390
vt 0.174927 0.247437
vt 0.200073 0.245727
vt 0.176392 0.245117
vt 0.175781 0.241821
vt 0.220215 0.242432
vt 0.204834 0.240845
vt 0.177734 0.240845
vt 0.176392 0.238647
vt 0.221313 0.238403
vt 0.216431 0.236938
vt 0.231812 0.228149
vt 0.175049 0.232056
vt 0.171631 0.239380
vt 0.170898 0.236938
vt 0.172485 0.223999
vt 0.176514 0.208984
vt 0.201294 0.166138
vt 0.181274 0.197876
vt 0.177734 0.203369
vt 0.178223 0.198120
vt 0.178711 0.195923
vt 0.178955 0.193115
vt 0.179321 0.188721
vt 0.180298 0.184082
vt 0.182617 0.174683
vt 0.188477 0.169678
vt 0.182739 0.170776
vt 0.185303 0.163696
vt 0.187744 0.162964
vt 0.189209 0.163818
vt 0.193604 0.162720
vt 0.205322 0.162354
vt 0.208008 0.161865
vt 0.208618 0.160034
vt 0.210815 0.161011
vt 0.216797 0.162720
vt 0.215576 0.160645
vt 0.218018 0.159790
vt 0.224487 0.160767
vt 0.235229 0.161011
vt 0.239136 0.164551
vt 0.239136 0.160034
vt 0.240234 0.160034
vt 0.240845 0.160522
vt 0.241943 0.160522
vt 0.247437 0.160278
vt 0.275391 0.164185
vt 0.272705 0.159912
vt 0.279785 0.160522
vt 0.285156 0.160889
vt 0.289551 0.161255
vt 0.298828 0.161987
vt 0.314209 0.199585
vt 0.308105 0.163696
vt 0.308838 0.161377
vt 0.312012 0.160156
vt 0.312256 0.162354
vt 0.313721 0.172852
vt 0.316406 0.180786
vt 0.317871 0.197266
vt 0.319336 0.191895
vt 0.321533 0.198730
vt 0.319824 0.199829
vt 0.318359 0.200195
vt 0.316406 0.199585
vt 0.317627 0.205078
vt 0.318359 0.208740
vt 0.319580 0.205933
vt 0.322266 0.207153
vt 0.321777 0.213745
vt 0.322021 0.211792
vt 0.323975 0.212891
vt 0.325684 0.206909
vt 0.328369 0.204956
vt 0.324707 0.215576
vt 0.330811 0.207520
vt 0.329346 0.205322
vt 0.009094 0.603027
vt 0.015442 0.596680
vt 0.008301 0.595703
vt 0.024509 0.603420
vt 0.010292 0.606445
vt 0.018997 0.595703
vt 0.009918 0.607422
vt 0.026123 0.603516
vt 0.019547 0.591309
vt 0.047333 0.599121
vt 0.019318 0.574219
vt 0.016830 0.572754
vt 0.048767 0.596191
vt 0.088440 0.590820
vt 0.088623 0.591797
vt 0.135620 0.582031
vt 0.083069 0.585938
vt 0.146851 0.577637
vt 0.171021 0.574219
vt 0.170776 0.572754
vt 0.167725 0.554199
vt 0.166870 0.551758
vt 0.165161 0.552734
vt 0.158813 0.554688
vt 0.161621 0.552734
vt 0.161499 0.542480
vt 0.136841 0.548340
vt 0.088196 0.560059
vt 0.119263 0.549805
vt 0.161499 0.541016
vt 0.163208 0.538574
vt 0.075623 0.560547
vt 0.130371 0.545410
vt 0.161987 0.537598
vt 0.093628 0.556152
vt 0.076477 0.557617
vt 0.017975 0.571289
vt 0.016220 0.570312
vt 0.017960 0.568848
vt 0.014519 0.569336
vt 0.015419 0.566895
vt 0.069885 0.557129
vt 0.017532 0.566406
vt 0.014946 0.563477
vt 0.039490 0.562500
vt 0.017380 0.563477
vt 0.015129 0.541504
vt 0.074341 0.553223
vt 0.012161 0.538086
vt 0.008156 0.536621
vt 0.011703 0.535156
vt 0.010338 0.525391
vt 0.010445 0.519043
vt 0.113098 0.543457
vt 0.092712 0.532227
vt 0.158081 0.536621
vt 0.160645 0.536133
vt 0.158203 0.534180
vt 0.160156 0.525391
vt 0.157959 0.507324
vt 0.159912 0.511719
vt 0.160156 0.506348
vt 0.159302 0.501953
vt 0.082825 0.526367
vt 0.155518 0.495605
vt 0.158569 0.495117
vt 0.087158 0.509277
vt 0.044922 0.516602
vt 0.023880 0.518066
vt 0.091248 0.506836
vt 0.020309 0.517090
vt 0.011055 0.517090
vt 0.032990 0.515625
vt 0.022995 0.514648
vt 0.011482 0.512207
vt 0.075378 0.506836
vt 0.043182 0.495361
vt 0.010834 0.485352
vt 0.107300 0.500977
vt 0.104980 0.503906
vt 0.140015 0.496338
vt 0.155151 0.493164
vt 0.156372 0.491211
vt 0.131714 0.483887
vt 0.155029 0.480957
vt 0.154785 0.435547
vt 0.156494 0.442627
vt 0.156616 0.431152
vt 0.156616 0.419434
vt 0.155396 0.411377
vt 0.156860 0.411621
vt 0.157471 0.400879
vt 0.155029 0.377441
vt 0.157349 0.395020
vt 0.156982 0.380127
vt 0.157471 0.361816
vt 0.096680 0.413818
vt 0.156372 0.353516
vt 0.157227 0.353516
vt 0.156860 0.344482
vt 0.123230 0.377686
vt 0.155640 0.333740
vt 0.157471 0.333740
vt 0.157959 0.332520
vt 0.123474 0.375488
vt 0.122437 0.340088
vt 0.154663 0.331543
vt 0.158813 0.330566
vt 0.157959 0.328369
vt 0.140137 0.329346
vt 0.122253 0.328125
vt 0.129761 0.325928
vt 0.156982 0.322510
vt 0.158081 0.326904
vt 0.159668 0.325684
vt 0.158447 0.324219
vt 0.160034 0.301514
vt 0.120605 0.314941
vt 0.090881 0.321045
vt 0.076538 0.317139
vt 0.086731 0.322510
vt 0.071228 0.318359
vt 0.060333 0.340332
vt 0.013329 0.310059
vt 0.015038 0.307617
vt 0.088074 0.375977
vt 0.011276 0.309082
vt 0.011742 0.302246
vt 0.011131 0.312500
vt 0.012993 0.293945
vt 0.013168 0.337158
vt 0.010155 0.347168
vt 0.009583 0.377441
vt 0.012230 0.376221
vt 0.009300 0.389404
vt 0.040924 0.376709
vt 0.026550 0.377930
vt 0.017929 0.405762
vt 0.009232 0.404297
vt 0.008789 0.435303
vt 0.087891 0.377197
vt 0.014877 0.448242
vt 0.008904 0.448242
vt 0.008804 0.455078
vt 0.103516 0.376709
vt 0.112793 0.377686
vt 0.087769 0.379150
vt 0.072205 0.447754
vt 0.046661 0.448486
vt 0.026779 0.476562
vt 0.008743 0.470459
vt 0.091431 0.474854
vt 0.041534 0.483887
vt 0.115173 0.484375
vt 0.072327 0.482910
vt 0.058167 0.486816
vt 0.056641 0.485352
vt 0.070862 0.484619
vt 0.082458 0.487793
vt 0.072693 0.486328
vt 0.107727 0.487305
vt 0.077942 0.484619
vt 0.115540 0.489746
vt 0.086731 0.481934
vt 0.086243 0.483887
vt 0.095459 0.483643
vt 0.086121 0.485840
vt 0.090332 0.486572
vt 0.105347 0.484619
vt 0.110046 0.485840
vt 0.115173 0.485840
vt 0.120667 0.486084
vt 0.121887 0.487549
vt 0.129517 0.484619
vt 0.126221 0.485596
vt 0.130127 0.486572
vt 0.920898 0.625488
vt 0.921387 0.624023
vt 0.920410 0.624512
vt 0.926758 0.625488
vt 0.928223 0.622070
vt 0.920898 0.626465
vt 0.937988 0.621094
vt 0.936035 0.619141
vt 0.937012 0.619141
vt 0.940430 0.618164
vt 0.947266 0.625488
vt 0.956543 0.615234
vt 0.961914 0.611328
vt 0.973145 0.624023
vt 0.965332 0.611328
vt 0.966797 0.608887
vt 0.973145 0.626465
vt 0.969238 0.609863
vt 0.968750 0.608398
vt 0.976562 0.607910
vt 0.985840 0.606934
vt 0.980957 0.606934
vt 0.983887 0.610352
vt 0.975098 0.623535
vt 0.974121 0.625488
vt 0.974121 0.635254
vt 0.969238 0.635742
vt 0.974121 0.637207
vt 0.974609 0.638184
vt 0.921387 0.627930
vt 0.919434 0.626465
vt 0.913574 0.626465
vt 0.915039 0.627930
vt 0.912598 0.633789
vt 0.913574 0.636719
vt 0.912109 0.634766
vt 0.928223 0.638184
vt 0.915527 0.638672
vt 0.929199 0.642578
vt 0.938965 0.640137
vt 0.966797 0.649902
vt 0.968750 0.653320
vt 0.965820 0.651855
vt 0.937500 0.644531
vt 0.937012 0.645020
vt 0.936035 0.646484
vt 0.937500 0.646484
vt 0.971191 0.652344
vt 0.975586 0.639160
vt 0.971191 0.653809
vt 0.973145 0.652832
vt 0.988281 0.651855
vt 0.987305 0.653809
vt 0.014526 0.131226
vt 0.012817 0.136475
vt 0.015160 0.142944
vt 0.017349 0.137695
vt 0.014565 0.125366
vt 0.015114 0.145508
vt 0.018219 0.111694
vt 0.015541 0.111633
vt 0.015030 0.094238
vt 0.016998 0.092834
vt 0.014839 0.092285
vt 0.014969 0.090271
vt 0.025848 0.091370
vt 0.033630 0.094116
vt 0.040100 0.091248
vt 0.057770 0.092041
vt 0.050659 0.139404
vt 0.137207 0.094666
vt 0.065186 0.091736
vt 0.077026 0.091370
vt 0.106812 0.091919
vt 0.128540 0.092102
vt 0.145630 0.093018
vt 0.153931 0.092346
vt 0.223145 0.094116
vt 0.196045 0.091980
vt 0.203003 0.092163
vt 0.224731 0.091980
vt 0.224609 0.093689
vt 0.174438 0.107239
vt 0.221680 0.128784
vt 0.223267 0.122070
vt 0.223511 0.132446
vt 0.222900 0.142090
vt 0.221924 0.144409
vt 0.223999 0.144043
vt 0.231201 0.145386
vt 0.230957 0.144287
vt 0.232788 0.144531
vt 0.232544 0.151855
vt 0.229858 0.152100
vt 0.223022 0.151367
vt 0.228394 0.152588
vt 0.221680 0.148438
vt 0.218628 0.152100
vt 0.216187 0.151733
vt 0.211548 0.151978
vt 0.207642 0.151367
vt 0.195312 0.151245
vt 0.203491 0.151978
vt 0.171143 0.149170
vt 0.183350 0.152222
vt 0.175293 0.152222
vt 0.161133 0.151855
vt 0.155396 0.152466
vt 0.135010 0.152710
vt 0.114136 0.153442
vt 0.122070 0.153809
vt 0.109009 0.151001
vt 0.109619 0.153564
vt 0.099792 0.153564
vt 0.095947 0.153198
vt 0.083069 0.150269
vt 0.094177 0.153320
vt 0.087219 0.152954
vt 0.079834 0.153442
vt 0.077026 0.153198
vt 0.071960 0.149780
vt 0.069214 0.153076
vt 0.066101 0.153076
vt 0.059021 0.152222
vt 0.044403 0.149292
vt 0.046509 0.152710
vt 0.052399 0.152832
vt 0.039764 0.152100
vt 0.026398 0.152222
vt 0.022064 0.149658
vt 0.022552 0.152100
vt 0.015175 0.151978
vt 0.008072 0.150269
vt 0.008057 0.151733
vt 0.011604 0.145630
vt 0.007874 0.145508
vt 0.903320 0.632324
vt 0.895996 0.635742
vt 0.902344 0.635254
vt 0.893067 0.631836
vt 0.902832 0.630859
vt 0.889648 0.634766
vt 0.892578 0.620117
vt 0.888672 0.632324
vt 0.887695 0.634766
vt 0.886719 0.630859
vt 0.884277 0.633301
vt 0.859863 0.627441
vt 0.891602 0.619141
vt 0.856445 0.624512
vt 0.856934 0.626465
vt 0.854492 0.625488
vt 0.833984 0.620605
vt 0.869629 0.621094
vt 0.846191 0.619141
vt 0.833984 0.618652
vt 0.871582 0.618652
vt 0.889648 0.618164
vt 0.891602 0.618164
vt 0.892090 0.613281
vt 0.859863 0.616699
vt 0.890137 0.612793
vt 0.891602 0.607910
vt 0.849609 0.608887
vt 0.891113 0.605957
vt 0.829102 0.618652
vt 0.833008 0.619629
vt 0.828125 0.618652
vt 0.830566 0.606934
vt 0.831543 0.606934
vt 0.838867 0.606934
vt 0.838379 0.607910
vt 0.841309 0.606934
vt 0.856934 0.601562
vt 0.850098 0.606934
vt 0.859375 0.602051
vt 0.858887 0.601074
vt 0.868164 0.598145
vt 0.890625 0.604004
vt 0.892090 0.604492
vt 0.860352 0.605469
vt 0.885742 0.594238
vt 0.884277 0.592773
vt 0.887695 0.589844
vt 0.889160 0.595215
vt 0.897461 0.597168
vt 0.901367 0.592285
vt 0.900391 0.590332
vt 0.901367 0.588867
vt 0.902832 0.591309
vt 0.236328 0.107727
vt 0.252197 0.106445
vt 0.234375 0.106995
vt 0.251465 0.104431
vt 0.302246 0.104919
vt 0.244141 0.092041
vt 0.289062 0.102661
vt 0.305664 0.104858
vt 0.278320 0.090698
vt 0.245117 0.090698
vt 0.342773 0.104614
vt 0.311035 0.105042
vt 0.351318 0.105225
vt 0.358643 0.105286
vt 0.369629 0.104675
vt 0.308105 0.091614
vt 0.381348 0.101013
vt 0.303711 0.089600
vt 0.394531 0.104980
vt 0.378906 0.106506
vt 0.394287 0.106079
vt 0.399902 0.104614
vt 0.399902 0.105713
vt 0.400146 0.096619
vt 0.400879 0.105469
vt 0.401123 0.107239
vt 0.408936 0.106689
vt 0.414307 0.104797
vt 0.418945 0.105408
vt 0.435791 0.103699
vt 0.435547 0.104919
vt 0.427002 0.089539
vt 0.392334 0.089783
vt 0.426514 0.088684
vt 0.426025 0.087097
vt 0.361084 0.088013
vt 0.336670 0.087036
vt 0.359619 0.080688
vt 0.395020 0.079346
vt 0.426270 0.078735
vt 0.426514 0.076477
vt 0.296387 0.087402
vt 0.245483 0.089478
vt 0.395020 0.076843
vt 0.427002 0.075195
vt 0.246582 0.087585
vt 0.245605 0.087646
vt 0.245850 0.078186
vt 0.283447 0.079163
vt 0.347900 0.078796
vt 0.265869 0.077576
vt 0.244629 0.076294
vt 0.360596 0.078613
vt 0.364746 0.077271
vt 0.316162 0.077270
vt 0.395020 0.068115
vt 0.434570 0.061615
vt 0.343018 0.064941
vt 0.367432 0.064392
vt 0.428711 0.059723
vt 0.435547 0.059418
vt 0.420166 0.060638
vt 0.421143 0.059448
vt 0.413818 0.059998
vt 0.407471 0.060822
vt 0.398926 0.061676
vt 0.404053 0.060181
vt 0.389160 0.061768
vt 0.367920 0.062622
vt 0.366943 0.062408
vt 0.355713 0.063232
vt 0.358643 0.062500
vt 0.350342 0.062500
vt 0.325195 0.062927
vt 0.317871 0.064758
vt 0.318359 0.063354
vt 0.318359 0.062378
vt 0.312256 0.062744
vt 0.301025 0.062866
vt 0.295654 0.064941
vt 0.284424 0.062561
vt 0.281250 0.062866
vt 0.271973 0.064392
vt 0.274902 0.062469
vt 0.271240 0.062164
vt 0.255371 0.061951
vt 0.254395 0.064087
vt 0.252686 0.062103
vt 0.234985 0.063782
vt 0.245239 0.061737
vt 0.248047 0.060944
vt 0.234741 0.061127
vt 0.236694 0.059631
vt 0.232300 0.061005
vt 0.822266 0.944336
vt 0.828125 0.956055
vt 0.826172 0.944336
vt 0.821777 0.957520
vt 0.821289 0.944336
vt 0.820801 0.954590
vt 0.820312 0.956055
vt 0.800781 0.954590
vt 0.828125 0.958496
vt 0.792480 0.954102
vt 0.829102 0.975586
vt 0.785645 0.973145
vt 0.829102 0.977539
vt 0.790527 0.976074
vt 0.771484 0.975098
vt 0.744629 0.959961
vt 0.780273 0.952148
vt 0.766113 0.951660
vt 0.744141 0.972168
vt 0.744141 0.974121
vt 0.742188 0.974121
vt 0.742676 0.972168
vt 0.742676 0.968262
vt 0.746094 0.949707
vt 0.742676 0.962402
vt 0.741211 0.958008
vt 0.743652 0.950684
vt 0.745117 0.950195
vt 0.326660 0.312744
vt 0.324951 0.309326
vt 0.323975 0.312988
vt 0.326904 0.309570
vt 0.324951 0.308350
vt 0.349365 0.314697
vt 0.325439 0.306641
vt 0.354248 0.313232
vt 0.350830 0.315186
vt 0.353516 0.315430
vt 0.357910 0.315918
vt 0.334961 0.280517
vt 0.330566 0.288818
vt 0.346680 0.234863
vt 0.356690 0.288086
vt 0.347656 0.236328
vt 0.347900 0.235107
vt 0.359619 0.238281
vt 0.364746 0.286133
vt 0.359375 0.316406
vt 0.368652 0.242554
vt 0.366211 0.239746
vt 0.372559 0.241333
vt 0.377197 0.244751
vt 0.379639 0.243896
vt 0.375488 0.240356
vt 0.382812 0.244263
vt 0.375000 0.256348
vt 0.382080 0.247314
vt 0.384033 0.247070
vt 0.385010 0.245728
vt 0.378662 0.268799
vt 0.409180 0.245728
vt 0.369873 0.305176
vt 0.363770 0.316895
vt 0.366943 0.315430
vt 0.366455 0.317627
vt 0.368652 0.317139
vt 0.368897 0.315918
vt 0.390869 0.318359
vt 0.408203 0.247436
vt 0.408691 0.314697
vt 0.407471 0.318359
vt 0.411377 0.318359
vt 0.409912 0.290039
vt 0.421143 0.315430
vt 0.419678 0.318359
vt 0.434082 0.318359
vt 0.448242 0.318359
vt 0.418701 0.247192
vt 0.417480 0.245605
vt 0.423584 0.245728
vt 0.432373 0.245483
vt 0.461914 0.245605
vt 0.474121 0.245972
vt 0.480469 0.316650
vt 0.482666 0.318848
vt 0.486328 0.249023
vt 0.484131 0.245972
vt 0.488281 0.246338
vt 0.482910 0.311767
vt 0.510254 0.319092
vt 0.489746 0.246948
vt 0.494629 0.246460
vt 0.500000 0.246582
vt 0.505859 0.251953
vt 0.506348 0.246948
vt 0.513672 0.274658
vt 0.509277 0.250244
vt 0.508301 0.247314
vt 0.510254 0.247192
vt 0.513184 0.252441
vt 0.512207 0.245850
vt 0.515137 0.244751
vt 0.514160 0.261963
vt 0.520996 0.244995
vt 0.520996 0.243286
vt 0.525391 0.241577
vt 0.532227 0.241455
vt 0.515625 0.278809
vt 0.549316 0.255859
vt 0.539062 0.237793
vt 0.544922 0.236328
vt 0.523926 0.285645
vt 0.517090 0.287598
vt 0.512207 0.288330
vt 0.517578 0.297119
vt 0.517090 0.314209
vt 0.519043 0.295654
vt 0.516602 0.319092
vt 0.519043 0.318848
vt 0.521973 0.310059
vt 0.522461 0.316650
vt 0.524414 0.318848
vt 0.523438 0.315430
vt 0.525391 0.319580
vt 0.530273 0.306396
vt 0.532715 0.315430
vt 0.532227 0.318848
vt 0.538574 0.317139
vt 0.542480 0.316895
vt 0.547363 0.313965
vt 0.557129 0.314453
vt 0.562500 0.312500
vt 0.564453 0.315186
vt 0.559082 0.289062
vt 0.565430 0.312744
vt 0.565430 0.315186
vt 0.567871 0.315186
vt 0.569336 0.313232
vt 0.567871 0.311035
vt 0.566895 0.309814
vt 0.563965 0.302002
vt 0.564941 0.302002
vt 0.560059 0.282227
vt 0.550781 0.253418
vt 0.547363 0.235352
vt 0.546387 0.235596
vt 0.166138 0.275146
vt 0.165039 0.276855
vt 0.165894 0.278076
vt 0.159424 0.274902
vt 0.160767 0.276855
vt 0.160034 0.290771
vt 0.167725 0.258301
vt 0.153198 0.253418
vt 0.167847 0.256348
vt 0.152344 0.255371
vt 0.140015 0.250732
vt 0.142212 0.255371
vt 0.108154 0.244385
vt 0.105957 0.249145
vt 0.102722 0.243652
vt 0.133545 0.284912
vt 0.088684 0.251953
vt 0.089966 0.241089
vt 0.073547 0.237671
vt 0.089600 0.274414
vt 0.049072 0.243286
vt 0.037201 0.230713
vt 0.019135 0.233154
vt 0.019211 0.227417
vt 0.020706 0.234619
vt 0.017410 0.234741
vt 0.045288 0.260254
vt 0.021454 0.240234
vt 0.019257 0.255615
vt 0.083862 0.275635
vt 0.027985 0.289551
vt 0.016312 0.274902
vt 0.109985 0.308105
vt 0.014282 0.288818
vt 0.119629 0.313232
vt 0.060760 0.287842
vt 0.088013 0.306885
vt 0.065491 0.298828
vt 0.078247 0.304199
vt 0.047028 0.293945
vt 0.058777 0.298584
vt 0.053650 0.296143
vt 0.033569 0.296631
vt 0.056152 0.299805
vt 0.050629 0.297607
vt 0.041931 0.294678
vt 0.042419 0.295898
vt 0.033936 0.294189
vt 0.025208 0.292725
vt 0.026901 0.291016
vt 0.018631 0.291260
vt 0.015747 0.292480
vt 0.010521 0.291504
vt 0.916992 0.925293
vt 0.919922 0.924805
vt 0.909180 0.925293
vt 0.907715 0.923340
vt 0.907227 0.925781
vt 0.919922 0.922363
vt 0.905762 0.923340
vt 0.909180 0.920898
vt 0.904785 0.920898
vt 0.906250 0.918457
vt 0.919434 0.919922
vt 0.920410 0.921875
vt 0.920898 0.919922
vt 0.919922 0.917480
vt 0.919434 0.916504
vt 0.906738 0.916504
vt 0.908691 0.916504
vt 0.916504 0.916016
vt 0.918945 0.914062
vt 0.700195 0.969727
vt 0.725586 0.971191
vt 0.695312 0.968750
vt 0.726562 0.969727
vt 0.696289 0.966797
vt 0.686524 0.967773
vt 0.686523 0.969727
vt 0.685059 0.970215
vt 0.684082 0.968750
vt 0.683105 0.966309
vt 0.686035 0.965820
vt 0.683594 0.963379
vt 0.691895 0.964355
vt 0.685547 0.961426
vt 0.684082 0.961426
vt 0.694824 0.961914
vt 0.694824 0.959961
vt 0.700684 0.960449
vt 0.712891 0.966797
vt 0.705566 0.964355
vt 0.727051 0.963867
vt 0.726562 0.961914
vt 0.725098 0.965820
vt 0.728027 0.965332
vt 0.728027 0.967773
vt 0.725586 0.968262
vt 0.865723 0.206421
vt 0.860840 0.221313
vt 0.861816 0.219727
vt 0.870605 0.183960
vt 0.869141 0.183105
vt 0.876953 0.153320
vt 0.882324 0.126709
vt 0.883301 0.126587
vt 0.836914 0.220093
vt 0.847656 0.175659
vt 0.849121 0.246948
vt 0.856934 0.235352
vt 0.845215 0.285645
vt 0.858398 0.124634
vt 0.874512 0.125610
vt 0.855469 0.122620
vt 0.837402 0.316406
vt 0.838867 0.315674
vt 0.856445 0.123962
vt 0.831543 0.304199
vt 0.846680 0.177124
vt 0.853027 0.125122
vt 0.851562 0.121765
vt 0.843262 0.196045
vt 0.850586 0.125366
vt 0.841309 0.120239
vt 0.824219 0.117859
vt 0.851074 0.139893
vt 0.849121 0.139648
vt 0.851562 0.144043
vt 0.848145 0.149902
vt 0.844238 0.180054
vt 0.847168 0.161011
vt 0.843262 0.173706
vt 0.835938 0.216187
vt 0.841797 0.172851
vt 0.835449 0.208862
vt 0.832520 0.227417
vt 0.828125 0.236572
vt 0.818848 0.178955
vt 0.825684 0.264404
vt 0.795410 0.287354
vt 0.819336 0.300781
vt 0.815918 0.307373
vt 0.808594 0.328857
vt 0.833496 0.327881
vt 0.838379 0.317383
vt 0.833008 0.336914
vt 0.830566 0.336182
vt 0.809570 0.331299
vt 0.807617 0.331055
vt 0.796387 0.328857
vt 0.790527 0.324951
vt 0.789551 0.326416
vt 0.780762 0.325439
vt 0.780274 0.322754
vt 0.778809 0.325439
vt 0.788574 0.294434
vt 0.777344 0.322266
vt 0.775391 0.325684
vt 0.773926 0.324707
vt 0.779785 0.314941
vt 0.777832 0.312256
vt 0.810547 0.190918
vt 0.794922 0.260010
vt 0.801270 0.200195
vt 0.779297 0.302002
vt 0.783203 0.283447
vt 0.784180 0.270264
vt 0.778809 0.290283
vt 0.783692 0.268799
vt 0.788574 0.248413
vt 0.795898 0.192749
vt 0.796875 0.176270
vt 0.807617 0.116699
vt 0.821289 0.113831
vt 0.807617 0.114624
vt 0.805176 0.115723
vt 0.805664 0.117737
vt 0.796875 0.115845
vt 0.792480 0.118469
vt 0.755371 0.115967
vt 0.762207 0.176147
vt 0.761719 0.118469
vt 0.765625 0.195557
vt 0.735352 0.118347
vt 0.726074 0.116211
vt 0.766113 0.236206
vt 0.762695 0.205444
vt 0.762207 0.227173
vt 0.760254 0.185303
vt 0.759277 0.227295
vt 0.762695 0.237061
vt 0.757812 0.141602
vt 0.758789 0.175171
vt 0.754883 0.227051
vt 0.734375 0.157715
vt 0.757812 0.247803
vt 0.760742 0.235718
vt 0.759766 0.246582
vt 0.763184 0.246948
vt 0.760742 0.268066
vt 0.765625 0.281494
vt 0.762695 0.281250
vt 0.759277 0.288086
vt 0.753418 0.265869
vt 0.762207 0.306152
vt 0.759766 0.306152
vt 0.768066 0.308594
vt 0.756348 0.310059
vt 0.760254 0.310547
vt 0.764160 0.309326
vt 0.762207 0.313232
vt 0.773926 0.322021
vt 0.771973 0.324219
vt 0.765137 0.324707
vt 0.761719 0.323242
vt 0.759766 0.324463
vt 0.737793 0.323730
vt 0.746582 0.324707
vt 0.741699 0.324463
vt 0.729004 0.324707
vt 0.719727 0.324707
vt 0.704590 0.322754
vt 0.704102 0.324219
vt 0.692871 0.323975
vt 0.707520 0.259766
vt 0.692871 0.322754
vt 0.690430 0.323975
vt 0.706055 0.206787
vt 0.690430 0.322754
vt 0.686035 0.323730
vt 0.670410 0.328369
vt 0.684570 0.287842
vt 0.662109 0.328125
vt 0.661621 0.329834
vt 0.642578 0.334961
vt 0.674317 0.272949
vt 0.636719 0.335938
vt 0.636719 0.336670
vt 0.635254 0.337158
vt 0.641113 0.303711
vt 0.629395 0.315674
vt 0.634277 0.337158
vt 0.625488 0.306152
vt 0.618164 0.279053
vt 0.631348 0.298584
vt 0.603027 0.211426
vt 0.607422 0.235596
vt 0.596680 0.190918
vt 0.613281 0.241333
vt 0.586426 0.142456
vt 0.582520 0.129272
vt 0.584473 0.129028
vt 0.601074 0.179687
vt 0.624023 0.240845
vt 0.617676 0.171509
vt 0.620117 0.204102
vt 0.646484 0.286865
vt 0.601074 0.127319
vt 0.600098 0.125854
vt 0.607910 0.124695
vt 0.615234 0.159302
vt 0.609375 0.126343
vt 0.609863 0.123840
vt 0.621582 0.182129
vt 0.612793 0.139160
vt 0.611328 0.127441
vt 0.610840 0.123169
vt 0.612793 0.123779
vt 0.614258 0.140381
vt 0.613281 0.125732
vt 0.616211 0.123352
vt 0.622070 0.169189
vt 0.616699 0.124695
vt 0.638184 0.122253
vt 0.628418 0.121338
vt 0.638672 0.119690
vt 0.642090 0.117493
vt 0.640625 0.116699
vt 0.643066 0.118103
vt 0.654297 0.115417
vt 0.657227 0.150757
vt 0.654785 0.116638
vt 0.656738 0.116577
vt 0.656738 0.117432
vt 0.663574 0.116638
vt 0.659180 0.133057
vt 0.665527 0.118591
vt 0.666504 0.116577
vt 0.663574 0.161377
vt 0.673828 0.118103
vt 0.672852 0.115967
vt 0.676270 0.115479
vt 0.671387 0.185669
vt 0.678223 0.116821
vt 0.679688 0.115845
vt 0.691895 0.115662
vt 0.691895 0.116333
vt 0.701660 0.116394
vt 0.700684 0.118530
vt 0.696289 0.133179
vt 0.721191 0.117065
vt 0.702637 0.145386
vt 0.702149 0.164917
vt 0.701660 0.148438
vt 0.703613 0.176270
vt 0.698242 0.169922
vt 0.700684 0.176636
vt 0.700195 0.191528
vt 0.703613 0.181519
vt 0.704590 0.193726
vt 0.702148 0.194458
vt 0.702637 0.200317
vt 0.704102 0.206421
vt 0.702637 0.204224
vt 0.701660 0.217773
vt 0.694824 0.199829
vt 0.703613 0.231201
vt 0.698242 0.230591
vt 0.702148 0.239624
vt 0.705078 0.266846
vt 0.679199 0.227783
vt 0.702637 0.257812
vt 0.705566 0.282715
vt 0.703613 0.267822
vt 0.702637 0.281738
vt 0.703613 0.274658
vt 0.703613 0.276855
vt 0.701660 0.269287
vt 0.687500 0.287109
vt 0.682129 0.270996
vt 0.678223 0.248047
vt 0.675293 0.230347
vt 0.665039 0.230713
vt 0.673828 0.213257
vt 0.672363 0.214233
vt 0.667969 0.187378
vt 0.652832 0.294678
vt 0.637695 0.216919
vt 0.624023 0.156616
vt 0.639160 0.240723
vt 0.623535 0.173218
vt 0.628418 0.193115
vt 0.625000 0.180176
vt 0.625488 0.191772
vt 0.633789 0.217407
vt 0.637695 0.241821
vt 0.633789 0.231445
vt 0.625977 0.206665
vt 0.631348 0.227783
vt 0.639160 0.251709
vt 0.645996 0.277832
vt 0.643066 0.264648
vt 0.645508 0.267090
vt 0.649902 0.288086
vt 0.022278 0.882324
vt 0.017502 0.882324
vt 0.015839 0.883789
vt 0.016006 0.885742
vt 0.021805 0.886719
vt 0.016083 0.888672
vt 0.027756 0.885742
vt 0.022049 0.890137
vt 0.026901 0.886719
vt 0.014671 0.898438
vt 0.013268 0.897461
vt 0.028763 0.888672
vt 0.010483 0.914062
vt 0.008759 0.917480
vt 0.050476 0.896973
vt 0.029785 0.918945
vt 0.014107 0.918945
vt 0.009552 0.919922
vt 0.019958 0.922852
vt 0.011803 0.923828
vt 0.022995 0.927246
vt 0.033295 0.928711
vt 0.037292 0.925293
vt 0.064697 0.932617
vt 0.097229 0.943359
vt 0.050171 0.926758
vt 0.137939 0.949707
vt 0.133301 0.951172
vt 0.091064 0.935547
vt 0.084473 0.906738
vt 0.110535 0.932617
vt 0.164917 0.952148
vt 0.155396 0.953613
vt 0.182251 0.960449
vt 0.182129 0.941406
vt 0.201660 0.959473
vt 0.226807 0.966309
vt 0.224976 0.969238
vt 0.248047 0.971680
vt 0.266846 0.969727
vt 0.272461 0.971680
vt 0.265625 0.973633
vt 0.313477 0.976562
vt 0.314697 0.974121
vt 0.316895 0.977051
vt 0.271240 0.957031
vt 0.328613 0.974609
vt 0.325928 0.976562
vt 0.332520 0.976562
vt 0.337158 0.977539
vt 0.327393 0.973633
vt 0.354248 0.976562
vt 0.354248 0.978027
vt 0.356689 0.974121
vt 0.399658 0.977051
vt 0.400391 0.979980
vt 0.418213 0.979492
vt 0.386475 0.974121
vt 0.418701 0.976074
vt 0.420654 0.979492
vt 0.379150 0.964844
vt 0.420654 0.978516
vt 0.442871 0.979004
vt 0.420410 0.974121
vt 0.422119 0.976562
vt 0.443604 0.977539
vt 0.449463 0.979004
vt 0.458252 0.979004
vt 0.466309 0.978027
vt 0.481445 0.975586
vt 0.439453 0.974609
vt 0.435547 0.969238
vt 0.445312 0.975098
vt 0.443115 0.973145
vt 0.499756 0.971680
vt 0.497070 0.974121
vt 0.506836 0.973145
vt 0.552246 0.963867
vt 0.563965 0.964844
vt 0.566406 0.967285
vt 0.483154 0.962891
vt 0.585938 0.963867
vt 0.586426 0.965332
vt 0.639160 0.959473
vt 0.593750 0.960449
vt 0.666992 0.953125
vt 0.701660 0.950195
vt 0.692383 0.949219
vt 0.720215 0.947754
vt 0.665039 0.951172
vt 0.779297 0.934082
vt 0.750488 0.941895
vt 0.762695 0.939941
vt 0.791016 0.934570
vt 0.606934 0.956055
vt 0.824219 0.926270
vt 0.822754 0.928223
vt 0.542969 0.956055
vt 0.856445 0.917969
vt 0.845703 0.922852
vt 0.468750 0.946289
vt 0.862305 0.917969
vt 0.859375 0.919434
vt 0.861328 0.918945
vt 0.875977 0.916016
vt 0.857422 0.916504
vt 0.882324 0.911133
vt 0.927246 0.903809
vt 0.808105 0.926758
vt 0.880371 0.909180
vt 0.958008 0.893066
vt 0.957520 0.896484
vt 0.958984 0.896973
vt 0.959961 0.895996
vt 0.979004 0.890625
vt 0.988281 0.885254
vt 0.985840 0.888672
vt 0.990723 0.887207
vt 0.989258 0.883301
vt 0.977051 0.885742
vt 0.986328 0.879883
vt 0.989258 0.879883
vt 0.987793 0.871094
vt 0.865723 0.910645
vt 0.981445 0.865234
vt 0.805176 0.920410
vt 0.983887 0.862305
vt 0.985352 0.859375
vt 0.982910 0.850586
vt 0.979980 0.840820
vt 0.789062 0.930176
vt 0.975098 0.842773
vt 0.750977 0.935547
vt 0.788574 0.905273
vt 0.646484 0.950195
vt 0.875488 0.885742
vt 0.696289 0.918945
vt 0.941406 0.850586
vt 0.869141 0.864258
vt 0.974121 0.840820
vt 0.978516 0.839355
vt 0.908203 0.855469
vt 0.975098 0.839355
vt 0.871582 0.861816
vt 0.870117 0.860840
vt 0.869141 0.860840
vt 0.973633 0.833496
vt 0.977051 0.832520
vt 0.926270 0.840332
vt 0.975098 0.830078
vt 0.977051 0.830566
vt 0.978516 0.827148
vt 0.977051 0.825684
vt 0.967773 0.831543
vt 0.969238 0.829590
vt 0.975586 0.825195
vt 0.977539 0.823242
vt 0.978027 0.821777
vt 0.965820 0.823730
vt 0.973633 0.819824
vt 0.967285 0.829102
vt 0.977539 0.819336
vt 0.979492 0.819336
vt 0.979492 0.815430
vt 0.965332 0.826660
vt 0.977051 0.815918
vt 0.978516 0.812988
vt 0.979980 0.813477
vt 0.978516 0.811523
vt 0.970215 0.814453
vt 0.976074 0.811523
vt 0.978516 0.810059
vt 0.980957 0.810547
vt 0.981934 0.809082
vt 0.979980 0.807617
vt 0.977539 0.806152
vt 0.979980 0.805176
vt 0.979004 0.802734
vt 0.973145 0.810059
vt 0.975098 0.804688
vt 0.968750 0.807129
vt 0.975098 0.800781
vt 0.979004 0.795410
vt 0.977051 0.780273
vt 0.955078 0.808594
vt 0.975724 0.779248
vt 0.978516 0.777832
vt 0.965820 0.801758
vt 0.967285 0.806152
vt 0.962891 0.789551
vt 0.953125 0.806641
vt 0.951172 0.804688
vt 0.963379 0.820312
vt 0.962402 0.824219
vt 0.944824 0.816895
vt 0.937012 0.829102
vt 0.924805 0.827148
vt 0.926758 0.833496
vt 0.926758 0.831543
vt 0.946289 0.833496
vt 0.926336 0.836447
vt 0.862305 0.843262
vt 0.865418 0.848716
vt 0.869141 0.850586
vt 0.867188 0.850098
vt 0.869771 0.848994
vt 0.867188 0.856934
vt 0.806152 0.873047
vt 0.863770 0.876953
vt 0.806641 0.900391
vt 0.815430 0.886719
vt 0.767578 0.883789
vt 0.774414 0.905762
vt 0.790527 0.861816
vt 0.758789 0.870117
vt 0.725586 0.892090
vt 0.836914 0.846680
vt 0.776367 0.857910
vt 0.802734 0.853027
vt 0.692871 0.870605
vt 0.779297 0.856445
vt 0.807129 0.848145
vt 0.752930 0.856934
vt 0.718750 0.862793
vt 0.780762 0.851074
vt 0.764648 0.847656
vt 0.736816 0.858398
vt 0.834473 0.845703
vt 0.814941 0.846191
vt 0.843262 0.843750
vt 0.869141 0.838867
vt 0.822754 0.834473
vt 0.886719 0.836914
vt 0.840332 0.833496
vt 0.875488 0.833008
vt 0.865723 0.833496
vt 0.869141 0.828125
vt 0.835449 0.832031
vt 0.895508 0.812500
vt 0.825684 0.824219
vt 0.840820 0.815430
vt 0.784668 0.834473
vt 0.934082 0.814453
vt 0.917969 0.810059
vt 0.933594 0.809082
vt 0.932129 0.807129
vt 0.913574 0.808594
vt 0.901855 0.809082
vt 0.936523 0.806152
vt 0.935547 0.805176
vt 0.914062 0.805664
vt 0.930664 0.803711
vt 0.925293 0.804199
vt 0.937500 0.795410
vt 0.926270 0.799805
vt 0.912109 0.802734
vt 0.907227 0.803711
vt 0.900879 0.807129
vt 0.903320 0.801270
vt 0.895508 0.805176
vt 0.891602 0.806152
vt 0.884277 0.804688
vt 0.882812 0.807617
vt 0.878906 0.803711
vt 0.868164 0.808105
vt 0.869141 0.805176
vt 0.846680 0.808105
vt 0.841797 0.798828
vt 0.861817 0.778809
vt 0.847656 0.805176
vt 0.933105 0.780273
vt 0.882324 0.772949
vt 0.955567 0.768555
vt 0.838379 0.768066
vt 0.892578 0.766602
vt 0.879395 0.767578
vt 0.828125 0.770996
vt 0.863770 0.763184
vt 0.835938 0.765625
vt 0.830078 0.768555
vt 0.805176 0.778809
vt 0.800781 0.767090
vt 0.783691 0.763184
vt 0.782715 0.766602
vt 0.774902 0.768555
vt 0.780762 0.754883
vt 0.779297 0.765137
vt 0.772461 0.766602
vt 0.783692 0.778809
vt 0.761719 0.767578
vt 0.750977 0.766113
vt 0.744629 0.767578
vt 0.761230 0.765137
vt 0.741211 0.764648
vt 0.761230 0.764160
vt 0.733887 0.754883
vt 0.734375 0.765625
vt 0.687012 0.755371
vt 0.698730 0.765137
vt 0.700195 0.779785
vt 0.691895 0.753418
vt 0.754395 0.778809
vt 0.673828 0.750000
vt 0.787598 0.780273
vt 0.662109 0.753906
vt 0.802246 0.784180
vt 0.663086 0.757324
vt 0.662109 0.750977
vt 0.650391 0.750488
vt 0.670899 0.739746
vt 0.630859 0.765137
vt 0.736328 0.742188
vt 0.632324 0.760254
vt 0.625977 0.766602
vt 0.621094 0.756348
vt 0.609863 0.764160
vt 0.683594 0.779297
vt 0.608887 0.766113
vt 0.600098 0.766113
vt 0.600098 0.767578
vt 0.625977 0.779297
vt 0.584473 0.766602
vt 0.576660 0.765625
vt 0.569336 0.767090
vt 0.583008 0.750977
vt 0.536621 0.761230
vt 0.573730 0.778320
vt 0.532227 0.768066
vt 0.517578 0.750977
vt 0.482178 0.748535
vt 0.465576 0.751465
vt 0.495605 0.742676
vt 0.466064 0.764160
vt 0.544922 0.738281
vt 0.499023 0.766113
vt 0.464844 0.768555
vt 0.462891 0.765625
vt 0.465332 0.747070
vt 0.459717 0.767578
vt 0.486816 0.736328
vt 0.431885 0.767090
vt 0.429688 0.762695
vt 0.455566 0.750000
vt 0.408447 0.766113
vt 0.444824 0.746582
vt 0.410645 0.746094
vt 0.416992 0.743164
vt 0.318848 0.762207
vt 0.380371 0.744141
vt 0.385010 0.733887
vt 0.316650 0.744141
vt 0.293701 0.732422
vt 0.263428 0.742188
vt 0.300293 0.747559
vt 0.280029 0.744141
vt 0.225464 0.757812
vt 0.206909 0.743652
vt 0.218018 0.741211
vt 0.291748 0.765137
vt 0.233398 0.737305
vt 0.312988 0.766113
vt 0.234253 0.731445
vt 0.349609 0.767578
vt 0.304688 0.767578
vt 0.421875 0.768555
vt 0.313721 0.768066
vt 0.408936 0.775391
vt 0.297363 0.776367
vt 0.234253 0.767090
vt 0.236450 0.765137
vt 0.198120 0.763672
vt 0.212158 0.765625
vt 0.189575 0.765625
vt 0.189819 0.764160
vt 0.178589 0.755371
vt 0.156006 0.763672
vt 0.175781 0.773438
vt 0.145020 0.759277
vt 0.171265 0.748535
vt 0.147461 0.741699
vt 0.105896 0.739258
vt 0.124634 0.739746
vt 0.130981 0.738281
vt 0.081116 0.747070
vt 0.100037 0.737793
vt 0.203857 0.738281
vt 0.152710 0.729492
vt 0.210693 0.731934
vt 0.236572 0.730469
vt 0.157349 0.729004
vt 0.213379 0.729004
vt 0.288330 0.731445
vt 0.243408 0.729492
vt 0.199219 0.725098
vt 0.314453 0.731934
vt 0.307617 0.730469
vt 0.272705 0.728027
vt 0.318115 0.730957
vt 0.409668 0.733887
vt 0.241577 0.708496
vt 0.471191 0.735352
vt 0.393799 0.732422
vt 0.414307 0.732910
vt 0.499268 0.734375
vt 0.414307 0.729492
vt 0.454834 0.733398
vt 0.351807 0.711426
vt 0.422119 0.709961
vt 0.479004 0.713867
vt 0.535645 0.737305
vt 0.511230 0.733887
vt 0.433350 0.708496
vt 0.498047 0.711426
vt 0.409424 0.707520
vt 0.360352 0.707520
vt 0.425049 0.707520
vt 0.353516 0.706055
vt 0.404297 0.698242
vt 0.319824 0.705566
vt 0.434082 0.697754
vt 0.279541 0.707031
vt 0.287354 0.702637
vt 0.243408 0.706543
vt 0.267090 0.706055
vt 0.240601 0.703125
vt 0.343750 0.697266
vt 0.279053 0.693359
vt 0.368652 0.699219
vt 0.369385 0.696289
vt 0.343506 0.695312
vt 0.420898 0.697754
vt 0.412109 0.695801
vt 0.438477 0.695312
vt 0.346924 0.694336
vt 0.450439 0.697754
vt 0.482666 0.700684
vt 0.500000 0.699707
vt 0.489014 0.678711
vt 0.263428 0.690918
vt 0.262695 0.691406
vt 0.286133 0.667969
vt 0.211060 0.691406
vt 0.213867 0.689453
vt 0.214722 0.690430
vt 0.174316 0.679199
vt 0.191895 0.689453
vt 0.188843 0.687988
vt 0.152832 0.689941
vt 0.173706 0.700195
vt 0.191650 0.702148
vt 0.100403 0.697754
vt 0.187378 0.714844
vt 0.089417 0.703125
vt 0.081299 0.722168
vt 0.080322 0.727051
vt 0.095947 0.693359
vt 0.031097 0.735352
vt 0.072266 0.725586
vt 0.057953 0.737793
vt 0.034027 0.726074
vt 0.058716 0.739258
vt 0.031067 0.736328
vt 0.029556 0.736328
vt 0.031281 0.737305
vt 0.029709 0.744141
vt 0.029938 0.731445
vt 0.029572 0.752930
vt 0.028519 0.755371
vt 0.028381 0.760254
vt 0.027725 0.736816
vt 0.027649 0.733887
vt 0.033813 0.761230
vt 0.029343 0.760742
vt 0.028854 0.731445
vt 0.028214 0.729004
vt 0.029114 0.761719
vt 0.029892 0.727539
vt 0.027802 0.726562
vt 0.033600 0.724609
vt 0.031128 0.725586
vt 0.029800 0.721680
vt 0.029648 0.724609
vt 0.032440 0.722656
vt 0.031052 0.709961
vt 0.030960 0.705078
vt 0.031616 0.704102
vt 0.036133 0.705078
vt 0.032104 0.700684
vt 0.036560 0.696777
vt 0.080811 0.691895
vt 0.038025 0.693848
vt 0.029602 0.692383
vt 0.057037 0.695801
vt 0.077271 0.689941
vt 0.090454 0.689941
vt 0.036194 0.686523
vt 0.028519 0.687988
vt 0.065552 0.687988
vt 0.101868 0.679688
vt 0.031525 0.681152
vt 0.026596 0.678223
vt 0.024857 0.673340
vt 0.102661 0.678711
vt 0.136597 0.678711
vt 0.076050 0.674316
vt 0.115601 0.685059
vt 0.049194 0.680664
vt 0.035614 0.684082
vt 0.122803 0.687988
vt 0.127808 0.687500
vt 0.126709 0.686523
vt 0.144897 0.688477
vt 0.160522 0.687500
vt 0.160278 0.677734
vt 0.172607 0.674805
vt 0.203857 0.671387
vt 0.171387 0.671875
vt 0.256592 0.665527
vt 0.187012 0.671387
vt 0.255127 0.663574
vt 0.170044 0.666992
vt 0.145264 0.668945
vt 0.215942 0.662109
vt 0.157837 0.666016
vt 0.162720 0.663574
vt 0.182251 0.661133
vt 0.135254 0.659180
vt 0.221802 0.654785
vt 0.095154 0.670898
vt 0.229370 0.651855
vt 0.241577 0.651367
vt 0.246948 0.661621
vt 0.269287 0.652832
vt 0.270264 0.646973
vt 0.177368 0.649902
vt 0.272217 0.659180
vt 0.275391 0.663574
vt 0.286621 0.661621
vt 0.304443 0.662598
vt 0.303223 0.658691
vt 0.313477 0.645996
vt 0.324219 0.659668
vt 0.332764 0.660156
vt 0.345703 0.657715
vt 0.292480 0.644043
vt 0.388184 0.660156
vt 0.297363 0.640625
vt 0.353516 0.640625
vt 0.379639 0.651855
vt 0.385498 0.662598
vt 0.412842 0.659180
vt 0.388184 0.666016
vt 0.413574 0.660156
vt 0.458740 0.667969
vt 0.476562 0.664551
vt 0.455566 0.659668
vt 0.437744 0.650391
vt 0.496094 0.664551
vt 0.407227 0.640625
vt 0.492432 0.667969
vt 0.383545 0.643066
vt 0.458740 0.645508
vt 0.373291 0.640625
vt 0.481934 0.646484
vt 0.372070 0.638672
vt 0.506836 0.660156
vt 0.417236 0.637695
vt 0.467773 0.644043
vt 0.505371 0.647949
vt 0.480225 0.633789
vt 0.547852 0.651367
vt 0.556641 0.650879
vt 0.543457 0.666992
vt 0.557129 0.659668
vt 0.556641 0.671387
vt 0.515625 0.667480
vt 0.572266 0.655762
vt 0.534180 0.671875
vt 0.573242 0.654297
vt 0.586914 0.655762
vt 0.565918 0.670410
vt 0.601074 0.668457
vt 0.625000 0.659668
vt 0.626465 0.677246
vt 0.622559 0.658203
vt 0.566895 0.673340
vt 0.629395 0.647949
vt 0.627441 0.668945
vt 0.540039 0.638672
vt 0.548828 0.638184
vt 0.630371 0.647461
vt 0.666992 0.679688
vt 0.659180 0.671387
vt 0.662598 0.681641
vt 0.692383 0.684082
vt 0.633789 0.681152
vt 0.689941 0.686523
vt 0.676758 0.688965
vt 0.625977 0.684570
vt 0.564453 0.676758
vt 0.709961 0.687500
vt 0.539551 0.682129
vt 0.698242 0.683105
vt 0.583984 0.699219
vt 0.521484 0.687012
vt 0.493164 0.671387
vt 0.488525 0.668945
vt 0.525879 0.699219
vt 0.521973 0.700684
vt 0.522949 0.702148
vt 0.603516 0.703125
vt 0.535645 0.712891
vt 0.620605 0.702637
vt 0.592285 0.713867
vt 0.555176 0.734375
vt 0.547852 0.720703
vt 0.579590 0.718750
vt 0.583496 0.721680
vt 0.593262 0.720703
vt 0.577148 0.736816
vt 0.607910 0.738281
vt 0.639648 0.717773
vt 0.638184 0.739258
vt 0.626953 0.713379
vt 0.645508 0.710938
vt 0.616699 0.725098
vt 0.653320 0.717285
vt 0.606934 0.732422
vt 0.625488 0.735352
vt 0.610840 0.736816
vt 0.632324 0.738281
vt 0.674316 0.731934
vt 0.669434 0.736816
vt 0.667480 0.738281
vt 0.691895 0.739258
vt 0.753418 0.739258
vt 0.775879 0.742676
vt 0.780273 0.741211
vt 0.794434 0.742188
vt 0.796387 0.739746
vt 0.802246 0.743164
vt 0.797363 0.723145
vt 0.802246 0.744141
vt 0.806152 0.752441
vt 0.819824 0.747559
vt 0.826172 0.755859
vt 0.817383 0.746094
vt 0.849121 0.749512
vt 0.809570 0.743652
vt 0.833496 0.747070
vt 0.829102 0.745117
vt 0.818848 0.744629
vt 0.809570 0.741211
vt 0.825684 0.742188
vt 0.834961 0.744629
vt 0.842285 0.739746
vt 0.841797 0.722168
vt 0.846191 0.744629
vt 0.845703 0.743164
vt 0.843750 0.747559
vt 0.858887 0.743652
vt 0.857910 0.746582
vt 0.864258 0.742188
vt 0.868164 0.745117
vt 0.864746 0.746582
vt 0.895020 0.733887
vt 0.918945 0.745605
vt 0.893066 0.758789
vt 0.904297 0.752441
vt 0.956543 0.756348
vt 0.927734 0.748535
vt 0.972168 0.762207
vt 0.954102 0.747559
vt 0.976074 0.767578
vt 0.974121 0.748535
vt 0.978516 0.755859
vt 0.978027 0.764160
vt 0.979492 0.749512
vt 0.978516 0.768555
vt 0.978027 0.748047
vt 0.979004 0.746094
vt 0.978027 0.736328
vt 0.978027 0.771973
vt 0.979004 0.770996
vt 0.979980 0.774414
vt 0.974121 0.733887
vt 0.978027 0.733398
vt 0.960938 0.733398
vt 0.977051 0.728027
vt 0.979980 0.729492
vt 0.930176 0.740723
vt 0.921387 0.729492
vt 0.963867 0.729492
vt 0.911133 0.723145
vt 0.839355 0.711914
vt 0.898438 0.718750
vt 0.908692 0.718750
vt 0.961426 0.725586
vt 0.866699 0.711426
vt 0.968750 0.724121
vt 0.852051 0.711426
vt 0.971680 0.721680
vt 0.824219 0.704102
vt 0.985352 0.701660
vt 0.984863 0.710938
vt 0.986816 0.702148
vt 0.986328 0.698730
vt 0.974121 0.700684
vt 0.980469 0.698730
vt 0.986328 0.690918
vt 0.990723 0.687500
vt 0.992188 0.676758
vt 0.988770 0.676758
vt 0.991211 0.672363
vt 0.976562 0.694336
vt 0.980469 0.670898
vt 0.980469 0.667969
vt 0.950684 0.664062
vt 0.948730 0.661133
vt 0.948242 0.658691
vt 0.942871 0.669434
vt 0.928711 0.655273
vt 0.921387 0.650879
vt 0.931641 0.657227
vt 0.924805 0.658203
vt 0.880371 0.643066
vt 0.876465 0.639648
vt 0.911621 0.673828
vt 0.844727 0.633301
vt 0.830078 0.627930
vt 0.882324 0.646973
vt 0.847656 0.635742
vt 0.770996 0.616699
vt 0.766113 0.613770
vt 0.752930 0.611816
vt 0.733398 0.608398
vt 0.812012 0.628418
vt 0.772461 0.619141
vt 0.825684 0.638184
vt 0.720215 0.609863
vt 0.730957 0.616699
vt 0.877442 0.664551
vt 0.718750 0.607422
vt 0.698730 0.602539
vt 0.653320 0.594727
vt 0.637207 0.593750
vt 0.640137 0.592773
vt 0.625000 0.590820
vt 0.583008 0.584473
vt 0.659668 0.599121
vt 0.578125 0.585938
vt 0.618164 0.593750
vt 0.556641 0.583496
vt 0.525391 0.577637
vt 0.583008 0.588867
vt 0.521484 0.580078
vt 0.516602 0.577148
vt 0.556152 0.585449
vt 0.506836 0.579102
vt 0.504883 0.575684
vt 0.511719 0.582031
vt 0.477295 0.575684
vt 0.482422 0.574219
vt 0.466797 0.572754
vt 0.477539 0.576660
vt 0.451416 0.575195
vt 0.453857 0.571777
vt 0.449951 0.572266
vt 0.438232 0.572754
vt 0.436768 0.569336
vt 0.428467 0.569336
vt 0.446533 0.576172
vt 0.420654 0.572754
vt 0.410889 0.568359
vt 0.431152 0.574707
vt 0.433594 0.576660
vt 0.397461 0.572266
vt 0.385254 0.567383
vt 0.431152 0.578613
vt 0.397949 0.575195
vt 0.377197 0.571777
vt 0.379395 0.567383
vt 0.482178 0.579590
vt 0.346191 0.571289
vt 0.343750 0.566895
vt 0.322998 0.568359
vt 0.333252 0.577637
vt 0.306396 0.573242
vt 0.302979 0.570312
vt 0.274658 0.576660
vt 0.281982 0.570801
vt 0.258789 0.573242
vt 0.239868 0.575195
vt 0.240601 0.580078
vt 0.273193 0.579102
vt 0.217529 0.583008
vt 0.201538 0.580078
vt 0.295898 0.582031
vt 0.195435 0.584473
vt 0.184326 0.582520
vt 0.180786 0.587891
vt 0.170898 0.584473
vt 0.165283 0.585449
vt 0.218628 0.584961
vt 0.146240 0.593750
vt 0.131958 0.591797
vt 0.149170 0.595703
vt 0.247559 0.622559
vt 0.106567 0.604004
vt 0.112488 0.600586
vt 0.118286 0.594238
vt 0.103088 0.597656
vt 0.064514 0.606934
vt 0.052094 0.614258
vt 0.045776 0.611328
vt 0.051544 0.616211
vt 0.022507 0.621094
vt 0.019394 0.617676
vt 0.016205 0.625000
vt 0.016891 0.620117
vt 0.017609 0.617676
vt 0.012695 0.618164
vt 0.012794 0.623047
vt 0.010155 0.619141
vt 0.013733 0.625488
vt 0.016739 0.638184
vt 0.022156 0.650391
vt 0.019592 0.653320
vt 0.035645 0.635742
vt 0.022064 0.662109
vt 0.020706 0.659180
vt 0.021942 0.664062
vt 0.022690 0.666016
vt 0.023254 0.668945
vt 0.081299 0.641113
vt 0.072632 0.671875
vt 0.148193 0.630859
vt 0.078125 0.671875
vt 0.114868 0.656738
vt 0.107936 0.663766
vt 0.177856 0.625977
vt 0.103149 0.666992
vt 0.119873 0.660156
vt 0.117371 0.662109
vt 0.156006 0.651367
vt 0.150024 0.654297
vt 0.182739 0.645508
vt 0.166748 0.651367
vt 0.165283 0.650391
vt 0.181641 0.647949
vt 0.213257 0.638672
vt 0.203857 0.643555
vt 0.223022 0.642090
vt 0.227295 0.640625
vt 0.272461 0.636230
vt 0.248169 0.635742
vt 0.283447 0.633789
vt 0.308105 0.633789
vt 0.285156 0.632324
vt 0.323242 0.633301
vt 0.312012 0.630859
vt 0.313477 0.632324
vt 0.306396 0.622559
vt 0.318848 0.630859
vt 0.318604 0.632324
vt 0.279785 0.609863
vt 0.322021 0.631348
vt 0.330078 0.632324
vt 0.329590 0.629394
vt 0.334717 0.630859
vt 0.342529 0.630859
vt 0.343262 0.630371
vt 0.342773 0.606934
vt 0.345459 0.631836
vt 0.345459 0.630859
vt 0.364502 0.630371
vt 0.350342 0.632812
vt 0.372803 0.630859
vt 0.378662 0.629883
vt 0.349365 0.639160
vt 0.424805 0.631836
vt 0.399170 0.629883
vt 0.460693 0.631348
vt 0.411865 0.624023
vt 0.493408 0.633301
vt 0.449951 0.626465
vt 0.386475 0.616699
vt 0.422363 0.608398
vt 0.497559 0.612305
vt 0.532227 0.621582
vt 0.537598 0.615234
vt 0.557129 0.620117
vt 0.600586 0.625000
vt 0.571777 0.618652
vt 0.496582 0.610352
vt 0.629883 0.628906
vt 0.598145 0.621582
vt 0.677246 0.662109
vt 0.610352 0.624023
vt 0.585938 0.618164
vt 0.607910 0.622070
vt 0.583008 0.617676
vt 0.604492 0.620117
vt 0.612305 0.619629
vt 0.541016 0.612305
vt 0.596191 0.616699
vt 0.504395 0.610352
vt 0.610352 0.617676
vt 0.594238 0.615723
vt 0.602051 0.613281
vt 0.559082 0.613281
vt 0.563965 0.610352
vt 0.618652 0.614746
vt 0.607422 0.600098
vt 0.535645 0.608887
vt 0.527832 0.609863
vt 0.548340 0.593750
vt 0.649902 0.612305
vt 0.501465 0.587891
vt 0.494385 0.600098
vt 0.440430 0.600586
vt 0.503906 0.608398
vt 0.464111 0.606445
vt 0.489258 0.609375
vt 0.484375 0.608887
vt 0.465820 0.607910
vt 0.456055 0.607910
vt 0.455566 0.606934
vt 0.439209 0.604980
vt 0.434570 0.607422
vt 0.433838 0.606445
vt 0.406494 0.598633
vt 0.427979 0.606445
vt 0.418213 0.603516
vt 0.417725 0.605957
vt 0.388184 0.602539
vt 0.404327 0.605470
vt 0.405029 0.607910
vt 0.383789 0.607422
vt 0.392334 0.605469
vt 0.369873 0.598633
vt 0.371582 0.602539
vt 0.369873 0.604980
vt 0.369629 0.604004
vt 0.364746 0.602539
vt 0.339600 0.597168
vt 0.357910 0.604492
vt 0.347900 0.602539
vt 0.348389 0.604980
vt 0.335693 0.604980
vt 0.319824 0.603516
vt 0.326904 0.605469
vt 0.313232 0.607422
vt 0.312500 0.604004
vt 0.299072 0.605469
vt 0.300049 0.607422
vt 0.309570 0.605957
vt 0.302490 0.606445
vt 0.240723 0.134644
vt 0.245728 0.133301
vt 0.240723 0.133301
vt 0.245850 0.134644
vt 0.247314 0.133423
vt 0.240723 0.145264
vt 0.247192 0.145019
vt 0.248779 0.134644
vt 0.277832 0.133423
vt 0.246948 0.131958
vt 0.247314 0.151245
vt 0.245728 0.151245
vt 0.265625 0.127075
vt 0.245728 0.127075
vt 0.248779 0.145020
vt 0.265869 0.151489
vt 0.280518 0.127441
vt 0.274170 0.126709
vt 0.286377 0.126831
vt 0.291748 0.131348
vt 0.300293 0.128296
vt 0.300537 0.127075
vt 0.320312 0.126953
vt 0.321045 0.127441
vt 0.322266 0.130371
vt 0.322510 0.127197
vt 0.300049 0.133667
vt 0.323486 0.133789
vt 0.322510 0.133911
vt 0.292236 0.134155
vt 0.321777 0.135620
vt 0.323242 0.134521
vt 0.248657 0.142822
vt 0.321533 0.144287
vt 0.322754 0.146118
vt 0.262451 0.145264
vt 0.321289 0.145996
vt 0.321777 0.151489
vt 0.279785 0.145386
vt 0.025208 0.803223
vt 0.023575 0.808594
vt 0.026428 0.803711
vt 0.025497 0.807617
vt 0.027908 0.805664
vt 0.024582 0.813477
vt 0.027634 0.815430
vt 0.027634 0.812500
vt 0.028198 0.813477
vt 0.026108 0.815430
vt 0.026276 0.824707
vt 0.029755 0.805176
vt 0.028976 0.829102
vt 0.027863 0.834961
vt 0.030945 0.815918
vt 0.034180 0.834961
vt 0.029922 0.838379
vt 0.031830 0.817383
vt 0.037811 0.839844
vt 0.056671 0.813965
vt 0.066772 0.815430
vt 0.077087 0.844238
vt 0.073547 0.818848
vt 0.101074 0.816895
vt 0.093689 0.814453
vt 0.096375 0.812988
vt 0.116211 0.814941
vt 0.106751 0.804199
vt 0.140503 0.812988
vt 0.128906 0.833008
vt 0.141846 0.814453
vt 0.125122 0.816406
vt 0.244873 0.812988
vt 0.230835 0.814941
vt 0.216797 0.815918
vt 0.252441 0.816406
vt 0.268066 0.817871
vt 0.215698 0.843262
vt 0.276855 0.816895
vt 0.190186 0.844238
vt 0.280518 0.813477
vt 0.163330 0.847656
vt 0.212524 0.844727
vt 0.214355 0.847168
vt 0.203003 0.869141
vt 0.271240 0.847656
vt 0.117981 0.856445
vt 0.272461 0.837402
vt 0.306641 0.870117
vt 0.312500 0.817383
vt 0.299316 0.813965
vt 0.343262 0.813477
vt 0.327393 0.835938
vt 0.347656 0.812500
vt 0.376465 0.837402
vt 0.366699 0.821777
vt 0.373047 0.817871
vt 0.383057 0.818359
vt 0.435791 0.816406
vt 0.324707 0.837891
vt 0.398926 0.836914
vt 0.273682 0.838867
vt 0.397461 0.838867
vt 0.273193 0.839844
vt 0.404053 0.840332
vt 0.408203 0.837891
vt 0.298828 0.850098
vt 0.420654 0.835938
vt 0.417969 0.838379
vt 0.424072 0.830078
vt 0.423584 0.836914
vt 0.438477 0.821289
vt 0.427002 0.832031
vt 0.425293 0.838379
vt 0.446289 0.833008
vt 0.438232 0.813477
vt 0.436768 0.835449
vt 0.425781 0.805176
vt 0.455322 0.815430
vt 0.293213 0.805664
vt 0.468018 0.813477
vt 0.241333 0.805176
vt 0.460205 0.827148
vt 0.479248 0.804688
vt 0.481445 0.820801
vt 0.466064 0.833984
vt 0.486816 0.814453
vt 0.499268 0.812988
vt 0.497803 0.815430
vt 0.478516 0.836426
vt 0.497559 0.829590
vt 0.540039 0.814941
vt 0.522461 0.834473
vt 0.496582 0.836914
vt 0.470459 0.837402
vt 0.455566 0.836914
vt 0.443115 0.836914
vt 0.439941 0.837891
vt 0.450928 0.840332
vt 0.588867 0.781738
vt 0.599609 0.779297
vt 0.512207 0.838867
vt 0.383789 0.850098
vt 0.509766 0.837402
vt 0.471924 0.855469
vt 0.568848 0.838379
vt 0.554688 0.835938
vt 0.549805 0.833496
vt 0.520020 0.847656
vt 0.555176 0.827148
vt 0.560059 0.850586
vt 0.564941 0.835449
vt 0.557617 0.848633
vt 0.575684 0.836914
vt 0.585938 0.847656
vt 0.606445 0.837891
vt 0.590820 0.835449
vt 0.606934 0.835938
vt 0.594238 0.833984
vt 0.610352 0.834961
vt 0.625488 0.829102
vt 0.626953 0.834961
vt 0.635254 0.846191
vt 0.647461 0.836914
vt 0.617188 0.847656
vt 0.641113 0.848145
vt 0.620605 0.866211
vt 0.692871 0.847656
vt 0.636230 0.854004
vt 0.646484 0.835938
vt 0.627930 0.833984
vt 0.656250 0.834961
vt 0.628418 0.832520
vt 0.681641 0.837891
vt 0.674317 0.833008
vt 0.678223 0.835938
vt 0.707520 0.835449
vt 0.712402 0.836914
vt 0.709961 0.831055
vt 0.710449 0.835449
vt 0.735352 0.847168
vt 0.716797 0.857422
vt 0.627930 0.870117
vt 0.705078 0.862305
vt 0.685059 0.863281
vt 0.685059 0.867188
vt 0.661621 0.868652
vt 0.655762 0.871094
vt 0.624512 0.874023
vt 0.621094 0.873047
vt 0.619629 0.879395
vt 0.651367 0.895508
vt 0.584961 0.879395
vt 0.564453 0.879883
vt 0.536621 0.877930
vt 0.544434 0.882812
vt 0.526855 0.891602
vt 0.474609 0.866211
vt 0.519043 0.883789
vt 0.485107 0.881836
vt 0.528320 0.885254
vt 0.468262 0.887207
vt 0.380127 0.882812
vt 0.468750 0.890137
vt 0.463379 0.884766
vt 0.437256 0.894043
vt 0.407471 0.889160
vt 0.395752 0.886719
vt 0.395508 0.853027
vt 0.377197 0.869629
vt 0.339355 0.882812
vt 0.348389 0.888184
vt 0.311035 0.854004
vt 0.336914 0.849609
vt 0.318359 0.851074
vt 0.334229 0.885254
vt 0.269287 0.880859
vt 0.260986 0.883301
vt 0.229004 0.876953
vt 0.340332 0.888672
vt 0.212646 0.873535
vt 0.373779 0.891602
vt 0.325439 0.892090
vt 0.253174 0.883301
vt 0.214844 0.876953
vt 0.185547 0.870605
vt 0.155762 0.864746
vt 0.186157 0.872559
vt 0.198364 0.887207
vt 0.154053 0.867676
vt 0.132446 0.862793
vt 0.091858 0.853516
vt 0.047974 0.845215
vt 0.095459 0.857910
vt 0.093506 0.884766
vt 0.022415 0.872070
vt 0.030304 0.841797
vt 0.028152 0.840332
vt 0.023834 0.851074
vt 0.025803 0.850586
vt 0.022064 0.859375
vt 0.019791 0.871094
vt 0.018433 0.877930
vt 0.022827 0.880859
vt 0.017059 0.879883
vt 0.066711 0.890625
vt 0.065735 0.892090
vt 0.109436 0.901855
vt 0.043335 0.887695
vt 0.075867 0.895020
vt 0.041504 0.889160
vt 0.055573 0.891113
vt 0.051544 0.894531
vt 0.047516 0.891602
vt 0.062134 0.895020
vt 0.057404 0.893066
vt 0.070496 0.894531
vt 0.082031 0.900391
vt 0.084656 0.898438
vt 0.113647 0.904785
vt 0.143066 0.914062
vt 0.163574 0.920410
vt 0.162109 0.916504
vt 0.167236 0.918457
vt 0.166626 0.916016
vt 0.169556 0.899902
vt 0.229370 0.913574
vt 0.186768 0.922363
vt 0.269775 0.908203
vt 0.229370 0.928223
vt 0.260010 0.932617
vt 0.199951 0.925781
vt 0.217163 0.927734
vt 0.251953 0.933105
vt 0.233887 0.933105
vt 0.209351 0.929199
vt 0.208618 0.932617
vt 0.295410 0.946289
vt 0.250244 0.934082
vt 0.277588 0.938965
vt 0.277588 0.935547
vt 0.293945 0.940430
vt 0.281006 0.937012
vt 0.300049 0.938965
vt 0.306396 0.942871
vt 0.284912 0.933105
vt 0.302734 0.937500
vt 0.305176 0.938965
vt 0.320068 0.913086
vt 0.307861 0.940918
vt 0.310791 0.939453
vt 0.318359 0.938965
vt 0.316162 0.939941
vt 0.317139 0.940918
vt 0.331543 0.944336
vt 0.326416 0.940430
vt 0.344727 0.938965
vt 0.337891 0.940430
vt 0.340332 0.942383
vt 0.344727 0.941895
vt 0.354004 0.943848
vt 0.358154 0.941406
vt 0.371582 0.947266
vt 0.364502 0.943359
vt 0.395264 0.951172
vt 0.371338 0.944824
vt 0.417236 0.946777
vt 0.394775 0.945312
vt 0.436768 0.949707
vt 0.410400 0.944824
vt 0.428223 0.944824
vt 0.404541 0.943359
vt 0.373535 0.942383
vt 0.394043 0.941406
vt 0.401855 0.941895
vt 0.425537 0.941895
vt 0.413574 0.937500
vt 0.379150 0.940430
vt 0.372070 0.941406
vt 0.362061 0.936523
vt 0.457520 0.931641
vt 0.362305 0.913574
vt 0.330078 0.911621
vt 0.396973 0.916016
vt 0.452393 0.906250
vt 0.484863 0.914062
vt 0.545898 0.906250
vt 0.462402 0.938477
vt 0.451172 0.937500
vt 0.429688 0.941895
vt 0.455811 0.940918
vt 0.434326 0.943359
vt 0.441162 0.942383
vt 0.445313 0.943848
vt 0.468506 0.942871
vt 0.471436 0.940918
vt 0.498535 0.940430
vt 0.495117 0.938477
vt 0.508301 0.936035
vt 0.524414 0.937988
vt 0.500977 0.942871
vt 0.528320 0.943359
vt 0.520508 0.938477
vt 0.522949 0.939941
vt 0.529297 0.937012
vt 0.540039 0.931152
vt 0.538574 0.937012
vt 0.535645 0.935547
vt 0.570312 0.934082
vt 0.591797 0.935547
vt 0.606445 0.908203
vt 0.579102 0.928223
vt 0.608887 0.927734
vt 0.582031 0.930664
vt 0.592285 0.931152
vt 0.601562 0.931641
vt 0.634766 0.927246
vt 0.640137 0.923340
vt 0.646484 0.928223
vt 0.654297 0.922363
vt 0.684082 0.922852
vt 0.685059 0.916016
vt 0.674316 0.920898
vt 0.668945 0.921387
vt 0.673828 0.922363
vt 0.660156 0.924316
vt 0.648926 0.926270
vt 0.657227 0.923828
vt 0.642090 0.925293
vt 0.646484 0.924316
vt 0.647461 0.922363
vt 0.027664 0.802734
vt 0.028961 0.803223
vt 0.028656 0.795410
vt 0.034454 0.802734
vt 0.030823 0.804199
vt 0.082092 0.803223
vt 0.033478 0.774414
vt 0.028824 0.769043
vt 0.090881 0.801758
vt 0.174194 0.802246
vt 0.175415 0.804199
vt 0.146729 0.793945
vt 0.181763 0.803223
vt 0.208252 0.803223
vt 0.214111 0.802246
vt 0.240356 0.803711
vt 0.266602 0.804199
vt 0.282959 0.803223
vt 0.289795 0.804199
vt 0.319336 0.803711
vt 0.341309 0.802246
vt 0.290771 0.780762
vt 0.182007 0.777832
vt 0.432861 0.803711
vt 0.429932 0.802734
vt 0.452148 0.802734
vt 0.421875 0.781250
vt 0.454346 0.796387
vt 0.502441 0.802734
vt 0.324707 0.780273
vt 0.475830 0.801270
vt 0.533203 0.802246
vt 0.532715 0.800781
vt 0.480469 0.790527
vt 0.461914 0.781250
vt 0.427490 0.779785
vt 0.462647 0.779297
vt 0.458496 0.779785
vt 0.318604 0.778320
vt 0.413086 0.778809
vt 0.282227 0.778809
vt 0.191650 0.777344
vt 0.218384 0.776855
vt 0.153320 0.775391
vt 0.122620 0.775391
vt 0.103882 0.772461
vt 0.127197 0.764160
vt 0.089600 0.773438
vt 0.110168 0.760254
vt 0.034393 0.772461
vt 0.078918 0.759766
vt 0.089844 0.761719
vt 0.076294 0.762207
vt 0.094666 0.763672
vt 0.066467 0.764160
vt 0.033875 0.770508
vt 0.032898 0.770020
vt 0.032562 0.764648
vt 0.031067 0.763184
vt 0.028214 0.762207
vt 0.822754 0.802246
vt 0.838867 0.805664
vt 0.797852 0.795898
vt 0.835938 0.806641
vt 0.746582 0.782715
vt 0.827637 0.805176
vt 0.824219 0.807129
vt 0.823242 0.804688
vt 0.807617 0.804199
vt 0.819336 0.806152
vt 0.820312 0.809082
vt 0.811524 0.806641
vt 0.813965 0.810547
vt 0.812988 0.809082
vt 0.809570 0.816406
vt 0.802246 0.810059
vt 0.790527 0.812988
vt 0.796875 0.809082
vt 0.799316 0.807129
vt 0.804199 0.806152
vt 0.798340 0.805176
vt 0.797363 0.807129
vt 0.771973 0.803711
vt 0.788086 0.805176
vt 0.790039 0.807617
vt 0.788086 0.809082
vt 0.787598 0.807129
vt 0.776367 0.806641
vt 0.768555 0.815918
vt 0.773926 0.807617
vt 0.768555 0.808594
vt 0.771973 0.806152
vt 0.761719 0.807129
vt 0.761719 0.805176
vt 0.761230 0.797852
vt 0.750977 0.807617
vt 0.725098 0.794434
vt 0.749512 0.809570
vt 0.747070 0.806641
vt 0.744629 0.804688
vt 0.736328 0.807617
vt 0.737793 0.806152
vt 0.726074 0.807617
vt 0.725586 0.806641
vt 0.709473 0.804688
vt 0.709473 0.808594
vt 0.721680 0.803223
vt 0.731445 0.811523
vt 0.671875 0.805664
vt 0.722656 0.826172
vt 0.718262 0.819336
vt 0.677246 0.818359
vt 0.705566 0.815430
vt 0.642090 0.807129
vt 0.683594 0.808105
vt 0.690430 0.809082
vt 0.697266 0.806641
vt 0.693359 0.805664
vt 0.645508 0.806152
vt 0.618652 0.808105
vt 0.693848 0.781738
vt 0.730469 0.781738
vt 0.607422 0.781738
vt 0.578125 0.790039
vt 0.561523 0.801758
vt 0.612793 0.806641
vt 0.560547 0.803711
vt 0.585938 0.808594
vt 0.559082 0.815430
vt 0.568848 0.807129
vt 0.942383 0.715820
vt 0.933105 0.716309
vt 0.933105 0.714355
vt 0.914551 0.708984
vt 0.923828 0.710449
vt 0.926270 0.703125
vt 0.833496 0.696777
vt 0.938965 0.692871
vt 0.786133 0.695801
vt 0.957031 0.695312
vt 0.907715 0.687988
vt 0.972656 0.697266
vt 0.958008 0.694336
vt 0.973145 0.695312
vt 0.949219 0.691406
vt 0.965820 0.693848
vt 0.951660 0.689941
vt 0.953613 0.687988
vt 0.947266 0.688965
vt 0.948730 0.685059
vt 0.937988 0.687988
vt 0.931641 0.682129
vt 0.935547 0.685547
vt 0.926270 0.685547
vt 0.923828 0.682617
vt 0.919922 0.679688
vt 0.920410 0.682129
vt 0.915039 0.682129
vt 0.916504 0.680664
vt 0.908203 0.677246
vt 0.914062 0.680176
vt 0.896973 0.672852
vt 0.908691 0.678711
vt 0.908203 0.680664
vt 0.903320 0.677734
vt 0.895508 0.674805
vt 0.891602 0.674316
vt 0.897949 0.678223
vt 0.904297 0.681641
vt 0.886230 0.684570
vt 0.883789 0.694336
vt 0.882324 0.683105
vt 0.887695 0.674805
vt 0.788086 0.680176
vt 0.865234 0.671875
vt 0.854004 0.685547
vt 0.882812 0.675781
vt 0.875977 0.671875
vt 0.855957 0.678711
vt 0.884277 0.671875
vt 0.829102 0.676758
vt 0.883301 0.669434
vt 0.878906 0.669922
vt 0.872559 0.666504
vt 0.873047 0.668945
vt 0.866699 0.669434
vt 0.865234 0.666504
vt 0.851562 0.662109
vt 0.845215 0.661621
vt 0.842285 0.663086
vt 0.848145 0.657715
vt 0.845215 0.659668
vt 0.840820 0.660644
vt 0.822266 0.648926
vt 0.837891 0.660645
vt 0.787109 0.643066
vt 0.836914 0.657715
vt 0.817383 0.653320
vt 0.805176 0.649414
vt 0.833008 0.659180
vt 0.821289 0.656738
vt 0.826172 0.661133
vt 0.817871 0.657227
vt 0.812988 0.655273
vt 0.805176 0.651367
vt 0.810547 0.656250
vt 0.784668 0.647461
vt 0.791504 0.650391
vt 0.790039 0.652344
vt 0.783203 0.649902
vt 0.792969 0.659668
vt 0.851074 0.675781
vt 0.761230 0.648438
vt 0.756836 0.645020
vt 0.741699 0.666992
vt 0.757324 0.642578
vt 0.769531 0.688477
vt 0.754883 0.641113
vt 0.750000 0.635254
vt 0.739746 0.638184
vt 0.722656 0.634277
vt 0.689453 0.628418
vt 0.703613 0.633789
vt 0.684570 0.629395
vt 0.716797 0.635742
vt 0.727539 0.637207
vt 0.706543 0.636719
vt 0.738281 0.640137
vt 0.729004 0.639160
vt 0.740723 0.641113
vt 0.720703 0.640137
vt 0.705566 0.637695
vt 0.744141 0.646973
vt 0.746094 0.640625
vt 0.749023 0.643066
vt 0.753418 0.642578
vt 0.700195 0.648438
vt 0.685547 0.635254
vt 0.683105 0.632812
vt 0.665527 0.631348
vt 0.673828 0.628906
vt 0.657227 0.631836
vt 0.648926 0.627441
vt 0.648438 0.623047
vt 0.639648 0.623535
vt 0.639648 0.620605
vt 0.640625 0.627441
vt 0.635254 0.623047
vt 0.626953 0.619629
vt 0.626953 0.623047
vt 0.614258 0.622070
vt 0.622559 0.622070
vt 0.734375 0.685547
vt 0.755859 0.681152
vt 0.731934 0.689453
vt 0.745117 0.690430
vt 0.782715 0.696777
vt 0.741699 0.691406
vt 0.797852 0.699707
vt 0.764648 0.698242
vt 0.806152 0.705566
vt 0.735840 0.694824
vt 0.829590 0.709473
vt 0.703613 0.704590
vt 0.813965 0.708496
vt 0.819336 0.711914
vt 0.801270 0.707031
vt 0.804688 0.716797
vt 0.783691 0.706543
vt 0.779297 0.706543
vt 0.750000 0.706055
vt 0.764160 0.706543
vt 0.756348 0.710449
vt 0.739258 0.714844
vt 0.791504 0.718750
vt 0.780273 0.718750
vt 0.751953 0.716797
vt 0.750000 0.722168
vt 0.739746 0.717773
vt 0.720703 0.717285
vt 0.730469 0.716797
vt 0.721192 0.715820
vt 0.661621 0.714844
vt 0.683594 0.714355
vt 0.645508 0.699707
s 1
usemtl Wooden_Boat_vemgdcmbw_Mid
f 1/1/1 2/2/2 3/3/3
f 4/4/4 2/2/2 1/1/1
f 1/1/1 5/5/5 4/4/4
f 5/5/5 6/6/6 4/4/4
f 6/6/6 7/7/7 4/4/4
f 5/5/5 8/8/8 6/6/6
f 5/5/5 9/9/9 8/8/8
f 9/9/9 10/10/10 8/8/8
f 6/6/6 11/11/11 7/7/7
f 11/11/11 6/6/6 8/8/8
f 12/12/12 8/8/8 10/10/10
f 12/12/12 11/11/11 8/8/8
f 12/12/12 10/10/10 13/13/13
f 14/14/14 7/7/7 11/11/11
f 7/7/7 14/14/14 15/15/15
f 14/14/14 16/16/16 15/15/15
f 17/17/17 14/14/14 11/11/11
f 11/11/11 18/18/18 17/17/17
f 19/19/19 18/18/18 11/11/11
f 19/19/19 11/11/11 20/20/20
f 20/20/20 11/11/11 12/12/12
f 12/12/12 13/13/13 20/20/20
f 20/20/20 13/13/13 21/21/21
f 21/21/21 13/13/13 22/22/22
f 22/22/22 13/13/13 23/23/23
f 22/22/22 23/23/23 24/24/24
f 25/25/25 22/22/22 24/24/24
f 25/25/25 26/26/26 22/22/22
f 27/27/27 28/28/28 29/29/29
f 28/28/28 27/27/27 30/30/30
f 30/30/30 27/27/27 31/31/31
f 32/32/32 30/30/30 31/31/31
f 33/33/33 30/30/30 32/32/32
f 30/30/30 33/33/33 34/34/34
f 30/30/30 34/34/34 35/35/35
f 34/34/34 36/36/36 35/35/35
f 33/33/33 37/37/37 34/34/34
f 32/32/32 38/38/38 33/33/33
f 32/32/32 39/39/39 38/38/38
f 38/38/38 39/39/39 40/40/40
f 41/41/41 37/37/37 33/33/33
f 42/42/42 37/37/37 41/41/41
f 42/42/42 41/41/41 43/43/43
f 38/38/38 40/40/40 44/44/44
f 40/40/40 45/45/45 44/44/44
f 44/44/44 45/45/45 46/46/46
f 44/44/44 46/46/46 47/47/47
f 41/41/41 48/48/48 43/43/43
f 43/43/43 48/48/48 49/49/49
f 50/50/50 48/48/48 41/41/41
f 49/49/49 48/48/48 50/50/50
f 47/47/47 51/51/51 44/44/44
f 51/51/51 47/47/47 52/52/52
f 52/52/52 53/53/53 51/51/51
f 44/44/44 54/54/54 38/38/38
f 44/44/44 51/51/51 54/54/54
f 38/38/38 54/54/54 33/33/33
f 55/55/55 51/51/51 53/53/53
f 55/55/55 54/54/54 51/51/51
f 56/56/56 55/55/55 53/53/53
f 57/57/57 41/41/41 33/33/33
f 57/57/57 33/33/33 54/54/54
f 57/57/57 50/50/50 41/41/41
f 55/55/55 56/56/56 58/58/58
f 56/56/56 59/59/59 58/58/58
f 58/58/58 59/59/59 60/60/60
f 58/58/58 61/61/61 55/55/55
f 54/54/54 55/55/55 61/61/61
f 58/58/58 60/60/60 62/62/62
f 63/63/63 62/62/62 60/60/60
f 62/62/62 63/63/63 64/64/64
f 58/58/58 62/62/62 65/65/65
f 65/65/65 62/62/62 64/64/64
f 58/58/58 65/65/65 61/61/61
f 65/65/65 64/64/64 66/66/66
f 66/66/66 67/67/67 65/65/65
f 65/65/65 67/67/67 61/61/61
f 68/68/68 67/67/67 66/66/66
f 61/61/61 67/67/67 69/69/69
f 67/67/67 68/68/68 69/69/69
f 61/61/61 69/69/69 54/54/54
f 68/68/68 70/70/70 69/69/69
f 69/69/69 70/70/70 71/71/71
f 54/54/54 69/69/69 71/71/71
f 71/71/71 70/70/70 72/72/72
f 72/72/72 73/73/73 71/71/71
f 73/73/73 74/74/74 71/71/71
f 71/71/71 74/74/74 75/75/75
f 71/71/71 75/75/75 76/76/76
f 71/71/71 77/77/77 54/54/54
f 54/54/54 77/77/77 57/57/57
f 76/76/76 78/78/78 71/71/71
f 78/78/78 77/77/77 71/71/71
f 76/76/76 79/79/79 78/78/78
f 80/80/80 79/79/79 76/76/76
f 78/78/78 81/81/81 77/77/77
f 79/79/79 81/81/81 78/78/78
f 79/79/79 80/80/80 82/82/82
f 83/83/21 82/82/82 80/80/80
f 79/79/79 84/84/83 81/81/81
f 82/82/82 84/84/83 79/79/79
f 82/82/82 83/83/21 85/85/84
f 84/84/83 82/82/82 85/85/84
f 85/85/84 83/83/21 86/86/85
f 81/81/81 87/87/86 77/77/77
f 77/77/77 87/87/86 57/57/57
f 88/88/87 81/81/81 84/84/83
f 87/87/86 81/81/81 88/88/87
f 85/85/84 89/89/88 84/84/83
f 89/89/88 88/88/87 84/84/83
f 86/86/85 90/90/89 85/85/84
f 85/85/84 90/90/89 89/89/88
f 86/86/85 91/91/90 90/90/89
f 92/92/91 91/91/90 93/93/92
f 92/92/91 90/90/89 91/91/90
f 87/87/86 88/88/87 94/94/93
f 94/94/93 57/57/57 87/87/86
f 94/94/93 88/88/87 95/95/94
f 94/94/93 96/96/95 57/57/57
f 95/95/94 96/96/95 94/94/93
f 96/96/95 97/97/96 57/57/57
f 97/97/96 96/96/95 95/95/94
f 97/97/96 50/50/50 57/57/57
f 98/98/97 95/95/94 88/88/87
f 89/89/88 98/98/97 88/88/87
f 97/97/96 95/95/94 99/99/98
f 95/95/94 98/98/97 99/99/98
f 100/100/99 50/50/50 97/97/96
f 97/97/96 99/99/98 100/100/99
f 100/100/99 49/49/49 50/50/50
f 101/101/100 49/49/49 100/100/99
f 102/102/101 49/49/49 101/101/100
f 99/99/98 103/103/102 100/100/99
f 101/101/100 100/100/99 103/103/102
f 101/101/100 103/103/102 102/102/101
f 98/98/97 103/103/102 99/99/98
f 102/102/101 103/103/102 104/104/103
f 105/105/104 104/104/103 103/103/102
f 104/104/103 105/105/104 106/106/105
f 106/106/105 105/105/104 107/107/106
f 108/108/107 105/105/104 103/103/102
f 107/107/106 105/105/104 108/108/107
f 98/98/97 108/108/107 103/103/102
f 107/107/106 108/108/107 109/109/108
f 110/110/109 109/109/108 108/108/107
f 111/111/110 110/110/109 108/108/107
f 112/112/111 110/110/109 111/111/110
f 108/108/107 98/98/97 113/113/112
f 89/89/88 113/113/112 98/98/97
f 89/89/88 90/90/89 113/113/112
f 111/111/110 114/114/113 112/112/111
f 112/112/111 114/114/113 115/115/114
f 116/116/115 115/115/114 114/114/113
f 111/111/110 108/108/107 117/117/116
f 117/117/116 114/114/113 111/111/110
f 117/117/116 108/108/107 113/113/112
f 116/116/115 114/114/113 118/118/117
f 114/114/113 117/117/116 118/118/117
f 119/119/118 116/116/115 118/118/117
f 120/120/119 119/119/118 118/118/117
f 118/118/117 121/121/120 120/120/119
f 121/121/120 118/118/117 117/117/116
f 117/117/116 122/122/121 121/121/120
f 122/122/121 117/117/116 123/123/122
f 124/124/123 123/123/122 117/117/116
f 124/124/123 117/117/116 125/125/124
f 125/125/124 117/117/116 126/126/125
f 117/117/116 113/113/112 126/126/125
f 125/125/124 126/126/125 127/127/126
f 127/127/126 126/126/125 128/128/127
f 129/129/128 128/128/127 126/126/125
f 126/126/125 130/130/129 129/129/128
f 130/130/129 126/126/125 131/131/130
f 126/126/125 113/113/112 131/131/130
f 132/132/131 130/130/129 131/131/130
f 131/131/130 133/133/132 132/132/131
f 113/113/112 134/134/133 131/131/130
f 134/134/133 113/113/112 90/90/89
f 135/135/134 134/134/133 90/90/89
f 136/136/135 134/134/133 135/135/134
f 136/136/135 137/137/136 134/134/133
f 131/131/130 138/138/137 133/133/132
f 131/131/130 134/134/133 138/138/137
f 138/138/137 134/134/133 137/137/136
f 133/133/132 138/138/137 139/139/138
f 137/137/136 140/140/139 138/138/137
f 139/139/138 138/138/137 140/140/139
f 141/141/140 142/142/141 143/143/142
f 141/141/140 143/143/142 144/144/143
f 145/145/144 141/141/140 144/144/143
f 146/146/145 145/145/144 144/144/143
f 146/146/145 147/147/146 145/145/144
f 148/148/147 146/146/145 144/144/143
f 148/148/147 144/144/143 149/149/148
f 148/148/147 149/149/148 150/150/149
f 147/147/146 146/146/145 151/151/150
f 147/147/146 151/151/150 152/152/151
f 152/152/151 151/151/150 153/153/152
f 148/148/147 150/150/149 154/154/153
f 155/155/154 154/154/153 150/150/149
f 156/156/155 153/153/152 151/151/150
f 157/157/156 153/153/152 156/156/155
f 157/157/156 156/156/155 158/158/157
f 159/159/158 156/156/155 151/151/150
f 160/160/159 156/156/155 159/159/158
f 161/161/160 160/160/159 159/159/158
f 151/151/150 162/162/161 159/159/158
f 162/162/161 151/151/150 146/146/145
f 146/146/145 148/148/147 162/162/161
f 159/159/158 163/163/162 161/161/160
f 162/162/161 163/163/162 159/159/158
f 163/163/162 164/164/163 161/161/160
f 148/148/147 165/165/164 162/162/161
f 148/148/147 154/154/153 165/165/164
f 162/162/161 166/166/165 163/163/162
f 165/165/164 166/166/165 162/162/161
f 163/163/162 167/167/166 164/164/163
f 163/163/162 166/166/165 167/167/166
f 164/164/163 167/167/166 168/168/167
f 168/168/167 167/167/166 169/169/168
f 170/170/169 165/165/164 154/154/153
f 165/165/164 170/170/169 166/166/165
f 170/170/169 154/154/153 155/155/154
f 167/167/166 166/166/165 171/171/170
f 170/170/169 171/171/170 166/166/165
f 172/172/171 169/169/168 167/167/166
f 167/167/166 171/171/170 172/172/171
f 169/169/168 172/172/171 173/173/172
f 174/174/173 171/171/170 170/170/169
f 172/172/171 171/171/170 174/174/173
f 155/155/154 175/175/174 170/170/169
f 175/175/174 174/174/173 170/170/169
f 176/176/175 175/175/174 155/155/154
f 177/177/176 175/175/174 176/176/175
f 175/175/174 178/178/177 174/174/173
f 175/175/174 177/177/176 178/178/177
f 178/178/177 172/172/171 174/174/173
f 177/177/176 179/179/178 178/178/177
f 180/180/179 172/172/171 178/178/177
f 172/172/171 180/180/179 173/173/172
f 181/181/180 178/178/177 179/179/178
f 179/179/178 182/182/181 181/181/180
f 183/183/182 181/181/180 182/182/181
f 178/178/177 181/181/180 184/184/183
f 185/185/184 178/178/177 184/184/183
f 185/185/184 180/180/179 178/178/177
f 186/186/185 180/180/179 185/185/184
f 186/186/185 173/173/172 180/180/179
f 186/186/185 185/185/184 187/187/186
f 186/186/185 187/187/186 173/173/172
f 188/188/187 173/173/172 187/187/186
f 188/188/187 187/187/186 189/189/188
f 173/173/172 188/188/187 190/190/189
f 188/188/187 189/189/188 190/190/189
f 190/190/189 191/191/190 173/173/172
f 189/189/188 192/192/191 190/190/189
f 190/190/189 192/192/191 191/191/190
f 191/191/190 192/192/191 193/193/192
f 194/194/193 195/195/194 196/196/195
f 196/196/195 197/197/196 194/194/193
f 196/196/195 198/198/197 197/197/196
f 199/199/198 197/197/196 200/200/199
f 201/201/200 197/197/196 198/198/197
f 202/202/201 201/201/200 198/198/197
f 201/201/200 202/202/201 203/203/202
f 197/197/196 204/204/203 200/200/199
f 204/204/203 205/205/204 200/200/199
f 206/206/205 205/205/204 204/204/203
f 206/206/205 204/204/203 207/207/206
f 207/207/206 204/204/203 208/208/207
f 201/201/200 209/209/208 197/197/196
f 203/203/202 209/209/208 201/201/200
f 204/204/203 197/197/196 210/210/209
f 197/197/196 209/209/208 210/210/209
f 208/208/207 204/204/203 211/211/210
f 211/211/210 212/212/211 208/208/207
f 203/203/202 213/213/212 209/209/208
f 213/213/212 203/203/202 214/214/213
f 213/213/212 214/214/213 215/215/214
f 216/216/215 213/213/212 215/215/214
f 216/216/215 209/209/208 213/213/212
f 216/216/215 215/215/214 217/217/216
f 216/216/215 217/217/216 218/218/217
f 218/218/217 219/219/218 216/216/215
f 220/220/219 209/209/208 216/216/215
f 220/220/219 210/210/209 209/209/208
f 216/216/215 219/219/218 221/221/220
f 220/220/219 216/216/215 221/221/220
f 219/219/218 222/222/221 221/221/220
f 223/223/222 222/222/221 219/219/218
f 223/223/222 224/224/223 222/222/221
f 225/225/224 222/222/221 224/224/223
f 225/225/224 226/226/225 222/222/221
f 222/222/221 226/226/225 227/227/226
f 227/227/226 221/221/220 222/222/221
f 226/226/225 228/228/149 227/227/226
f 227/227/226 228/228/149 229/229/227
f 230/230/228 221/221/220 227/227/226
f 221/221/220 230/230/228 220/220/219
f 229/229/227 231/231/229 227/227/226
f 231/231/229 230/230/228 227/227/226
f 229/229/227 232/232/143 231/231/229
f 232/232/143 233/233/230 231/231/229
f 234/234/231 231/231/229 233/233/230
f 230/230/228 231/231/229 234/234/231
f 233/233/230 235/235/141 234/234/231
f 236/236/232 230/230/228 234/234/231
f 236/236/232 220/220/219 230/230/228
f 234/234/231 235/235/141 237/237/233
f 234/234/231 238/238/234 236/236/232
f 234/234/231 237/237/233 238/238/234
f 239/239/235 237/237/233 235/235/141
f 240/240/140 239/239/235 235/235/141
f 238/238/234 237/237/233 241/241/236
f 239/239/235 241/241/236 237/237/233
f 238/238/234 242/242/237 236/236/232
f 241/241/236 242/242/237 238/238/234
f 220/220/219 236/236/232 242/242/237
f 240/240/140 243/243/238 239/239/235
f 243/243/238 240/240/140 244/244/239
f 245/245/240 243/243/238 244/244/239
f 246/246/241 245/245/240 247/247/242
f 245/245/240 246/246/241 248/248/243
f 245/245/240 248/248/243 243/243/238
f 248/248/243 246/246/241 249/249/156
f 243/243/238 250/250/244 239/239/235
f 239/239/235 250/250/244 241/241/236
f 249/249/156 251/251/245 248/248/243
f 252/252/157 251/251/245 249/249/156
f 243/243/238 248/248/243 253/253/246
f 251/251/245 252/252/157 254/254/247
f 255/255/248 254/254/247 252/252/157
f 248/248/243 251/251/245 256/256/249
f 248/248/243 256/256/249 253/253/246
f 251/251/245 254/254/247 257/257/250
f 256/256/249 251/251/245 257/257/250
f 257/257/250 258/258/251 256/256/249
f 253/253/246 256/256/249 258/258/251
f 259/259/252 257/257/250 254/254/247
f 259/259/252 258/258/251 257/257/250
f 259/259/252 254/254/247 260/260/253
f 254/254/247 255/255/248 260/260/253
f 259/259/252 261/261/254 258/258/251
f 260/260/253 261/261/254 259/259/252
f 253/253/246 258/258/251 261/261/254
f 255/255/248 262/262/255 263/263/256
f 255/255/248 263/263/256 260/260/253
f 263/263/256 264/264/257 260/260/253
f 263/263/256 265/265/258 264/264/257
f 264/264/257 265/265/258 266/266/259
f 260/260/253 264/264/257 267/267/260
f 267/267/260 264/264/257 266/266/259
f 260/260/253 268/268/261 261/261/254
f 268/268/261 260/260/253 267/267/260
f 269/269/262 267/267/260 266/266/259
f 266/266/259 270/270/263 269/269/262
f 270/270/263 271/271/264 269/269/262
f 272/272/265 269/269/262 271/271/264
f 271/271/264 273/273/266 272/272/265
f 274/274/267 267/267/260 269/269/262
f 272/272/265 274/274/267 269/269/262
f 272/272/265 273/273/266 274/274/267
f 274/274/267 268/268/261 267/267/260
f 275/275/268 274/274/267 273/273/266
f 268/268/261 276/276/269 261/261/254
f 276/276/269 253/253/246 261/261/254
f 277/277/270 274/274/267 275/275/268
f 275/275/268 278/278/271 277/277/270
f 277/277/270 278/278/271 279/279/272
f 274/274/267 277/277/270 280/280/273
f 277/277/270 279/279/272 281/281/274
f 280/280/273 277/277/270 281/281/274
f 282/282/275 281/281/274 279/279/272
f 283/283/276 281/281/274 282/282/275
f 281/281/274 283/283/276 284/284/277
f 285/285/278 281/281/274 284/284/277
f 286/286/279 285/285/278 284/284/277
f 287/287/280 285/285/278 286/286/279
f 288/288/281 287/287/280 286/286/279
f 289/289/282 281/281/274 285/285/278
f 285/285/278 287/287/280 289/289/282
f 290/290/283 287/287/280 288/288/281
f 290/290/283 288/288/281 291/291/284
f 291/291/284 292/292/285 290/290/283
f 289/289/282 287/287/280 293/293/286
f 293/293/286 287/287/280 290/290/283
f 289/289/282 294/294/287 281/281/274
f 294/294/287 280/280/273 281/281/274
f 295/295/288 289/289/282 293/293/286
f 295/295/288 294/294/287 289/289/282
f 296/296/289 295/295/288 293/293/286
f 294/294/287 297/297/290 280/280/273
f 280/280/273 297/297/290 274/274/267
f 294/294/287 295/295/288 298/298/291
f 298/298/291 295/295/288 296/296/289
f 274/274/267 297/297/290 299/299/292
f 299/299/292 268/268/261 274/274/267
f 293/293/286 300/300/293 296/296/289
f 300/300/293 293/293/286 290/290/283
f 301/301/294 298/298/291 296/296/289
f 290/290/283 302/302/295 300/300/293
f 290/290/283 292/292/285 302/302/295
f 303/303/296 296/296/289 300/300/293
f 303/303/296 301/301/294 296/296/289
f 300/300/293 302/302/295 304/304/297
f 305/305/298 302/302/295 292/292/285
f 302/302/295 305/305/298 304/304/297
f 304/304/297 306/306/299 300/300/293
f 307/307/300 305/305/298 292/292/285
f 292/292/285 308/308/301 307/307/300
f 308/308/301 309/309/302 307/307/300
f 310/310/303 304/304/297 305/305/298
f 310/310/303 306/306/299 304/304/297
f 310/310/303 305/305/298 311/311/304
f 306/306/299 310/310/303 312/312/305
f 310/310/303 311/311/304 312/312/305
f 311/311/304 305/305/298 313/313/306
f 313/313/306 312/312/305 311/311/304
f 313/313/306 305/305/298 307/307/300
f 306/306/299 312/312/305 314/314/307
f 314/314/307 300/300/293 306/306/299
f 303/303/296 300/300/293 314/314/307
f 315/315/308 313/313/306 307/307/300
f 316/316/309 315/315/308 307/307/300
f 317/317/310 315/315/308 316/316/309
f 318/318/311 313/313/306 315/315/308
f 318/318/311 315/315/308 317/317/310
f 313/313/306 318/318/311 312/312/305
f 312/312/305 318/318/311 314/314/307
f 318/318/311 317/317/310 319/319/312
f 319/319/312 320/320/313 318/318/311
f 314/314/307 318/318/311 320/320/313
f 320/320/313 319/319/312 321/321/314
f 320/320/313 322/322/315 314/314/307
f 321/321/314 323/323/316 320/320/313
f 320/320/313 324/324/317 322/322/315
f 320/320/313 323/323/316 324/324/317
f 325/325/318 323/323/316 321/321/314
f 321/321/314 326/326/319 325/325/318
f 327/327/320 326/326/319 321/321/314
f 328/328/321 323/323/316 325/325/318
f 325/325/318 326/326/319 329/329/322
f 325/325/318 329/329/322 328/328/321
f 330/330/323 323/323/316 328/328/321
f 330/330/323 324/324/317 323/323/316
f 331/331/324 328/328/321 329/329/322
f 328/328/321 331/331/324 330/330/323
f 332/332/325 329/329/322 326/326/319
f 332/332/325 331/331/324 329/329/322
f 326/326/319 327/327/320 333/333/326
f 326/326/319 333/333/326 332/332/325
f 333/333/326 327/327/320 334/334/327
f 334/334/327 335/335/328 333/333/326
f 335/335/328 336/336/329 333/333/326
f 336/336/329 337/337/330 333/333/326
f 333/333/326 337/337/330 338/338/331
f 333/333/326 339/339/332 332/332/325
f 339/339/332 331/331/324 332/332/325
f 340/340/333 333/333/326 338/338/331
f 339/339/332 333/333/326 340/340/333
f 341/341/334 340/340/333 338/338/331
f 341/341/334 338/338/331 342/342/335
f 343/343/336 341/341/334 342/342/335
f 344/344/337 340/340/333 341/341/334
f 343/343/336 344/344/337 341/341/334
f 339/339/332 340/340/333 344/344/337
f 343/343/336 345/345/338 344/344/337
f 339/339/332 344/344/337 345/345/338
f 346/346/339 345/345/338 343/343/336
f 346/346/339 347/347/340 345/345/338
f 348/348/341 345/345/338 347/347/340
f 348/348/341 339/339/332 345/345/338
f 349/349/342 348/348/341 347/347/340
f 350/350/343 348/348/341 349/349/342
f 351/351/344 348/348/341 350/350/343
f 350/350/343 352/352/345 351/351/344
f 352/352/345 353/353/346 351/351/344
f 354/354/347 355/355/348 353/353/346
f 356/356/349 353/353/346 355/355/348
f 351/351/344 353/353/346 356/356/349
f 351/351/344 357/357/350 348/348/341
f 357/357/350 339/339/332 348/348/341
f 356/356/349 358/358/351 351/351/344
f 357/357/350 351/351/344 358/358/351
f 358/358/351 356/356/349 359/359/352
f 360/360/353 358/358/351 359/359/352
f 360/360/353 361/361/354 358/358/351
f 358/358/351 361/361/354 362/362/355
f 362/362/355 363/363/356 358/358/351
f 364/364/357 363/363/356 362/362/355
f 365/365/358 364/364/357 366/366/359
f 363/363/356 364/364/357 365/365/358
f 365/365/358 367/367/360 363/363/356
f 363/363/356 367/367/360 358/358/351
f 367/367/360 365/365/358 368/368/361
f 369/369/362 367/367/360 368/368/361
f 367/367/360 370/370/363 358/358/351
f 367/367/360 369/369/362 371/371/364
f 367/367/360 371/371/364 370/370/363
f 372/372/365 371/371/364 369/369/362
f 370/370/363 373/373/366 358/358/351
f 358/358/351 373/373/366 357/357/350
f 370/370/363 371/371/364 374/374/367
f 371/371/364 372/372/365 374/374/367
f 375/375/368 370/370/363 374/374/367
f 372/372/365 376/376/369 374/374/367
f 376/376/369 375/375/368 374/374/367
f 372/372/365 369/369/362 377/377/370
f 369/369/362 378/378/371 377/377/370
f 369/369/362 379/379/372 378/378/371
f 380/380/373 372/372/365 377/377/370
f 377/377/370 378/378/371 380/380/373
f 378/378/371 379/379/372 380/380/373
f 380/380/373 376/376/369 372/372/365
f 381/381/374 380/380/373 379/379/372
f 382/382/375 376/376/369 380/380/373
f 381/381/374 382/382/375 380/380/373
f 382/382/375 375/375/368 376/376/369
f 381/381/374 383/383/376 382/382/375
f 382/382/375 384/384/377 375/375/368
f 384/384/377 382/382/375 383/383/376
f 384/384/377 370/370/363 375/375/368
f 383/383/376 381/381/374 385/385/378
f 384/384/377 386/386/379 370/370/363
f 373/373/366 370/370/363 386/386/379
f 387/387/380 386/386/379 384/384/377
f 387/387/380 388/388/381 386/386/379
f 388/388/381 387/387/380 384/384/377
f 386/386/379 388/388/381 373/373/366
f 383/383/376 388/388/381 384/384/377
f 388/388/381 389/389/382 373/373/366
f 388/388/381 383/383/376 389/389/382
f 390/390/383 373/373/366 389/389/382
f 373/373/366 390/390/383 357/357/350
f 383/383/376 391/391/384 389/389/382
f 392/392/385 357/357/350 390/390/383
f 339/339/332 357/357/350 392/392/385
f 390/390/383 389/389/382 393/393/386
f 393/393/386 389/389/382 391/391/384
f 394/394/387 339/339/332 392/392/385
f 394/394/387 331/331/324 339/339/332
f 392/392/385 395/395/388 394/394/387
f 394/394/387 395/395/388 331/331/324
f 396/396/389 392/392/385 390/390/383
f 395/395/388 392/392/385 396/396/389
f 390/390/383 397/397/390 396/396/389
f 393/393/386 397/397/390 390/390/383
f 398/398/391 396/396/389 397/397/390
f 395/395/388 396/396/389 398/398/391
f 397/397/390 393/393/386 398/398/391
f 399/399/392 331/331/324 395/395/388
f 398/398/391 399/399/392 395/395/388
f 330/330/323 331/331/324 399/399/392
f 399/399/392 324/324/317 330/330/323
f 398/398/391 324/324/317 399/399/392
f 398/398/391 393/393/386 324/324/317
f 393/393/386 322/322/315 324/324/317
f 391/391/384 322/322/315 393/393/386
f 400/400/393 322/322/315 391/391/384
f 400/400/393 391/391/384 383/383/376
f 322/322/315 400/400/393 401/401/394
f 401/401/394 314/314/307 322/322/315
f 402/402/395 400/400/393 383/383/376
f 402/402/395 383/383/376 385/385/378
f 403/403/396 385/385/378 404/404/397
f 403/403/396 402/402/395 385/385/378
f 405/405/398 314/314/307 401/401/394
f 405/405/398 303/303/296 314/314/307
f 401/401/394 406/406/399 405/405/398
f 303/303/296 405/405/398 407/407/400
f 301/301/294 303/303/296 407/407/400
f 405/405/398 406/406/399 408/408/401
f 401/401/394 408/408/401 406/406/399
f 409/409/402 407/407/400 405/405/398
f 409/409/402 405/405/398 408/408/401
f 301/301/294 407/407/400 410/410/403
f 410/410/403 298/298/291 301/301/294
f 409/409/402 408/408/401 400/400/393
f 401/401/394 411/411/404 408/408/401
f 411/411/404 401/401/394 400/400/393
f 411/411/404 412/412/405 408/408/401
f 400/400/393 408/408/401 412/412/405
f 400/400/393 412/412/405 411/411/404
f 413/413/406 409/409/402 400/400/393
f 409/409/402 413/413/406 407/407/400
f 413/413/406 400/400/393 402/402/395
f 414/414/407 407/407/400 413/413/406
f 407/407/400 414/414/407 410/410/403
f 414/414/407 413/413/406 415/415/408
f 413/413/406 402/402/395 415/415/408
f 414/414/407 416/416/409 410/410/403
f 416/416/409 414/414/407 415/415/408
f 416/416/409 298/298/291 410/410/403
f 416/416/409 417/417/410 298/298/291
f 417/417/410 294/294/287 298/298/291
f 418/418/411 417/417/410 416/416/409
f 416/416/409 415/415/408 418/418/411
f 419/419/412 294/294/287 417/417/410
f 417/417/410 418/418/411 419/419/412
f 420/420/413 418/418/411 415/415/408
f 420/420/413 419/419/412 418/418/411
f 421/421/414 420/420/413 415/415/408
f 415/415/408 402/402/395 421/421/414
f 420/420/413 422/422/415 419/419/412
f 421/421/414 422/422/415 420/420/413
f 423/423/416 294/294/287 419/419/412
f 297/297/290 294/294/287 423/423/416
f 422/422/415 424/424/417 419/419/412
f 423/423/416 419/419/412 424/424/417
f 422/422/415 421/421/414 425/425/418
f 421/421/414 402/402/395 426/426/419
f 421/421/414 426/426/419 425/425/418
f 402/402/395 403/403/396 426/426/419
f 422/422/415 425/425/418 427/427/420
f 426/426/419 427/427/420 425/425/418
f 428/428/421 422/422/415 427/427/420
f 427/427/420 426/426/419 428/428/421
f 403/403/396 429/429/422 426/426/419
f 403/403/396 430/430/423 429/429/422
f 431/431/424 429/429/422 430/430/423
f 429/429/422 431/431/424 432/432/425
f 433/433/426 426/426/419 429/429/422
f 429/429/422 432/432/425 433/433/426
f 433/433/426 428/428/421 426/426/419
f 428/428/421 433/433/426 432/432/425
f 428/428/421 432/432/425 434/434/427
f 435/435/428 428/428/421 434/434/427
f 428/428/421 435/435/428 436/436/429
f 428/428/421 436/436/429 422/422/415
f 436/436/429 435/435/428 437/437/430
f 436/436/429 424/424/417 422/422/415
f 437/437/430 438/438/431 436/436/429
f 438/438/431 439/439/432 436/436/429
f 439/439/432 440/440/433 436/436/429
f 436/436/429 440/440/433 424/424/417
f 441/441/434 424/424/417 440/440/433
f 441/441/434 442/442/435 424/424/417
f 423/423/416 424/424/417 442/442/435
f 423/423/416 442/442/435 443/443/436
f 444/444/437 423/423/416 443/443/436
f 444/444/437 445/445/438 423/423/416
f 445/445/438 444/444/437 446/446/439
f 447/447/440 445/445/438 446/446/439
f 423/423/416 445/445/438 297/297/290
f 445/445/438 447/447/440 448/448/441
f 448/448/441 449/449/442 445/445/438
f 449/449/442 297/297/290 445/445/438
f 448/448/441 450/450/443 449/449/442
f 451/451/444 449/449/442 450/450/443
f 449/449/442 452/452/445 297/297/290
f 297/297/290 452/452/445 299/299/292
f 453/453/446 452/452/445 449/449/442
f 451/451/444 453/453/446 449/449/442
f 452/452/445 454/454/447 299/299/292
f 452/452/445 453/453/446 454/454/447
f 455/455/448 456/456/449 451/451/444
f 457/457/450 453/453/446 451/451/444
f 456/456/449 457/457/450 451/451/444
f 454/454/447 453/453/446 457/457/450
f 456/456/449 458/458/451 457/457/450
f 459/459/452 457/457/450 458/458/451
f 460/460/453 457/457/450 459/459/452
f 457/457/450 461/461/454 454/454/447
f 462/462/455 454/454/447 461/461/454
f 457/457/450 462/462/455 461/461/454
f 463/463/456 454/454/447 462/462/455
f 457/457/450 463/463/456 462/462/455
f 464/464/457 299/299/292 454/454/447
f 464/464/457 454/454/447 463/463/456
f 465/465/458 299/299/292 464/464/457
f 299/299/292 465/465/458 268/268/261
f 465/465/458 464/464/457 466/466/459
f 465/465/458 467/467/460 268/268/261
f 467/467/460 465/465/458 466/466/459
f 467/467/460 468/468/461 268/268/261
f 468/468/461 276/276/269 268/268/261
f 466/466/459 469/469/462 467/467/460
f 466/466/459 464/464/457 469/469/462
f 467/467/460 469/469/462 468/468/461
f 470/470/463 464/464/457 463/463/456
f 464/464/457 470/470/463 469/469/462
f 470/470/463 463/463/456 471/471/464
f 469/469/462 470/470/463 471/471/464
f 471/471/464 463/463/456 472/472/465
f 472/472/465 463/463/456 457/457/450
f 472/472/465 473/473/466 471/471/464
f 473/473/466 472/472/465 457/457/450
f 473/473/466 469/469/462 471/471/464
f 457/457/450 460/460/453 473/473/466
f 474/474/467 473/473/466 460/460/453
f 474/474/467 475/475/468 473/473/466
f 473/473/466 475/475/468 476/476/469
f 477/477/470 469/469/462 473/473/466
f 473/473/466 476/476/469 477/477/470
f 469/469/462 477/477/470 468/468/461
f 477/477/470 476/476/469 478/478/471
f 478/478/471 479/479/472 477/477/470
f 477/477/470 479/479/472 480/480/473
f 480/480/473 479/479/472 481/481/474
f 481/481/474 482/482/475 480/480/473
f 481/481/474 483/483/476 482/482/475
f 482/482/475 483/483/476 484/484/477
f 482/482/475 485/485/478 480/480/473
f 485/485/478 477/477/470 480/480/473
f 484/484/477 486/486/479 482/482/475
f 485/485/478 482/482/475 486/486/479
f 487/487/480 486/486/479 484/484/477
f 485/485/478 488/488/481 477/477/470
f 487/487/480 489/489/482 486/486/479
f 489/489/482 487/487/480 490/490/483
f 477/477/470 488/488/481 491/491/484
f 477/477/470 491/491/484 468/468/461
f 492/492/485 488/488/481 485/485/478
f 492/492/485 491/491/484 488/488/481
f 485/485/478 486/486/479 493/493/486
f 493/493/486 492/492/485 485/485/478
f 489/489/482 493/493/486 486/486/479
f 491/491/484 492/492/485 494/494/487
f 489/489/482 490/490/483 495/495/488
f 489/489/482 495/495/488 493/493/486
f 496/496/489 495/495/488 490/490/483
f 496/496/489 497/497/490 495/495/488
f 493/493/486 498/498/491 492/492/485
f 492/492/485 498/498/491 494/494/487
f 499/499/492 493/493/486 495/495/488
f 500/500/493 494/494/487 498/498/491
f 493/493/486 501/501/494 498/498/491
f 500/500/493 498/498/491 501/501/494
f 499/499/492 501/501/494 493/493/486
f 500/500/493 502/502/495 494/494/487
f 494/494/487 502/502/495 491/491/484
f 491/491/484 502/502/495 468/468/461
f 502/502/495 276/276/269 468/468/461
f 503/503/496 502/502/495 500/500/493
f 501/501/494 503/503/496 500/500/493
f 504/504/497 276/276/269 502/502/495
f 503/503/496 504/504/497 502/502/495
f 253/253/246 276/276/269 504/504/497
f 501/501/494 505/505/498 503/503/496
f 504/504/497 503/503/496 505/505/498
f 506/506/499 253/253/246 504/504/497
f 505/505/498 506/506/499 504/504/497
f 243/243/238 253/253/246 506/506/499
f 250/250/244 243/243/238 506/506/499
f 250/250/244 506/506/499 505/505/498
f 507/507/500 505/505/498 501/501/494
f 507/507/500 250/250/244 505/505/498
f 507/507/500 501/501/494 499/499/492
f 241/241/236 250/250/244 507/507/500
f 508/508/501 241/241/236 507/507/500
f 508/508/501 242/242/237 241/241/236
f 509/509/502 507/507/500 499/499/492
f 508/508/501 510/510/503 242/242/237
f 507/507/500 511/511/504 508/508/501
f 507/507/500 509/509/502 511/511/504
f 512/512/505 510/510/503 508/508/501
f 508/508/501 511/511/504 512/512/505
f 513/513/506 242/242/237 510/510/503
f 512/512/505 513/513/506 510/510/503
f 220/220/219 242/242/237 513/513/506
f 513/513/506 512/512/505 514/514/507
f 511/511/504 514/514/507 512/512/505
f 220/220/219 513/513/506 515/515/508
f 514/514/507 515/515/508 513/513/506
f 515/515/508 514/514/507 511/511/504
f 515/515/508 210/210/209 220/220/219
f 511/511/504 516/516/509 515/515/508
f 517/517/510 210/210/209 515/515/508
f 517/517/510 515/515/508 516/516/509
f 511/511/504 518/518/511 516/516/509
f 518/518/511 517/517/510 516/516/509
f 518/518/511 511/511/504 509/509/502
f 210/210/209 517/517/510 519/519/512
f 210/210/209 519/519/512 204/204/203
f 519/519/512 211/211/210 204/204/203
f 518/518/511 520/520/513 517/517/510
f 521/521/514 517/517/510 520/520/513
f 519/519/512 517/517/510 521/521/514
f 520/520/513 518/518/511 522/522/515
f 520/520/513 522/522/515 521/521/514
f 518/518/511 509/509/502 522/522/515
f 521/521/514 522/522/515 523/523/516
f 509/509/502 524/524/517 522/522/515
f 524/524/517 523/523/516 522/522/515
f 523/523/516 525/525/518 521/521/514
f 525/525/518 519/519/512 521/521/514
f 524/524/517 525/525/518 523/523/516
f 519/519/512 525/525/518 526/526/519
f 526/526/519 211/211/210 519/519/512
f 527/527/520 525/525/518 524/524/517
f 526/526/519 525/525/518 527/527/520
f 528/528/521 211/211/210 526/526/519
f 529/529/522 526/526/519 527/527/520
f 528/528/521 526/526/519 529/529/522
f 530/530/523 211/211/210 528/528/521
f 212/212/211 211/211/210 530/530/523
f 530/530/523 531/531/524 212/212/211
f 532/532/525 531/531/524 530/530/523
f 533/533/526 532/532/525 530/530/523
f 533/533/526 530/530/523 528/528/521
f 528/528/521 529/529/522 533/533/526
f 529/529/522 527/527/520 533/533/526
f 527/527/520 534/534/527 533/533/526
f 535/535/528 533/533/526 534/534/527
f 534/534/527 527/527/520 536/536/529
f 535/535/528 534/534/527 536/536/529
f 537/537/530 536/536/529 527/527/520
f 537/537/530 527/527/520 524/524/517
f 537/537/530 524/524/517 536/536/529
f 536/536/529 538/538/531 535/535/528
f 536/536/529 524/524/517 538/538/531
f 539/539/532 535/535/528 538/538/531
f 538/538/531 524/524/517 509/509/502
f 538/538/531 495/495/488 539/539/532
f 509/509/502 499/499/492 538/538/531
f 538/538/531 499/499/492 495/495/488
f 540/540/533 541/541/534 542/542/535
f 542/542/535 543/543/536 540/540/533
f 544/544/537 543/543/536 542/542/535
f 543/543/536 544/544/537 545/545/538
f 545/545/538 546/546/539 543/543/536
f 543/543/536 546/546/539 547/547/540
f 547/547/540 548/548/541 543/543/536
f 548/548/541 547/547/540 549/549/542
f 547/547/540 550/550/543 549/549/542
f 549/549/542 550/550/543 551/551/544
f 552/552/545 553/553/546 551/551/544
f 551/551/544 550/550/543 554/554/547
f 550/550/543 555/555/548 554/554/547
f 556/556/549 555/555/548 550/550/543
f 557/557/540 556/556/549 550/550/543
f 558/558/550 559/559/551 560/560/552
f 558/558/550 560/560/552 561/561/553
f 562/562/554 561/561/553 560/560/552
f 562/562/554 563/563/555 561/561/553
f 564/564/556 563/563/555 562/562/554
f 565/565/557 563/563/555 564/564/556
f 565/565/557 566/566/558 563/563/555
f 566/566/558 567/567/559 563/563/555
f 563/563/555 567/567/559 568/568/560
f 568/568/560 567/567/559 569/569/561
f 570/570/562 568/568/560 569/569/561
f 571/571/563 568/568/560 570/570/562
f 563/563/555 568/568/560 571/571/563
f 571/571/563 570/570/562 572/572/564
f 573/573/565 571/571/563 572/572/564
f 574/574/566 571/571/563 573/573/565
f 574/574/566 575/575/567 571/571/563
f 574/574/566 576/576/568 575/575/567
f 571/571/563 577/577/569 563/563/555
f 577/577/569 571/571/563 575/575/567
f 578/578/570 577/577/569 575/575/567
f 575/575/567 579/579/571 578/578/570
f 575/575/567 576/576/568 580/580/572
f 580/580/572 579/579/571 575/575/567
f 580/580/572 576/576/568 581/581/573
f 582/582/574 580/580/572 581/581/573
f 583/583/575 579/579/571 580/580/572
f 584/584/576 583/583/575 585/585/577
f 585/585/577 586/586/578 587/587/579
f 583/583/575 580/580/572 588/588/580
f 584/584/576 579/579/571 583/583/575
f 583/583/575 588/588/580 586/586/578
f 588/588/580 580/580/572 589/589/581
f 590/590/582 589/589/581 580/580/572
f 589/589/581 590/590/582 591/591/583
f 589/589/581 591/591/583 592/592/584
f 588/588/580 589/589/581 592/592/584
f 588/588/580 592/592/584 593/593/585
f 588/588/580 593/593/585 586/586/578
f 586/586/578 593/593/585 594/594/586
f 586/586/578 594/594/586 595/595/587
f 595/595/587 596/596/588 586/586/578
f 597/597/589 586/586/578 596/596/588
f 586/586/578 597/597/589 598/598/590
f 598/598/590 597/597/589 599/599/591
f 600/600/592 586/586/578 598/598/590
f 599/599/591 601/601/593 598/598/590
f 602/602/594 601/601/593 599/599/591
f 602/602/594 603/603/595 601/601/593
f 603/603/595 604/604/596 601/601/593
f 601/601/593 604/604/596 561/561/553
f 563/563/555 601/601/593 561/561/553
f 605/605/597 601/601/593 606/606/541
f 563/563/555 606/606/541 601/601/593
f 605/605/597 600/600/592 598/598/590
f 563/563/555 577/577/569 606/606/541
f 583/583/575 586/586/578 585/585/577
f 606/606/541 577/577/569 607/607/536
f 608/608/598 609/609/599 600/600/592
f 577/577/569 587/587/579 607/607/536
f 600/600/592 609/609/599 610/610/600
f 611/611/601 607/607/536 587/587/579
f 600/600/592 610/610/600 611/611/601
f 587/587/579 586/586/578 611/611/601
f 586/586/578 600/600/592 611/611/601
f 612/612/602 611/611/601 610/610/600
f 607/607/536 611/611/601 612/612/602
f 613/613/603 614/614/604 615/615/605
f 616/616/606 615/615/605 614/614/604
f 615/615/605 616/616/606 617/617/607
f 617/617/607 616/616/606 618/618/608
f 617/617/607 618/618/608 619/619/609
f 620/620/605 617/617/607 619/619/609
f 620/620/605 619/619/609 621/621/610
f 622/622/611 621/621/610 619/619/609
f 622/622/611 623/623/612 621/621/610
f 623/623/612 622/622/611 624/624/613
f 619/619/609 624/624/613 622/622/611
f 625/625/614 623/623/612 624/624/613
f 626/626/615 625/625/614 624/624/613
f 624/624/613 619/619/609 627/627/616
f 619/619/609 618/618/608 627/627/616
f 624/624/613 628/628/617 626/626/615
f 627/627/616 628/628/617 624/624/613
f 626/626/615 628/628/617 629/629/618
f 630/630/619 629/629/618 631/631/348
f 629/629/618 632/632/620 631/631/348
f 628/628/617 632/632/620 629/629/618
f 628/628/617 633/633/621 632/632/620
f 632/632/620 633/633/621 634/634/622
f 635/635/623 633/633/621 628/628/617
f 627/627/616 635/635/623 628/628/617
f 636/636/624 634/634/622 633/633/621
f 637/637/349 634/634/622 636/636/624
f 637/637/349 636/636/624 638/638/625
f 636/636/624 639/639/626 638/638/625
f 635/635/623 640/640/627 633/633/621
f 636/636/624 633/633/621 640/640/627
f 641/641/628 639/639/626 636/636/624
f 640/640/627 641/641/628 636/636/624
f 641/641/628 642/642/629 639/639/626
f 643/643/630 642/642/629 641/641/628
f 644/644/631 643/643/630 641/641/628
f 641/641/628 645/645/632 644/644/631
f 646/646/633 640/640/627 635/635/623
f 627/627/616 646/646/633 635/635/623
f 640/640/627 647/647/634 641/641/628
f 648/648/635 640/640/627 646/646/633
f 648/648/635 647/647/634 640/640/627
f 649/649/636 646/646/633 627/627/616
f 646/646/633 649/649/636 648/648/635
f 641/641/628 647/647/634 650/650/637
f 647/647/634 648/648/635 651/651/638
f 651/651/638 650/650/637 647/647/634
f 652/652/639 641/641/628 650/650/637
f 641/641/628 652/652/639 645/645/632
f 651/651/638 653/653/640 650/650/637
f 653/653/640 652/652/639 650/650/637
f 652/652/639 654/654/641 645/645/632
f 645/645/632 654/654/641 655/655/642
f 652/652/639 653/653/640 656/656/643
f 652/652/639 656/656/643 654/654/641
f 657/657/644 655/655/642 654/654/641
f 656/656/643 657/657/644 654/654/641
f 655/655/642 657/657/644 658/658/645
f 658/658/645 657/657/644 659/659/646
f 656/656/643 659/659/646 657/657/644
f 660/660/647 658/658/645 659/659/646
f 656/656/643 653/653/640 661/661/648
f 661/661/648 653/653/640 651/651/638
f 659/659/646 656/656/643 662/662/649
f 662/662/649 656/656/643 661/661/648
f 663/663/650 660/660/647 659/659/646
f 659/659/646 662/662/649 663/663/650
f 664/664/651 660/660/647 663/663/650
f 665/665/652 660/660/647 664/664/651
f 666/666/653 665/665/652 664/664/651
f 664/664/651 667/667/654 666/666/653
f 664/664/651 663/663/650 667/667/654
f 666/666/653 667/667/654 668/668/655
f 668/668/655 667/667/654 669/669/656
f 663/663/650 662/662/649 670/670/657
f 667/667/654 663/663/650 670/670/657
f 669/669/656 667/667/654 671/671/658
f 667/667/654 670/670/657 671/671/658
f 669/669/656 671/671/658 672/672/659
f 671/671/658 673/673/660 672/672/659
f 674/674/661 673/673/660 671/671/658
f 670/670/657 674/674/661 671/671/658
f 670/670/657 662/662/649 675/675/662
f 675/675/662 674/674/661 670/670/657
f 675/675/662 662/662/649 661/661/648
f 651/651/638 676/676/663 661/661/648
f 676/676/663 675/675/662 661/661/648
f 648/648/635 676/676/663 651/651/638
f 649/649/636 676/676/663 648/648/635
f 677/677/664 674/674/661 675/675/662
f 649/649/636 678/678/665 676/676/663
f 679/679/666 674/674/661 677/677/664
f 649/649/636 680/680/667 678/678/665
f 674/674/661 679/679/666 681/681/668
f 681/681/668 682/682/660 674/674/661
f 683/683/669 682/682/660 684/684/198
f 682/682/660 681/681/668 684/684/198
f 684/684/198 681/681/668 685/685/193
f 684/684/198 685/685/193 686/684/670
f 685/685/193 681/681/668 679/679/666
f 685/685/193 687/686/671 688/687/672
f 685/685/193 679/679/666 687/686/671
f 687/686/671 679/679/666 689/688/673
f 689/688/673 679/679/666 677/677/664
f 687/686/671 689/688/673 690/689/674
f 690/689/674 689/688/673 691/690/675
f 691/690/675 692/691/676 690/689/674
f 689/688/673 677/677/664 693/692/677
f 693/692/677 691/690/675 689/688/673
f 677/677/664 694/693/678 693/692/677
f 694/693/678 677/677/664 675/675/662
f 695/694/679 691/690/675 693/692/677
f 694/693/678 675/675/662 696/695/680
f 695/694/679 697/696/681 691/690/675
f 692/691/676 691/690/675 697/696/681
f 696/695/680 675/675/662 676/676/663
f 695/694/679 693/692/677 698/697/682
f 695/694/679 698/697/682 697/696/681
f 698/697/682 693/692/677 694/693/678
f 697/696/681 698/697/682 699/698/683
f 699/698/683 692/691/676 697/696/681
f 694/693/678 700/699/684 698/697/682
f 698/697/682 700/699/684 699/698/683
f 696/695/680 700/699/684 694/693/678
f 701/700/685 692/691/676 699/698/683
f 701/700/685 699/698/683 700/699/684
f 701/700/685 702/701/686 692/691/676
f 702/701/686 701/700/685 703/702/687
f 701/700/685 700/699/684 703/702/687
f 704/703/688 702/701/686 703/702/687
f 703/702/687 705/704/689 704/703/688
f 703/702/687 706/705/690 705/704/689
f 707/706/691 703/702/687 700/699/684
f 707/706/691 706/705/690 703/702/687
f 707/706/691 700/699/684 696/695/680
f 707/706/691 708/707/692 706/705/690
f 708/707/692 709/708/693 706/705/690
f 708/707/692 710/709/694 709/708/693
f 708/707/692 711/710/695 710/709/694
f 708/707/692 712/711/696 711/710/695
f 712/711/696 708/707/692 713/712/697
f 707/706/691 713/712/697 708/707/692
f 714/713/698 712/711/696 713/712/697
f 714/713/698 713/712/697 715/714/699
f 716/715/700 713/712/697 707/706/691
f 696/695/680 716/715/700 707/706/691
f 713/712/697 717/716/701 715/714/699
f 713/712/697 716/715/700 717/716/701
f 717/716/701 718/717/702 715/714/699
f 717/716/701 719/718/703 718/717/702
f 720/719/704 718/717/702 719/718/703
f 716/715/700 721/720/705 717/716/701
f 717/716/701 721/720/705 719/718/703
f 722/721/706 720/719/704 719/718/703
f 722/721/706 723/722/707 720/719/704
f 724/723/708 722/721/706 719/718/703
f 719/718/703 721/720/705 724/723/708
f 723/722/707 722/721/706 725/724/709
f 725/724/709 722/721/706 724/723/708
f 721/720/705 725/724/709 724/723/708
f 723/722/707 725/724/709 726/725/710
f 727/726/711 725/724/709 721/720/705
f 727/726/711 726/725/710 725/724/709
f 727/726/711 721/720/705 728/727/712
f 728/727/712 721/720/705 716/715/700
f 727/726/711 729/728/713 726/725/710
f 727/726/711 728/727/712 729/728/713
f 726/725/710 729/728/713 730/729/714
f 730/729/714 729/728/713 728/727/712
f 730/729/714 728/727/712 731/730/715
f 732/731/716 731/730/715 728/727/712
f 728/727/712 716/715/700 732/731/716
f 731/730/715 732/731/716 733/732/717
f 732/731/716 716/715/700 734/733/718
f 696/695/680 734/733/718 716/715/700
f 733/732/717 732/731/716 735/734/719
f 732/731/716 734/733/718 735/734/719
f 676/676/663 734/733/718 696/695/680
f 736/735/720 733/732/717 735/734/719
f 733/732/717 736/735/720 737/736/721
f 736/735/720 735/734/719 738/737/722
f 737/736/721 736/735/720 738/737/722
f 738/737/722 739/738/723 737/736/721
f 737/736/721 739/738/723 740/739/724
f 740/739/724 739/738/723 738/737/722
f 738/737/722 735/734/719 741/740/725
f 741/740/725 740/739/724 738/737/722
f 741/740/725 735/734/719 734/733/718
f 742/741/726 740/739/724 741/740/725
f 741/740/725 743/742/727 742/741/726
f 744/743/728 742/741/726 743/742/727
f 745/744/729 741/740/725 734/733/718
f 743/742/727 741/740/725 745/744/729
f 746/745/730 744/743/728 743/742/727
f 747/746/731 744/743/728 746/745/730
f 746/745/730 743/742/727 748/747/732
f 748/747/732 747/746/731 746/745/730
f 745/744/729 748/747/732 743/742/727
f 749/748/733 747/746/731 748/747/732
f 745/744/729 749/748/733 748/747/732
f 750/749/734 747/746/731 749/748/733
f 749/748/733 751/750/735 750/749/734
f 749/748/733 745/744/729 752/751/736
f 751/750/735 749/748/733 752/751/736
f 753/752/737 745/744/729 734/733/718
f 753/752/737 752/751/736 745/744/729
f 676/676/663 753/752/737 734/733/718
f 754/753/738 751/750/735 752/751/736
f 752/751/736 753/752/737 754/753/738
f 751/750/735 754/753/738 755/754/739
f 754/753/738 756/755/740 755/754/739
f 757/756/741 753/752/737 676/676/663
f 758/757/742 754/753/738 753/752/737
f 757/756/741 758/757/742 753/752/737
f 756/755/740 754/753/738 759/758/743
f 758/757/742 760/759/744 754/753/738
f 760/759/744 759/758/743 754/753/738
f 758/757/742 757/756/741 760/759/744
f 759/758/743 760/759/744 756/755/740
f 757/756/741 676/676/663 761/760/745
f 757/756/741 761/760/745 760/759/744
f 761/760/745 676/676/663 678/678/665
f 762/761/746 756/755/740 760/759/744
f 763/762/747 756/755/740 762/761/746
f 764/763/748 762/761/746 760/759/744
f 761/760/745 764/763/748 760/759/744
f 765/764/749 763/762/747 762/761/746
f 764/763/748 765/764/749 762/761/746
f 765/764/749 764/763/748 761/760/745
f 763/762/747 765/764/749 766/765/750
f 765/764/749 761/760/745 767/766/751
f 767/766/751 766/765/750 765/764/749
f 761/760/745 768/767/752 767/766/751
f 767/766/751 768/767/752 766/765/750
f 678/678/665 768/767/752 761/760/745
f 768/767/752 678/678/665 680/680/667
f 769/768/753 766/765/750 768/767/752
f 770/769/754 766/765/750 769/768/753
f 771/770/755 769/768/753 768/767/752
f 771/770/755 770/769/754 769/768/753
f 768/767/752 680/680/667 771/770/755
f 772/771/756 770/769/754 771/770/755
f 770/769/754 772/771/756 773/772/757
f 771/770/755 774/773/758 772/771/756
f 772/771/756 774/773/758 773/772/757
f 680/680/667 774/773/758 771/770/755
f 774/773/758 775/774/759 773/772/757
f 775/774/759 776/775/760 773/772/757
f 777/776/761 774/773/758 680/680/667
f 775/774/759 774/773/758 777/776/761
f 777/776/761 680/680/667 649/649/636
f 775/774/759 778/777/762 776/775/760
f 777/776/761 778/777/762 775/774/759
f 779/778/763 776/775/760 778/777/762
f 779/778/763 778/777/762 780/779/764
f 781/780/765 780/779/764 778/777/762
f 649/649/636 782/781/766 777/776/761
f 777/776/761 782/781/766 778/777/762
f 781/780/765 778/777/762 782/781/766
f 782/781/766 649/649/636 627/627/616
f 618/618/608 782/781/766 627/627/616
f 782/781/766 618/618/608 783/782/767
f 783/782/767 618/618/608 616/616/606
f 781/780/765 782/781/766 784/783/768
f 782/781/766 783/782/767 784/783/768
f 783/782/767 616/616/606 784/783/768
f 785/784/769 781/780/765 784/783/768
f 786/785/770 784/783/768 616/616/606
f 784/783/768 786/785/770 785/784/769
f 787/786/771 786/785/770 616/616/606
f 785/784/769 786/785/770 787/786/771
f 788/787/772 789/788/773 790/789/774
f 789/788/773 788/787/772 791/790/775
f 789/788/773 791/790/775 792/791/776
f 792/791/776 791/790/775 793/792/777
f 793/792/777 794/793/778 795/794/779
f 793/792/777 795/794/779 792/791/776
f 795/794/779 796/795/780 792/791/776
f 792/791/776 796/795/780 797/796/781
f 797/796/781 796/795/780 798/797/782
f 797/796/781 798/797/782 799/798/783
f 797/796/781 800/799/784 792/791/776
f 801/800/785 792/791/776 800/799/784
f 799/798/783 802/801/786 797/796/781
f 803/802/787 802/801/786 799/798/783
f 802/801/786 803/802/787 804/803/788
f 804/803/788 805/804/789 806/805/790
f 804/803/788 806/805/790 802/801/786
f 802/801/786 806/805/790 807/806/791
f 807/806/791 808/807/792 802/801/786
f 802/801/786 809/808/793 797/796/781
f 802/801/786 808/807/792 809/808/793
f 809/808/793 800/799/784 797/796/781
f 809/808/793 808/807/792 810/809/794
f 810/809/794 808/807/792 811/810/795
f 809/808/793 812/811/796 800/799/784
f 813/812/797 810/809/794 811/810/795
f 811/810/795 814/813/798 813/812/797
f 813/812/797 814/813/798 815/814/799
f 816/815/800 809/808/793 810/809/794
f 812/811/796 809/808/793 816/815/800
f 810/809/794 813/812/797 817/816/801
f 810/809/794 817/816/801 816/815/800
f 818/817/802 813/812/797 815/814/799
f 818/817/802 817/816/801 813/812/797
f 819/818/803 818/817/802 815/814/799
f 819/818/803 820/819/804 818/817/802
f 820/819/804 821/820/805 818/817/802
f 822/821/806 817/816/801 818/817/802
f 818/817/802 821/820/805 823/822/807
f 818/817/802 823/822/807 822/821/806
f 822/821/806 824/823/808 817/816/801
f 822/821/806 823/822/807 824/823/808
f 824/823/808 816/815/800 817/816/801
f 825/824/809 823/822/807 821/820/805
f 826/825/810 825/824/809 821/820/805
f 827/826/811 825/824/809 826/825/810
f 816/815/800 824/823/808 828/827/812
f 812/811/796 816/815/800 828/827/812
f 829/828/813 830/829/814 825/824/809
f 825/824/809 830/829/814 831/830/815
f 831/830/815 823/822/807 825/824/809
f 831/830/815 830/829/814 832/831/816
f 832/831/816 833/832/817 831/830/815
f 831/830/815 833/832/817 834/833/818
f 831/830/815 834/833/818 823/822/807
f 835/834/819 834/833/818 833/832/817
f 836/835/820 834/833/818 835/834/819
f 837/836/821 824/823/808 823/822/807
f 834/833/818 837/836/821 823/822/807
f 837/836/821 828/827/812 824/823/808
f 836/835/820 838/837/822 834/833/818
f 838/837/822 837/836/821 834/833/818
f 836/835/820 839/838/823 838/837/822
f 838/837/822 839/838/823 840/839/824
f 841/840/825 838/837/822 840/839/824
f 841/840/825 837/836/821 838/837/822
f 841/840/825 840/839/824 842/841/826
f 843/842/827 841/840/825 842/841/826
f 844/843/828 841/840/825 843/842/827
f 845/844/829 837/836/821 841/840/825
f 845/844/829 846/845/830 837/836/821
f 828/827/812 837/836/821 846/845/830
f 845/844/829 847/846/831 846/845/830
f 846/845/830 847/846/831 848/847/832
f 846/845/830 849/848/833 828/827/812
f 849/848/833 846/845/830 848/847/832
f 849/848/833 812/811/796 828/827/812
f 849/848/833 800/799/784 812/811/796
f 800/799/784 849/848/833 801/800/785
f 801/800/785 849/848/833 850/849/834
f 850/849/834 849/848/833 848/847/832
f 850/849/834 848/847/832 851/850/835
f 852/851/836 853/852/837 854/853/838
f 852/851/836 855/854/839 853/852/837
f 855/854/839 856/855/483 853/852/837
f 855/854/839 857/856/840 856/855/483
f 857/856/840 858/857/489 856/855/483
f 859/858/841 858/857/489 857/856/840
f 858/857/489 859/858/841 860/859/842
f 860/859/842 859/858/841 861/860/843
f 861/860/843 862/861/844 860/859/842
f 861/860/843 863/862/845 862/861/844
f 861/860/843 859/858/841 864/863/846
f 861/860/843 865/864/847 863/862/845
f 861/860/843 864/863/846 865/864/847
f 865/864/847 866/865/848 863/862/845
f 867/866/849 866/865/848 865/864/847
f 865/864/847 868/867/850 867/866/849
f 865/864/847 869/868/851 868/867/850
f 870/869/852 869/868/851 865/864/847
f 870/869/852 865/864/847 871/870/853
f 864/863/846 871/870/853 865/864/847
f 864/863/846 859/858/841 872/871/854
f 864/863/846 872/871/854 871/870/853
f 873/872/855 872/871/854 859/858/841
f 874/873/856 873/872/855 859/858/841
f 875/874/857 871/870/853 872/871/854
f 873/872/855 875/874/857 872/871/854
f 875/874/857 876/875/858 871/870/853
f 871/870/853 876/875/858 877/876/859
f 873/872/855 874/873/856 878/877/860
f 874/873/856 879/878/861 878/877/860
f 878/877/860 879/878/861 880/879/862
f 873/872/855 881/880/863 875/874/857
f 878/877/860 881/880/863 873/872/855
f 876/875/858 875/874/857 882/881/864
f 875/874/857 881/880/863 882/881/864
f 876/875/858 883/882/865 877/876/859
f 882/881/864 883/882/865 876/875/858
f 877/876/859 883/882/865 884/883/866
f 883/882/865 885/884/867 884/883/866
f 886/885/868 887/886/869 885/884/867
f 888/887/870 886/885/868 885/884/867
f 885/884/867 883/882/865 888/887/870
f 889/888/871 888/887/870 883/882/865
f 889/888/871 883/882/865 890/889/872
f 890/889/872 883/882/865 882/881/864
f 891/890/873 882/881/864 881/880/863
f 882/881/864 891/890/873 892/891/874
f 891/890/873 893/892/875 892/891/874
f 894/893/876 895/894/877 893/892/875
f 894/893/876 893/892/875 891/890/873
f 881/880/863 896/895/878 891/890/873
f 894/893/876 891/890/873 896/895/878
f 896/895/878 881/880/863 897/896/879
f 881/880/863 878/877/860 897/896/879
f 896/895/878 898/897/880 894/893/876
f 899/898/881 894/893/876 898/897/880
f 896/895/878 897/896/879 900/899/882
f 900/899/882 897/896/879 878/877/860
f 898/897/880 896/895/878 900/899/882
f 900/899/882 878/877/860 880/879/862
f 898/897/880 900/899/882 880/879/862
f 901/900/883 899/898/881 898/897/880
f 901/900/883 898/897/880 880/879/862
f 901/900/883 880/879/862 902/901/884
f 903/902/885 902/901/884 880/879/862
f 901/900/883 902/901/884 904/903/886
f 902/901/884 905/904/887 904/903/886
f 903/902/885 906/905/888 902/901/884
f 907/906/889 905/904/887 902/901/884
f 906/905/888 907/906/889 902/901/884
f 906/905/888 908/907/890 907/906/889
f 909/908/891 910/909/892 911/910/893
f 912/911/894 911/910/893 910/909/892
f 912/911/894 913/912/895 911/910/893
f 914/913/896 913/912/895 912/911/894
f 913/912/895 915/914/897 911/910/893
f 913/912/895 914/913/896 916/915/898
f 915/914/897 913/912/895 917/916/899
f 918/917/900 915/914/897 917/916/899
f 919/918/901 913/912/895 916/915/898
f 916/915/898 920/919/902 919/918/901
f 913/912/895 921/920/903 917/916/899
f 921/920/903 913/912/895 919/918/901
f 917/916/899 922/921/904 918/917/900
f 918/917/900 922/921/904 923/922/905
f 922/921/904 924/923/906 923/922/905
f 925/924/907 924/923/906 922/921/904
f 922/921/904 917/916/899 926/925/908
f 927/926/909 925/924/907 922/921/904
f 922/921/904 926/925/908 927/926/909
f 927/926/909 928/927/910 925/924/907
f 917/916/899 929/928/911 926/925/908
f 921/920/903 929/928/911 917/916/899
f 927/926/909 926/925/908 930/929/912
f 930/929/912 926/925/908 929/928/911
f 927/926/909 931/930/913 928/927/910
f 932/931/914 928/927/910 931/930/913
f 933/932/915 932/931/914 934/933/916
f 932/931/914 931/930/913 934/933/916
f 934/933/916 931/930/913 935/934/917
f 927/926/909 936/935/918 931/930/913
f 927/926/909 930/929/912 936/935/918
f 937/936/919 935/934/917 931/930/913
f 935/934/917 937/936/919 938/937/920
f 939/938/921 938/937/920 937/936/919
f 937/936/919 940/939/922 939/938/921
f 941/940/923 940/939/922 937/936/919
f 931/930/913 936/935/918 942/941/924
f 931/930/913 942/941/924 937/936/919
f 941/940/923 937/936/919 943/942/925
f 941/940/923 943/942/925 944/943/926
f 945/944/828 944/943/926 943/942/925
f 943/942/925 937/936/919 946/945/927
f 946/945/927 937/936/919 942/941/924
f 946/945/927 942/941/924 947/946/831
f 942/941/924 936/935/918 948/947/928
f 942/941/924 948/947/928 947/946/831
f 930/929/912 948/947/928 936/935/918
f 948/947/928 930/929/912 947/946/831
f 947/946/831 930/929/912 949/948/832
f 930/929/912 950/949/929 949/948/832
f 950/949/929 930/929/912 929/928/911
f 949/948/832 950/949/929 951/950/930
f 952/951/835 949/948/832 951/950/930
f 952/951/835 951/950/930 953/952/931
f 954/953/932 950/949/929 929/928/911
f 954/953/932 951/950/930 950/949/929
f 953/952/931 951/950/930 954/953/932
f 929/928/911 921/920/903 954/953/932
f 921/920/903 953/952/931 954/953/932
f 955/954/785 953/952/931 921/920/903
f 921/920/903 919/918/901 955/954/785
f 956/955/933 955/954/785 919/918/901
f 956/955/933 919/918/901 957/956/934
f 957/956/934 958/957/935 959/958/936
f 957/956/934 919/918/901 960/959/937
f 957/956/934 960/959/937 958/957/935
f 919/918/901 920/919/902 960/959/937
f 961/960/938 958/957/935 960/959/937
f 920/919/902 962/961/939 960/959/937
f 960/959/937 962/961/939 961/960/938
f 963/962/940 964/963/155 965/964/248
f 964/963/155 966/965/255 965/964/248
f 967/966/941 966/965/255 964/963/155
f 966/965/255 967/966/941 968/967/942
f 969/968/943 968/967/942 967/966/941
f 967/966/941 970/969/944 969/968/943
f 970/969/944 967/966/941 971/970/945
f 972/971/159 967/966/941 964/963/155
f 973/972/946 971/970/945 967/966/941
f 974/973/947 971/970/945 973/972/946
f 975/974/948 974/973/947 973/972/946
f 976/975/268 975/974/948 973/972/946
f 972/971/159 977/976/949 967/966/941
f 967/966/941 977/976/949 973/972/946
f 978/977/950 976/975/268 973/972/946
f 979/978/271 976/975/268 978/977/950
f 980/979/951 978/977/950 973/972/946
f 977/976/949 980/979/951 973/972/946
f 981/980/952 979/978/271 978/977/950
f 981/980/952 978/977/950 980/979/951
f 982/981/272 979/978/271 981/980/952
f 982/981/272 981/980/952 983/982/953
f 981/980/952 984/983/954 983/982/953
f 984/983/954 981/980/952 985/984/955
f 985/984/955 981/980/952 986/985/956
f 987/986/957 988/987/958 986/985/956
f 981/980/952 987/986/957 986/985/956
f 981/980/952 989/988/959 987/986/957
f 981/980/952 990/989/960 989/988/959
f 981/980/952 980/979/951 990/989/960
f 991/990/961 989/988/959 990/989/960
f 992/991/962 989/988/959 991/990/961
f 992/991/962 991/990/961 993/992/963
f 994/993/964 990/989/960 980/979/951
f 991/990/961 995/994/965 993/992/963
f 996/995/966 993/992/963 995/994/965
f 990/989/960 997/996/967 991/990/961
f 997/996/967 990/989/960 994/993/964
f 991/990/961 998/997/968 995/994/965
f 998/997/968 991/990/961 997/996/967
f 999/998/969 996/995/966 995/994/965
f 999/998/969 995/994/965 998/997/968
f 999/998/969 1000/999/970 996/995/966
f 1000/999/970 999/998/969 1001/1000/971
f 998/997/968 1002/1001/972 999/998/969
f 997/996/967 1002/1001/972 998/997/968
f 999/998/969 1003/1002/973 1001/1000/971
f 1002/1001/972 1003/1002/973 999/998/969
f 1003/1002/973 1004/1003/974 1001/1000/971
f 1005/1004/975 1001/1000/971 1004/1003/974
f 1006/1005/976 1007/1006/977 1005/1004/975
f 1005/1004/975 1004/1003/974 1006/1005/976
f 1004/1003/974 1008/1007/978 1006/1005/976
f 1004/1003/974 1009/1008/979 1008/1007/978
f 1003/1002/973 1010/1009/980 1004/1003/974
f 1003/1002/973 1002/1001/972 1010/1009/980
f 1004/1003/974 1011/1010/981 1009/1008/979
f 1004/1003/974 1010/1009/980 1011/1010/981
f 1009/1008/979 1011/1010/981 1012/1011/982
f 1011/1010/981 1013/1012/983 1012/1011/982
f 1011/1010/981 1014/1013/984 1013/1012/983
f 1015/1014/985 1014/1013/984 1011/1010/981
f 1015/1014/985 1016/1015/986 1014/1013/984
f 1011/1010/981 1010/1009/980 1017/1016/987
f 1017/1016/987 1015/1014/985 1011/1010/981
f 1018/1017/988 1016/1015/986 1015/1014/985
f 1017/1016/987 1018/1017/988 1015/1014/985
f 1019/1018/989 1016/1015/986 1018/1017/988
f 1019/1018/989 1018/1017/988 1020/1019/990
f 1021/1020/991 1017/1016/987 1010/1009/980
f 1021/1020/991 1010/1009/980 1002/1001/972
f 1018/1017/988 1022/1021/992 1020/1019/990
f 1002/1001/972 1023/1022/993 1021/1020/991
f 1002/1001/972 997/996/967 1023/1022/993
f 1022/1021/992 1024/1023/994 1020/1019/990
f 1020/1019/990 1024/1023/994 1025/1024/995
f 1025/1024/995 1024/1023/994 1026/1025/996
f 1022/1021/992 1027/1026/997 1024/1023/994
f 1018/1017/988 1027/1026/997 1022/1021/992
f 1024/1023/994 1028/1027/998 1026/1025/996
f 1027/1026/997 1028/1027/998 1024/1023/994
f 1028/1027/998 1029/1028/999 1026/1025/996
f 1030/1029/1000 1029/1028/999 1028/1027/998
f 1031/1030/190 1030/1029/1000 1028/1027/998
f 1028/1027/998 1027/1026/997 1031/1030/190
f 1032/1031/1001 1031/1030/190 1027/1026/997
f 1018/1017/988 1032/1031/1001 1027/1026/997
f 1032/1031/1001 1018/1017/988 1017/1016/987
f 1017/1016/987 1033/1032/1002 1032/1031/1001
f 1021/1020/991 1033/1032/1002 1017/1016/987
f 1033/1032/1002 1034/1033/1003 1032/1031/1001
f 1035/1034/1004 1032/1031/1001 1034/1033/1003
f 1021/1020/991 1036/1035/1005 1033/1032/1002
f 1033/1032/1002 1036/1035/1005 1034/1033/1003
f 1023/1022/993 1036/1035/1005 1021/1020/991
f 1037/1036/1006 1035/1034/1004 1034/1033/1003
f 1036/1035/1005 1038/1037/1007 1034/1033/1003
f 1038/1037/1007 1037/1036/1006 1034/1033/1003
f 1039/1038/1008 1036/1035/1005 1023/1022/993
f 1039/1038/1008 1038/1037/1007 1036/1035/1005
f 1040/1039/1009 1037/1036/1006 1038/1037/1007
f 1040/1039/1009 1041/1040/163 1037/1036/1006
f 1042/1041/1010 1041/1040/163 1040/1039/1009
f 1038/1037/1007 1043/1042/1011 1040/1039/1009
f 1042/1041/1010 1040/1039/1009 1043/1042/1011
f 1043/1042/1011 1038/1037/1007 1039/1038/1008
f 1043/1042/1011 972/971/159 1042/1041/1010
f 972/971/159 1043/1042/1011 977/976/949
f 1043/1042/1011 1039/1038/1008 977/976/949
f 977/976/949 1039/1038/1008 1044/1043/1012
f 1039/1038/1008 1023/1022/993 1044/1043/1012
f 977/976/949 1044/1043/1012 980/979/951
f 1023/1022/993 997/996/967 1044/1043/1012
f 994/993/964 980/979/951 1044/1043/1012
f 997/996/967 994/993/964 1044/1043/1012
f 1045/1044/1013 1046/1045/1014 1047/1046/1015
f 1045/1044/1013 1048/1047/1016 1046/1045/1014
f 1045/1044/1013 1049/1048/1017 1048/1047/1016
f 1048/1047/1016 1049/1048/1017 1050/1049/1018
f 1045/1044/1013 1051/1050/1019 1049/1048/1017
f 1051/1050/1019 1052/1051/1020 1049/1048/1017
f 1053/1052/1021 1049/1048/1017 1052/1051/1020
f 1052/1051/1020 1051/1050/1019 1054/1053/1022
f 1055/1054/1023 1053/1052/1021 1052/1051/1020
f 1056/1055/1024 1052/1051/1020 1054/1053/1022
f 1052/1051/1020 1056/1055/1024 1055/1054/1023
f 1057/1056/1025 1056/1055/1024 1054/1053/1022
f 1058/1057/1026 1055/1054/1023 1056/1055/1024
f 1056/1055/1024 1057/1056/1025 1059/1058/1014
f 1056/1055/1024 1059/1058/1014 1058/1057/1026
f 1060/1059/1027 1059/1058/1014 1057/1056/1025
f 1061/1060/1016 1058/1057/1026 1059/1058/1014
f 1062/1061/1028 1063/1062/1029 1064/1063/1030
f 1065/1064/1031 1064/1063/1030 1063/1062/1029
f 1066/1065/1032 1064/1063/1030 1065/1064/1031
f 1065/1064/1031 1063/1062/1029 1067/1066/1033
f 1068/1067/1034 1067/1066/1033 1063/1062/1029
f 1065/1064/1031 1069/1068/1035 1066/1065/1032
f 1070/1069/1036 1066/1065/1032 1069/1068/1035
f 1070/1069/1036 1069/1068/1035 1071/1070/1037
f 1067/1066/1033 1072/1071/1038 1065/1064/1031
f 1065/1064/1031 1072/1071/1038 1069/1068/1035
f 1073/1072/1039 1071/1070/1037 1069/1068/1035
f 1071/1070/1037 1073/1072/1039 1074/1073/1040
f 1075/1074/1041 1069/1068/1035 1072/1071/1038
f 1073/1072/1039 1069/1068/1035 1075/1074/1041
f 1076/1075/1042 1074/1073/1040 1073/1072/1039
f 1075/1074/1041 1077/1076/1043 1073/1072/1039
f 1076/1075/1042 1073/1072/1039 1077/1076/1043
f 1078/1077/1044 1074/1073/1040 1076/1075/1042
f 1076/1075/1042 1077/1076/1043 1078/1077/1044
f 1079/1078/1045 1074/1073/1040 1078/1077/1044
f 1074/1073/1040 1079/1078/1045 1080/1079/1046
f 1081/1080/1047 1078/1077/1044 1077/1076/1043
f 1079/1078/1045 1078/1077/1044 1081/1080/1047
f 1079/1078/1045 1082/1081/1048 1080/1079/1046
f 1080/1079/1046 1082/1081/1048 1083/1082/1049
f 1083/1082/1049 1082/1081/1048 1084/1083/1050
f 1079/1078/1045 1085/1084/1051 1082/1081/1048
f 1081/1080/1047 1085/1084/1051 1079/1078/1045
f 1082/1081/1048 1086/1085/1052 1084/1083/1050
f 1082/1081/1048 1085/1084/1051 1086/1085/1052
f 1084/1083/1050 1086/1085/1052 1087/1086/1053
f 1087/1086/1053 1086/1085/1052 1088/1087/819
f 1081/1080/1047 1089/1088/1054 1085/1084/1051
f 1086/1085/1052 1090/1089/1055 1088/1087/819
f 1088/1087/819 1090/1089/1055 1091/1090/1056
f 1091/1090/1056 1090/1089/1055 1092/1091/1057
f 1090/1089/1055 1093/1092/1058 1092/1091/1057
f 1094/1093/1059 1086/1085/1052 1085/1084/1051
f 1090/1089/1055 1086/1085/1052 1094/1093/1059
f 1094/1093/1059 1085/1084/1051 1095/1094/1060
f 1089/1088/1054 1095/1094/1060 1085/1084/1051
f 1094/1093/1059 1096/1095/1061 1090/1089/1055
f 1095/1094/1060 1096/1095/1061 1094/1093/1059
f 1097/1096/1062 1093/1092/1058 1090/1089/1055
f 1097/1096/1062 1090/1089/1055 1096/1095/1061
f 1098/1097/826 1093/1092/1058 1097/1096/1062
f 1099/1098/1063 1098/1097/826 1097/1096/1062
f 1100/1099/828 1099/1098/1063 1097/1096/1062
f 1100/1099/828 1097/1096/1062 1101/1100/926
f 1097/1096/1062 1102/1101/1064 1101/1100/926
f 1101/1100/926 1102/1101/1064 1103/1102/1065
f 1104/1103/921 1105/1104/1066 1103/1102/1065
f 1102/1101/1064 1104/1103/921 1103/1102/1065
f 1106/1105/1067 1104/1103/921 1102/1101/1064
f 1107/1106/1068 1104/1103/921 1106/1105/1067
f 1097/1096/1062 1108/1107/1069 1102/1101/1064
f 1106/1105/1067 1109/1108/1070 1107/1106/1068
f 1109/1108/1070 1110/1109/1071 1107/1106/1068
f 1109/1108/1070 1111/1110/1072 1110/1109/1071
f 1112/1111/1073 1106/1105/1067 1102/1101/1064
f 1108/1107/1069 1112/1111/1073 1102/1101/1064
f 1109/1108/1070 1106/1105/1067 1112/1111/1073
f 1097/1096/1062 1113/1112/1074 1108/1107/1069
f 1108/1107/1069 1113/1112/1074 1114/1113/1075
f 1108/1107/1069 1114/1113/1075 1112/1111/1073
f 1097/1096/1062 1115/1114/1076 1113/1112/1074
f 1114/1113/1075 1113/1112/1074 1115/1114/1076
f 1115/1114/1076 1097/1096/1062 1096/1095/1061
f 1115/1114/1076 1116/1115/1077 1114/1113/1075
f 1112/1111/1073 1114/1113/1075 1116/1115/1077
f 1115/1114/1076 1117/1116/1078 1116/1115/1077
f 1096/1095/1061 1117/1116/1078 1115/1114/1076
f 1116/1115/1077 1118/1117/1079 1112/1111/1073
f 1117/1116/1078 1118/1117/1079 1116/1115/1077
f 1119/1118/1080 1112/1111/1073 1118/1117/1079
f 1118/1117/1079 1117/1116/1078 1120/1119/1081
f 1119/1118/1080 1121/1120/1082 1112/1111/1073
f 1109/1108/1070 1112/1111/1073 1121/1120/1082
f 1119/1118/1080 1118/1117/1079 1122/1121/1083
f 1122/1121/1083 1118/1117/1079 1120/1119/1081
f 1121/1120/1082 1119/1118/1080 1123/1122/1084
f 1123/1122/1084 1119/1118/1080 1122/1121/1083
f 1124/1123/1085 1120/1119/1081 1117/1116/1078
f 1117/1116/1078 1096/1095/1061 1124/1123/1085
f 1125/1124/1086 1122/1121/1083 1120/1119/1081
f 1120/1119/1081 1124/1123/1085 1125/1124/1086
f 1122/1121/1083 1125/1124/1086 1126/1125/1087
f 1124/1123/1085 1096/1095/1061 1127/1126/1088
f 1095/1094/1060 1127/1126/1088 1096/1095/1061
f 1125/1124/1086 1124/1123/1085 1128/1127/1089
f 1126/1125/1087 1125/1124/1086 1128/1127/1089
f 1124/1123/1085 1129/1128/1090 1128/1127/1089
f 1127/1126/1088 1129/1128/1090 1124/1123/1085
f 1128/1127/1089 1129/1128/1090 1130/1129/1091
f 1126/1125/1087 1128/1127/1089 1130/1129/1091
f 1131/1130/1092 1129/1128/1090 1127/1126/1088
f 1130/1129/1091 1129/1128/1090 1131/1130/1092
f 1126/1125/1087 1132/1131/1093 1122/1121/1083
f 1122/1121/1083 1132/1131/1093 1123/1122/1084
f 1126/1125/1087 1130/1129/1091 1133/1132/1094
f 1132/1131/1093 1126/1125/1087 1133/1132/1094
f 1133/1132/1094 1130/1129/1091 1134/1133/1095
f 1131/1130/1092 1134/1133/1095 1130/1129/1091
f 1135/1134/1096 1133/1132/1094 1134/1133/1095
f 1134/1133/1095 1136/1135/1097 1135/1134/1096
f 1134/1133/1095 1131/1130/1092 1136/1135/1097
f 1135/1134/1096 1137/1136/1098 1133/1132/1094
f 1131/1130/1092 1138/1137/1099 1136/1135/1097
f 1131/1130/1092 1139/1138/1100 1138/1137/1099
f 1131/1130/1092 1140/1139/1101 1139/1138/1100
f 1141/1140/1102 1140/1139/1101 1131/1130/1092
f 1127/1126/1088 1141/1140/1102 1131/1130/1092
f 1142/1141/1103 1140/1139/1101 1141/1140/1102
f 1142/1141/1103 1141/1140/1102 1143/1142/1104
f 1127/1126/1088 1144/1143/1105 1141/1140/1102
f 1144/1143/1105 1143/1142/1104 1141/1140/1102
f 1127/1126/1088 1095/1094/1060 1144/1143/1105
f 1145/1144/1106 1143/1142/1104 1144/1143/1105
f 1146/1145/1107 1145/1144/1106 1144/1143/1105
f 1144/1143/1105 1095/1094/1060 1147/1146/1108
f 1144/1143/1105 1147/1146/1108 1146/1145/1107
f 1147/1146/1108 1095/1094/1060 1089/1088/1054
f 1146/1145/1107 1148/1147/1109 1149/1148/1110
f 1147/1146/1108 1148/1147/1109 1146/1145/1107
f 1089/1088/1054 1150/1149/1111 1147/1146/1108
f 1081/1080/1047 1150/1149/1111 1089/1088/1054
f 1147/1146/1108 1151/1150/1112 1148/1147/1109
f 1150/1149/1111 1081/1080/1047 1077/1076/1043
f 1151/1150/1112 1152/1151/1113 1148/1147/1109
f 1150/1149/1111 1077/1076/1043 1153/1152/1114
f 1151/1150/1112 1154/1153/1115 1152/1151/1113
f 1155/1154/1116 1152/1151/1113 1154/1153/1115
f 1155/1154/1116 1154/1153/1115 1156/1155/1117
f 1153/1152/1114 1077/1076/1043 1157/1156/1118
f 1153/1152/1114 1157/1156/1118 1150/1149/1111
f 1154/1153/1115 1158/1157/1119 1156/1155/1117
f 1158/1157/1119 1154/1153/1115 1151/1150/1112
f 1159/1158/1120 1156/1155/1117 1158/1157/1119
f 1160/1159/1121 1157/1156/1118 1077/1076/1043
f 1075/1074/1041 1160/1159/1121 1077/1076/1043
f 1158/1157/1119 1151/1150/1112 1161/1160/1122
f 1075/1074/1041 1162/1161/1123 1160/1159/1121
f 1162/1161/1123 1075/1074/1041 1072/1071/1038
f 1151/1150/1112 1163/1162/1124 1161/1160/1122
f 1163/1162/1124 1151/1150/1112 1147/1146/1108
f 1147/1146/1108 1150/1149/1111 1163/1162/1124
f 1164/1163/1125 1158/1157/1119 1161/1160/1122
f 1164/1163/1125 1161/1160/1122 1163/1162/1124
f 1159/1158/1120 1158/1157/1119 1164/1163/1125
f 1150/1149/1111 1165/1164/1126 1163/1162/1124
f 1165/1164/1126 1164/1163/1125 1163/1162/1124
f 1150/1149/1111 1166/1165/1127 1165/1164/1126
f 1166/1165/1127 1164/1163/1125 1165/1164/1126
f 1166/1165/1127 1150/1149/1111 1157/1156/1118
f 1164/1163/1125 1166/1165/1127 1159/1158/1120
f 1160/1159/1121 1166/1165/1127 1157/1156/1118
f 1167/1166/1128 1159/1158/1120 1166/1165/1127
f 1166/1165/1127 1160/1159/1121 1168/1167/1129
f 1168/1167/1129 1160/1159/1121 1162/1161/1123
f 1169/1168/1130 1167/1166/1128 1166/1165/1127
f 1166/1165/1127 1168/1167/1129 1169/1168/1130
f 1167/1166/1128 1170/1169/1131 1159/1158/1120
f 1171/1170/1132 1159/1158/1120 1170/1169/1131
f 1171/1170/1132 1170/1169/1131 1172/1171/1133
f 1173/1172/1134 1167/1166/1128 1169/1168/1130
f 1170/1169/1131 1167/1166/1128 1173/1172/1134
f 1170/1169/1131 1174/1173/1135 1172/1171/1133
f 1174/1173/1135 1170/1169/1131 1173/1172/1134
f 1174/1173/1135 1175/1174/889 1172/1171/1133
f 1174/1173/1135 1176/1175/887 1175/1174/889
f 1173/1172/1134 1169/1168/1130 1177/1176/1136
f 1169/1168/1130 1168/1167/1129 1177/1176/1136
f 1178/1177/1137 1174/1173/1135 1173/1172/1134
f 1173/1172/1134 1179/1178/1138 1178/1177/1137
f 1178/1177/1137 1179/1178/1138 1174/1173/1135
f 1173/1172/1134 1177/1176/1136 1179/1178/1138
f 1180/1179/1139 1176/1175/887 1174/1173/1135
f 1174/1173/1135 1179/1178/1138 1180/1179/1139
f 1176/1175/887 1180/1179/1139 1181/1180/886
f 1177/1176/1136 1182/1181/1140 1179/1178/1138
f 1180/1179/1139 1179/1178/1138 1182/1181/1140
f 1181/1180/886 1183/1182/881 1184/1183/1141
f 1180/1179/1139 1183/1182/881 1181/1180/886
f 1177/1176/1136 1185/1184/1142 1182/1181/1140
f 1185/1184/1142 1177/1176/1136 1168/1167/1129
f 1186/1185/1143 1183/1182/881 1180/1179/1139
f 1180/1179/1139 1182/1181/1140 1186/1185/1143
f 1185/1184/1142 1168/1167/1129 1187/1186/1144
f 1187/1186/1144 1168/1167/1129 1162/1161/1123
f 1072/1071/1038 1187/1186/1144 1162/1161/1123
f 1187/1186/1144 1188/1187/1145 1185/1184/1142
f 1072/1071/1038 1188/1187/1145 1187/1186/1144
f 1182/1181/1140 1185/1184/1142 1188/1187/1145
f 1072/1071/1038 1067/1066/1033 1188/1187/1145
f 1182/1181/1140 1188/1187/1145 1189/1188/1146
f 1189/1188/1146 1186/1185/1143 1182/1181/1140
f 1190/1189/1147 1188/1187/1145 1067/1066/1033
f 1190/1189/1147 1189/1188/1146 1188/1187/1145
f 1067/1066/1033 1068/1067/1034 1190/1189/1147
f 1191/1190/1148 1186/1185/1143 1189/1188/1146
f 1189/1188/1146 1190/1189/1147 1192/1191/1149
f 1192/1191/1149 1191/1190/1148 1189/1188/1146
f 1193/1192/1150 1183/1182/881 1186/1185/1143
f 1183/1182/881 1193/1192/1150 1194/1193/876
f 1186/1185/1143 1195/1194/1151 1193/1192/1150
f 1193/1192/1150 1195/1194/1151 1194/1193/876
f 1186/1185/1143 1191/1190/1148 1195/1194/1151
f 1195/1194/1151 1196/1195/877 1194/1193/876
f 1197/1196/1152 1196/1195/877 1195/1194/1151
f 1192/1191/1149 1198/1197/1153 1191/1190/1148
f 1199/1198/1154 1195/1194/1151 1191/1190/1148
f 1199/1198/1154 1191/1190/1148 1198/1197/1153
f 1200/1199/1155 1195/1194/1151 1199/1198/1154
f 1192/1191/1149 1201/1200/1156 1198/1197/1153
f 1200/1199/1155 1202/1201/1157 1195/1194/1151
f 1195/1194/1151 1202/1201/1157 1197/1196/1152
f 1199/1198/1154 1203/1202/1158 1200/1199/1155
f 1203/1202/1158 1202/1201/1157 1200/1199/1155
f 1198/1197/1153 1204/1203/1159 1199/1198/1154
f 1204/1203/1159 1203/1202/1158 1199/1198/1154
f 1201/1200/1156 1204/1203/1159 1198/1197/1153
f 1205/1204/1160 1203/1202/1158 1204/1203/1159
f 1202/1201/1157 1203/1202/1158 1205/1204/1160
f 1204/1203/1159 1201/1200/1156 1205/1204/1160
f 1206/1205/1161 1197/1196/1152 1202/1201/1157
f 1205/1204/1160 1206/1205/1161 1202/1201/1157
f 1206/1205/1161 1207/1206/1162 1197/1196/1152
f 1197/1196/1152 1207/1206/1162 1208/1207/874
f 1206/1205/1161 1205/1204/1160 1209/1208/1163
f 1208/1207/874 1207/1206/1162 1210/1209/1164
f 1211/1210/1165 1208/1207/874 1210/1209/1164
f 1210/1209/1164 1212/1211/1166 1211/1210/1165
f 1210/1209/1164 1213/1212/1167 1212/1211/1166
f 1214/1213/688 1213/1212/1167 1210/1209/1164
f 1214/1213/688 1210/1209/1164 1215/1214/1168
f 1216/1215/1169 1215/1214/1168 1210/1209/1164
f 1216/1215/1169 1210/1209/1164 1207/1206/1162
f 1217/1216/1170 1215/1214/1168 1216/1215/1169
f 1218/1217/1171 1207/1206/1162 1206/1205/1161
f 1216/1215/1169 1207/1206/1162 1218/1217/1171
f 1206/1205/1161 1209/1208/1163 1218/1217/1171
f 1216/1215/1169 1219/1218/1172 1217/1216/1170
f 1218/1217/1171 1219/1218/1172 1216/1215/1169
f 1219/1218/1172 1220/1219/1173 1217/1216/1170
f 1218/1217/1171 1221/1220/1174 1219/1218/1172
f 1218/1217/1171 1209/1208/1163 1221/1220/1174
f 1219/1218/1172 1222/1221/1175 1220/1219/1173
f 1221/1220/1174 1222/1221/1175 1219/1218/1172
f 1220/1219/1173 1222/1221/1175 1223/1222/1176
f 1223/1222/1176 1222/1221/1175 1224/1223/1177
f 1222/1221/1175 1221/1220/1174 1224/1223/1177
f 1223/1222/1176 1224/1223/1177 1225/1224/1178
f 1224/1223/1177 1226/1225/1179 1225/1224/1178
f 1227/1226/1180 1225/1224/1178 1226/1225/1179
f 1227/1226/1180 1226/1225/1179 1228/1227/1181
f 1226/1225/1179 1224/1223/1177 1229/1228/1182
f 1226/1225/1179 1229/1228/1182 1228/1227/1181
f 1224/1223/1177 1221/1220/1174 1229/1228/1182
f 1228/1227/1181 1229/1228/1182 1230/1229/1183
f 1231/1230/1184 1230/1229/1183 1229/1228/1182
f 1230/1229/1183 1231/1230/1184 1232/1231/1185
f 1221/1220/1174 1233/1232/1186 1229/1228/1182
f 1229/1228/1182 1233/1232/1186 1231/1230/1184
f 1232/1231/1185 1234/1233/1187 1235/1234/1188
f 1232/1231/1185 1231/1230/1184 1234/1233/1187
f 1233/1232/1186 1221/1220/1174 1236/1235/1189
f 1209/1208/1163 1236/1235/1189 1221/1220/1174
f 1237/1236/1190 1234/1233/1187 1231/1230/1184
f 1234/1233/1187 1237/1236/1190 1238/1237/1191
f 1239/1238/1192 1231/1230/1184 1233/1232/1186
f 1231/1230/1184 1239/1238/1192 1237/1236/1190
f 1240/1239/1193 1233/1232/1186 1236/1235/1189
f 1241/1240/1194 1237/1236/1190 1239/1238/1192
f 1239/1238/1192 1233/1232/1186 1242/1241/1195
f 1240/1239/1193 1242/1241/1195 1233/1232/1186
f 1239/1238/1192 1242/1241/1195 1241/1240/1194
f 1236/1235/1189 1243/1242/1196 1240/1239/1193
f 1243/1242/1196 1242/1241/1195 1240/1239/1193
f 1241/1240/1194 1244/1243/1197 1237/1236/1190
f 1244/1243/1197 1238/1237/1191 1237/1236/1190
f 1242/1241/1195 1245/1244/1198 1241/1240/1194
f 1245/1244/1198 1244/1243/1197 1241/1240/1194
f 1245/1244/1198 1242/1241/1195 1246/1245/1199
f 1244/1243/1197 1245/1244/1198 1246/1245/1199
f 1243/1242/1196 1246/1245/1199 1242/1241/1195
f 1244/1243/1197 1247/1246/1200 1238/1237/1191
f 1244/1243/1197 1246/1245/1199 1247/1246/1200
f 1068/1067/1034 1238/1237/1191 1247/1246/1200
f 1243/1242/1196 1248/1247/1201 1246/1245/1199
f 1247/1246/1200 1246/1245/1199 1248/1247/1201
f 1247/1246/1200 1248/1247/1201 1068/1067/1034
f 1248/1247/1201 1243/1242/1196 1236/1235/1189
f 1248/1247/1201 1236/1235/1189 1209/1208/1163
f 1190/1189/1147 1068/1067/1034 1248/1247/1201
f 1249/1248/1202 1248/1247/1201 1209/1208/1163
f 1205/1204/1160 1249/1248/1202 1209/1208/1163
f 1190/1189/1147 1248/1247/1201 1250/1249/1203
f 1250/1249/1203 1192/1191/1149 1190/1189/1147
f 1201/1200/1156 1192/1191/1149 1250/1249/1203
f 1249/1248/1202 1251/1250/1204 1248/1247/1201
f 1251/1250/1204 1250/1249/1203 1248/1247/1201
f 1205/1204/1160 1252/1251/1205 1249/1248/1202
f 1252/1251/1205 1251/1250/1204 1249/1248/1202
f 1205/1204/1160 1201/1200/1156 1252/1251/1205
f 1252/1251/1205 1250/1249/1203 1251/1250/1204
f 1201/1200/1156 1250/1249/1203 1252/1251/1205
f 1253/1252/1206 1254/1253/1207 1255/1254/612
f 1253/1252/1206 1256/1255/1208 1254/1253/1207
f 1257/1256/1209 1254/1253/1207 1256/1255/1208
f 1258/1257/605 1254/1253/1207 1257/1256/1209
f 1257/1256/1209 1259/1258/1210 1258/1257/605
f 1257/1256/1209 1260/1259/1211 1259/1258/1210
f 1261/1260/1212 1256/1255/1208 1262/1261/1213
f 1256/1255/1208 1263/1262/1214 1262/1261/1213
f 1262/1261/1213 1263/1262/1214 1264/1263/1215
f 1261/1260/1212 1265/1264/1216 1260/1259/1211
f 1266/1265/1217 1260/1259/1211 1265/1264/1216
f 1261/1260/1212 1262/1261/1213 1267/1266/1218
f 551/551/544 554/554/547 552/552/545
f 1265/1264/1216 1268/1267/1219 1266/1265/1217
f 1265/1264/1216 1267/1266/1218 1268/1267/1219
f 1266/1265/1217 1268/1267/1219 1269/1268/1220
f 1268/1267/1219 1270/1269/1221 1269/1268/1220
f 1271/1270/1222 1262/1261/1213 1264/1263/1215
f 1272/1271/1223 1271/1270/1222 1264/1263/1215
f 1272/1271/1223 1273/1272/1224 1271/1270/1222
f 1271/1270/1222 1274/1273/1225 1262/1261/1213
f 1267/1266/1218 1262/1261/1213 1274/1273/1225
f 1273/1272/1224 1275/1274/1226 1271/1270/1222
f 1271/1270/1222 1275/1274/1226 1274/1273/1225
f 1276/1275/1227 1275/1274/1226 1273/1272/1224
f 1275/1274/1226 1276/1275/1227 1277/1276/1228
f 1277/1276/1228 1276/1275/1227 1278/1277/1229
f 1277/1276/1228 1278/1277/1229 1279/1278/906
f 1280/1279/1230 1275/1274/1226 1277/1276/1228
f 1280/1279/1230 1274/1273/1225 1275/1274/1226
f 1281/1280/1231 1280/1279/1230 1277/1276/1228
f 1281/1280/1231 1277/1276/1228 1282/1281/1232
f 1280/1279/1230 1283/1282/1233 1274/1273/1225
f 1281/1280/1231 1283/1282/1233 1280/1279/1230
f 1281/1280/1231 1282/1281/1232 1284/1283/1234
f 1281/1280/1231 1284/1283/1234 1283/1282/1233
f 1284/1283/1234 1282/1281/1232 1285/1284/1235
f 1286/1285/1236 1284/1283/1234 1285/1284/1235
f 1274/1273/1225 1283/1282/1233 1287/1286/1237
f 1287/1286/1237 1267/1266/1218 1274/1273/1225
f 1284/1283/1234 1288/1287/1238 1283/1282/1233
f 1284/1283/1234 1286/1285/1236 1289/1288/1239
f 1289/1288/1239 1288/1287/1238 1284/1283/1234
f 1290/1289/1240 1289/1288/1239 1286/1285/1236
f 1286/1285/1236 1111/1110/1072 1290/1289/1240
f 1290/1289/1240 1111/1110/1072 1109/1108/1070
f 1291/1290/1241 1289/1288/1239 1290/1289/1240
f 1292/1291/1242 1290/1289/1240 1109/1108/1070
f 1293/1292/1243 1289/1288/1239 1291/1290/1241
f 1293/1292/1243 1288/1287/1238 1289/1288/1239
f 1290/1289/1240 1294/1293/1244 1291/1290/1241
f 1294/1293/1244 1293/1292/1243 1291/1290/1241
f 1290/1289/1240 1292/1291/1242 1294/1293/1244
f 1288/1287/1238 1293/1292/1243 1294/1293/1244
f 1109/1108/1070 1121/1120/1082 1292/1291/1242
f 1292/1291/1242 1295/1294/1245 1294/1293/1244
f 1295/1294/1245 1288/1287/1238 1294/1293/1244
f 1292/1291/1242 1121/1120/1082 1296/1295/1246
f 1296/1295/1246 1295/1294/1245 1292/1291/1242
f 1295/1294/1245 1297/1296/1247 1288/1287/1238
f 1297/1296/1247 1295/1294/1245 1296/1295/1246
f 1297/1296/1247 1298/1297/1248 1288/1287/1238
f 1283/1282/1233 1288/1287/1238 1298/1297/1248
f 1283/1282/1233 1298/1297/1248 1287/1286/1237
f 1296/1295/1246 1299/1298/1249 1297/1296/1247
f 1298/1297/1248 1297/1296/1247 1299/1298/1249
f 1299/1298/1249 1296/1295/1246 1300/1299/1250
f 1300/1299/1250 1298/1297/1248 1299/1298/1249
f 1296/1295/1246 1121/1120/1082 1301/1300/1251
f 1301/1300/1251 1300/1299/1250 1296/1295/1246
f 1300/1299/1250 1302/1301/1252 1298/1297/1248
f 1287/1286/1237 1298/1297/1248 1302/1301/1252
f 1303/1302/1253 1300/1299/1250 1301/1300/1251
f 1302/1301/1252 1300/1299/1250 1303/1302/1253
f 1121/1120/1082 1304/1303/1254 1301/1300/1251
f 1301/1300/1251 1304/1303/1254 1303/1302/1253
f 1123/1122/1084 1304/1303/1254 1121/1120/1082
f 1305/1304/1255 1302/1301/1252 1303/1302/1253
f 1306/1305/1256 1302/1301/1252 1305/1304/1255
f 1303/1302/1253 1306/1305/1256 1305/1304/1255
f 1287/1286/1237 1302/1301/1252 1306/1305/1256
f 1303/1302/1253 1304/1303/1254 1306/1305/1256
f 1306/1305/1256 1307/1306/1257 1287/1286/1237
f 1307/1306/1257 1306/1305/1256 1304/1303/1254
f 1307/1306/1257 1267/1266/1218 1287/1286/1237
f 1307/1306/1257 1304/1303/1254 1308/1307/1258
f 1309/1308/1259 1267/1266/1218 1307/1306/1257
f 1309/1308/1259 1307/1306/1257 1308/1307/1258
f 1309/1308/1259 1268/1267/1219 1267/1266/1218
f 1308/1307/1258 1304/1303/1254 1310/1309/1260
f 1309/1308/1259 1308/1307/1258 1310/1309/1260
f 1304/1303/1254 1123/1122/1084 1310/1309/1260
f 1311/1310/1261 1268/1267/1219 1309/1308/1259
f 1311/1310/1261 1270/1269/1221 1268/1267/1219
f 1311/1310/1261 1309/1308/1259 1312/1311/1262
f 1312/1311/1262 1309/1308/1259 1310/1309/1260
f 1311/1310/1261 1313/1312/1263 1270/1269/1221
f 1312/1311/1262 1313/1312/1263 1311/1310/1261
f 1312/1311/1262 1310/1309/1260 1313/1312/1263
f 1270/1269/1221 1313/1312/1263 1314/1313/1264
f 1315/1314/1265 1310/1309/1260 1123/1122/1084
f 1310/1309/1260 1315/1314/1265 1313/1312/1263
f 1315/1314/1265 1123/1122/1084 1132/1131/1093
f 1314/1313/1264 1313/1312/1263 1316/1315/1266
f 1316/1315/1266 1313/1312/1263 1315/1314/1265
f 1317/1316/1267 1314/1313/1264 1316/1315/1266
f 1316/1315/1266 1318/1317/1268 1317/1316/1267
f 1132/1131/1093 1319/1318/1269 1315/1314/1265
f 1315/1314/1265 1319/1318/1269 1316/1315/1266
f 1319/1318/1269 1318/1317/1268 1316/1315/1266
f 1132/1131/1093 1133/1132/1094 1319/1318/1269
f 1133/1132/1094 1137/1136/1098 1319/1318/1269
f 1137/1136/1098 1318/1317/1268 1319/1318/1269
f 1318/1317/1268 1137/1136/1098 1320/1319/1270
f 1321/1320/281 1322/1321/1271 1323/1322/284
f 1323/1322/284 1322/1321/1271 1324/1323/1272
f 1324/1323/1272 1322/1321/1271 1325/1324/1273
f 1325/1324/1273 1322/1321/1271 1326/1325/959
f 1325/1324/1273 1327/1326/1274 1324/1323/1272
f 1328/1327/1275 1325/1324/1273 1326/1325/959
f 1325/1324/1273 1328/1327/1275 1327/1326/1274
f 1328/1327/1275 1326/1325/959 1329/1328/962
f 1327/1326/1274 1328/1327/1275 1330/1329/1276
f 1329/1328/962 1331/1330/1277 1328/1327/1275
f 1332/1331/1278 1333/1332/300 1330/1329/1276
f 1334/1333/1279 1330/1329/1276 1328/1327/1275
f 1334/1333/1279 1332/1331/1278 1330/1329/1276
f 1334/1333/1279 1328/1327/1275 1335/1334/1280
f 1335/1334/1280 1328/1327/1275 1331/1330/1277
f 1334/1333/1279 1336/1335/1281 1332/1331/1278
f 1334/1333/1279 1335/1334/1280 1336/1335/1281
f 1332/1331/1278 1336/1335/1281 1337/1336/310
f 1337/1336/310 1336/1335/1281 1338/1337/312
f 1338/1337/312 1336/1335/1281 1339/1338/1282
f 1336/1335/1281 1335/1334/1280 1339/1338/1282
f 1339/1338/1282 1340/1339/1283 1338/1337/312
f 1339/1338/1282 1341/1340/1284 1340/1339/1283
f 1342/1341/1285 1341/1340/1284 1339/1338/1282
f 1342/1341/1285 1343/1342/1286 1341/1340/1284
f 1339/1338/1282 1335/1334/1280 1344/1343/1287
f 1339/1338/1282 1344/1343/1287 1342/1341/1285
f 1345/1344/1288 1343/1342/1286 1342/1341/1285
f 1344/1343/1287 1345/1344/1288 1342/1341/1285
f 1343/1342/1286 1345/1344/1288 1346/1345/1289
f 1335/1334/1280 1347/1346/1290 1344/1343/1287
f 1344/1343/1287 1347/1346/1290 1345/1344/1288
f 1331/1330/1277 1347/1346/1290 1335/1334/1280
f 1345/1344/1288 1348/1347/1291 1346/1345/1289
f 1345/1344/1288 1347/1346/1290 1348/1347/1291
f 1348/1347/1291 1349/1348/1292 1346/1345/1289
f 1349/1348/1292 1348/1347/1291 1350/1349/1293
f 1351/1350/1294 1347/1346/1290 1331/1330/1277
f 1351/1350/1294 1348/1347/1291 1347/1346/1290
f 1352/1351/1295 1351/1350/1294 1331/1330/1277
f 1350/1349/1293 1348/1347/1291 1353/1352/1296
f 1351/1350/1294 1353/1352/1296 1348/1347/1291
f 1353/1352/1296 1354/1353/1297 1350/1349/1293
f 1351/1350/1294 1352/1351/1295 1355/1354/1298
f 1356/1355/1299 1354/1353/1297 1353/1352/1296
f 1357/1356/1300 1354/1353/1297 1356/1355/1299
f 1353/1352/1296 1351/1350/1294 1358/1357/1301
f 1351/1350/1294 1355/1354/1298 1358/1357/1301
f 1353/1352/1296 1358/1357/1301 1356/1355/1299
f 1359/1358/1302 1358/1357/1301 1355/1354/1298
f 1356/1355/1299 1358/1357/1301 1359/1358/1302
f 1359/1358/1302 1355/1354/1298 1360/1359/971
f 1361/1360/1303 1357/1356/1300 1356/1355/1299
f 1361/1360/1303 1356/1355/1299 1359/1358/1302
f 1361/1360/1303 1362/1361/1304 1357/1356/1300
f 1363/1362/1305 1361/1360/1303 1359/1358/1302
f 1363/1362/1305 1362/1361/1304 1361/1360/1303
f 1359/1358/1302 1360/1359/971 1363/1362/1305
f 1363/1362/1305 1364/1363/1306 1362/1361/1304
f 1364/1363/1306 1363/1362/1305 1365/1364/1307
f 1365/1364/1307 1363/1362/1305 1360/1359/971
f 1360/1359/971 1366/1365/1308 1365/1364/1307
f 1366/1365/1308 1367/1366/1309 1365/1364/1307
f 1368/1367/975 1366/1365/1308 1360/1359/971
f 1368/1367/975 1367/1366/1309 1366/1365/1308
f 1367/1366/1309 1368/1367/975 1369/1368/1310
f 1370/1369/352 1371/1370/1311 1372/1371/1312
f 1372/1371/1312 1373/1372/1313 1370/1369/352
f 1370/1369/352 1373/1372/1313 1374/1373/1314
f 1374/1373/1314 1375/1374/1315 1370/1369/352
f 1374/1373/1314 1373/1372/1313 1376/1375/1316
f 1374/1373/1314 1376/1375/1316 1375/1374/1315
f 1376/1375/1316 1373/1372/1313 1377/1376/1317
f 1375/1374/1315 1376/1375/1316 1378/1377/1318
f 1378/1377/1318 1379/1378/1319 1375/1374/1315
f 1380/1379/1320 1379/1378/1319 1378/1377/1318
f 1378/1377/1318 1376/1375/1316 1381/1380/1321
f 1381/1380/1321 1376/1375/1316 1382/1381/1317
f 1383/1382/1322 1380/1379/1320 1378/1377/1318
f 1380/1379/1320 1383/1382/1322 1384/1383/1323
f 1383/1382/1322 1385/1384/1324 1384/1383/1323
f 1386/1385/1325 1385/1384/1324 1383/1382/1322
f 1387/1386/1326 1383/1382/1322 1378/1377/1318
f 1383/1382/1322 1387/1386/1326 1386/1385/1325
f 1381/1380/1321 1387/1386/1326 1378/1377/1318
f 1388/1387/1327 1389/1388/1328 1382/1381/1317
f 1382/1381/1317 1390/1389/1329 1381/1380/1321
f 1382/1381/1317 1389/1388/1328 1390/1389/1329
f 1381/1380/1321 1390/1389/1329 1387/1386/1326
f 1389/1388/1328 1391/1390/1330 1390/1389/1329
f 1391/1390/1330 1392/1391/1331 1390/1389/1329
f 1393/1392/1332 1392/1391/1331 1394/1393/1333
f 1395/1394/1334 1392/1391/1331 1393/1392/1332
f 1395/1394/1334 1390/1389/1329 1392/1391/1331
f 1395/1394/1334 1393/1392/1332 1396/1395/1335
f 1397/1396/1336 1390/1389/1329 1395/1394/1334
f 1397/1396/1336 1395/1394/1334 1396/1395/1335
f 1390/1389/1329 1397/1396/1336 1387/1386/1326
f 1398/1397/1337 1387/1386/1326 1397/1396/1336
f 1396/1395/1335 1398/1397/1337 1397/1396/1336
f 1386/1385/1325 1387/1386/1326 1398/1397/1337
f 1386/1385/1325 1398/1397/1337 1399/1398/1338
f 1400/1399/1339 1398/1397/1337 1396/1395/1335
f 1400/1399/1339 1399/1398/1338 1398/1397/1337
f 1400/1399/1339 1396/1395/1335 1401/1400/1332
f 1402/1401/1340 1399/1398/1338 1400/1399/1339
f 1400/1399/1339 1401/1400/1332 1403/1402/1341
f 1402/1401/1340 1400/1399/1339 1404/1403/1342
f 1400/1399/1339 1403/1402/1341 1405/1404/1343
f 1400/1399/1339 1405/1404/1343 1404/1403/1342
f 1406/1405/1344 1407/1406/659 1408/1407/1345
f 1409/1408/1346 1408/1407/1345 1407/1406/659
f 1409/1408/1346 1410/1409/199 1408/1407/1345
f 1408/1407/1345 1410/1409/199 1411/1410/1347
f 1412/1411/1348 1411/1410/1347 1410/1409/199
f 1412/1411/1348 1413/1412/1349 1411/1410/1347
f 1412/1411/1348 1414/1413/1350 1413/1412/1349
f 1413/1412/1349 1415/1414/1351 1411/1410/1347
f 1414/1413/1350 1416/1415/1352 1413/1412/1349
f 1416/1415/1352 1415/1414/1351 1413/1412/1349
f 1416/1415/1352 1414/1413/1350 1417/1416/1353
f 1416/1415/1352 1417/1416/1353 1418/1417/1354
f 1419/1418/1355 1416/1415/1352 1418/1417/1354
f 1420/1419/1356 1419/1418/1355 1418/1417/1354
f 1420/1419/1356 1421/1420/853 1422/1421/859
f 1419/1418/1355 1420/1419/1356 1422/1421/859
f 1419/1418/1355 1423/1422/1357 1416/1415/1352
f 1423/1422/1357 1419/1418/1355 1422/1421/859
f 1424/1423/1358 1415/1414/1351 1416/1415/1352
f 1425/1424/1359 1416/1415/1352 1423/1422/1357
f 1424/1423/1358 1416/1415/1352 1425/1424/1359
f 1426/1425/1360 1415/1414/1351 1424/1423/1358
f 1426/1425/1360 1427/1426/1361 1415/1414/1351
f 1426/1425/1360 1428/1427/1362 1427/1426/1361
f 1424/1423/1358 1429/1428/1363 1426/1425/1360
f 1424/1423/1358 1425/1424/1359 1430/1429/1364
f 1424/1423/1358 1430/1429/1364 1429/1428/1363
f 1430/1429/1364 1425/1424/1359 1431/1430/1365
f 1423/1422/1357 1431/1430/1365 1425/1424/1359
f 1432/1431/1366 1429/1428/1363 1430/1429/1364
f 1432/1431/1366 1430/1429/1364 1431/1430/1365
f 1432/1431/1366 1431/1430/1365 1433/1432/1367
f 1432/1431/1366 1434/1433/1368 1429/1428/1363
f 1435/1434/1369 1432/1431/1366 1433/1432/1367
f 1436/1435/1370 1434/1433/1368 1432/1431/1366
f 1437/1436/1371 1434/1433/1368 1436/1435/1370
f 1438/1437/1372 1437/1436/1371 1436/1435/1370
f 1432/1431/1366 1438/1437/1372 1436/1435/1370
f 1435/1434/1369 1438/1437/1372 1432/1431/1366
f 1435/1434/1369 1439/1438/1373 1438/1437/1372
f 1422/1421/859 1440/1439/1374 1423/1422/1357
f 1440/1439/1374 1441/1440/1365 1423/1422/1357
f 1440/1439/1374 1442/1441/1375 1441/1440/1365
f 1443/1442/1376 1440/1439/1374 1422/1421/859
f 1440/1439/1374 1443/1442/1376 1442/1441/1375
f 1422/1421/859 1444/1443/866 1443/1442/1376
f 1445/1444/1377 1442/1441/1375 1443/1442/1376
f 1444/1443/866 1445/1444/1377 1443/1442/1376
f 1444/1443/866 1446/1445/867 1445/1444/1377
f 1445/1444/1377 1447/1446/1378 1442/1441/1375
f 1448/1447/869 1445/1444/1377 1446/1445/867
f 1449/1448/1379 1447/1446/1378 1445/1444/1377
f 1445/1444/1377 1448/1447/869 1449/1448/1379
f 1449/1448/1379 1450/1449/1373 1447/1446/1378
f 1451/1450/1380 1450/1449/1373 1449/1448/1379
f 1452/1451/1381 1449/1448/1379 1448/1447/869
f 1449/1448/1379 1453/1452/1382 1451/1450/1380
f 1452/1451/1381 1453/1452/1382 1449/1448/1379
f 1452/1451/1381 1454/1453/1383 1453/1452/1382
f 1455/1454/1384 1456/1455/1385 1457/1456/1386
f 1458/1457/1387 1457/1456/1386 1456/1455/1385
f 1458/1457/1387 1456/1455/1385 1459/1458/1388
f 1460/1459/1389 1459/1458/1388 1456/1455/1385
f 1459/1458/1388 1461/1460/1390 1458/1457/1387
f 1459/1458/1388 1460/1459/1389 1462/1461/1391
f 1459/1458/1388 1462/1461/1391 1461/1460/1390
f 1463/1462/1392 1462/1461/1391 1460/1459/1389
f 1463/1462/1392 1460/1459/1389 1464/1463/1393
f 1461/1460/1390 1462/1461/1391 1465/1464/1394
f 1465/1464/1394 1462/1461/1391 1463/1462/1392
f 1458/1457/1387 1461/1460/1390 1466/1465/1395
f 1458/1457/1387 1466/1465/1395 1467/1466/1386
f 1467/1466/1386 1468/1467/1396 1469/1468/13
f 1468/1467/1396 1467/1466/1386 1470/1469/1397
f 1471/1470/1398 1467/1466/1386 1466/1465/1395
f 1467/1466/1386 1471/1470/1398 1470/1469/1397
f 1461/1460/1390 1472/1471/1399 1466/1465/1395
f 1466/1465/1395 1472/1471/1399 1471/1470/1398
f 1472/1471/1399 1461/1460/1390 1465/1464/1394
f 1471/1470/1398 1473/1472/1400 1470/1469/1397
f 1470/1469/1397 1473/1472/1400 1474/1473/1401
f 1471/1470/1398 1472/1471/1399 1473/1472/1400
f 1475/1474/1402 1473/1472/1400 1472/1471/1399
f 1475/1474/1402 1476/1475/1403 1473/1472/1400
f 1476/1475/1403 1477/1476/1404 1478/1477/1405
f 1476/1475/1403 1475/1474/1402 1477/1476/1404
f 1477/1476/1404 1475/1474/1402 1479/1478/1406
f 1480/1479/1407 1479/1478/1406 1475/1474/1402
f 1480/1479/1407 1475/1474/1402 1481/1480/1408
f 1472/1471/1399 1481/1480/1408 1475/1474/1402
f 1480/1479/1407 1481/1480/1408 1482/1481/1409
f 1483/1482/1410 1481/1480/1408 1472/1471/1399
f 1481/1480/1408 1483/1482/1410 1482/1481/1409
f 1472/1471/1399 1465/1464/1394 1483/1482/1410
f 1484/1483/1411 1482/1481/1409 1483/1482/1410
f 1465/1464/1394 1484/1483/1411 1483/1482/1410
f 1485/1484/1412 1482/1481/1409 1484/1483/1411
f 1465/1464/1394 1486/1485/1413 1484/1483/1411
f 1486/1485/1413 1485/1484/1412 1484/1483/1411
f 1463/1462/1392 1486/1485/1413 1465/1464/1394
f 1486/1485/1413 1487/1486/1414 1485/1484/1412
f 1486/1485/1413 1463/1462/1392 1487/1486/1414
f 1485/1484/1412 1487/1486/1414 1488/1487/3
f 1487/1486/1414 1463/1462/1392 1464/1463/1393
f 1487/1486/1414 1489/1488/1 1488/1487/3
f 1487/1486/1414 1464/1463/1393 1489/1488/1
f 1490/1489/1415 1491/1490/1416 1492/1491/1417
f 1493/1492/1418 1492/1491/1417 1491/1490/1416
f 1494/1493/1419 1492/1491/1417 1493/1492/1418
f 1494/1493/1419 1495/1494/1420 1492/1491/1417
f 1494/1493/1419 1493/1492/1418 1496/1495/1421
f 1497/1496/1422 1495/1494/1420 1494/1493/1419
f 1494/1493/1419 1496/1495/1421 1498/1497/1423
f 1498/1497/1423 1496/1495/1421 1499/1498/1424
f 1494/1493/1419 1500/1499/1425 1497/1496/1422
f 1494/1493/1419 1498/1497/1423 1500/1499/1425
f 1501/1500/1426 1502/1501/1427 1499/1498/1424
f 1502/1501/1427 1503/1502/1428 1499/1498/1424
f 1504/1503/1429 1498/1497/1423 1499/1498/1424
f 1500/1499/1425 1498/1497/1423 1504/1503/1429
f 1503/1502/1428 1505/1504/1430 1499/1498/1424
f 1505/1504/1430 1504/1503/1429 1499/1498/1424
f 1506/1505/1431 1505/1504/1430 1503/1502/1428
f 1503/1502/1428 1507/1506/1432 1506/1505/1431
f 1507/1506/1432 1508/1507/1433 1506/1505/1431
f 1509/1508/1434 1506/1505/1431 1508/1507/1433
f 1509/1508/1434 1510/1509/1435 1506/1505/1431
f 1510/1509/1435 1511/1510/1436 1506/1505/1431
f 1512/1511/1437 1506/1505/1431 1511/1510/1436
f 1512/1511/1437 1505/1504/1430 1506/1505/1431
f 1511/1510/1436 1513/1512/1438 1512/1511/1437
f 1512/1511/1437 1513/1512/1438 1514/1513/1439
f 1512/1511/1437 1515/1514/1440 1505/1504/1430
f 1505/1504/1430 1515/1514/1440 1504/1503/1429
f 1516/1515/1441 1514/1513/1439 1517/1516/1442
f 1518/1517/1443 1504/1503/1429 1519/1518/1444
f 1520/1519/1445 1514/1513/1439 1521/1520/1446
f 1522/1521/1447 1521/1520/1446 1516/1515/1441
f 1520/1519/1445 1512/1511/1437 1514/1513/1439
f 1520/1519/1445 1521/1520/1446 1523/1522/1448
f 1520/1519/1445 1515/1514/1440 1512/1511/1437
f 1524/1523/1449 1523/1522/1448 1522/1521/1447
f 1522/1521/1447 1525/1524/1450 1524/1523/1449
f 1525/1524/1450 1526/1525/1451 1527/1526/1452
f 1525/1524/1450 1527/1526/1452 1524/1523/1449
f 1528/1527/1453 1524/1523/1449 1527/1526/1452
f 1528/1527/1453 1529/1528/1454 1530/1529/1455
f 1524/1523/1449 1528/1527/1453 1530/1529/1455
f 1530/1529/1455 1531/1530/1456 1524/1523/1449
f 1524/1523/1449 1531/1530/1456 1523/1522/1448
f 1532/1531/1457 1523/1522/1448 1531/1530/1456
f 1532/1531/1457 1533/1532/1458 1523/1522/1448
f 1532/1531/1457 1534/1533/1459 1533/1532/1458
f 1523/1522/1448 1533/1532/1458 1520/1519/1445
f 1535/1534/1460 1533/1532/1458 1534/1533/1459
f 1536/1535/1461 1533/1532/1458 1535/1534/1460
f 1533/1532/1458 1536/1535/1461 1537/1536/1462
f 1520/1519/1445 1533/1532/1458 1537/1536/1462
f 1537/1536/1462 1538/1537/1463 1520/1519/1445
f 1537/1536/1462 1539/1538/1464 1538/1537/1463
f 1539/1538/1464 1540/1539/1465 1538/1537/1463
f 1538/1537/1463 1540/1539/1465 1541/1540/1466
f 1540/1539/1465 1542/1541/1467 1541/1540/1466
f 1542/1541/1467 1543/1542/1468 1541/1540/1466
f 1541/1540/1466 1543/1542/1468 1544/1543/1469
f 1541/1540/1466 1544/1543/1469 1545/1544/1470
f 1545/1544/1470 1546/1545/1471 1541/1540/1466
f 1546/1545/1471 1545/1544/1470 1547/1546/1472
f 1548/1547/1473 1538/1537/1463 1541/1540/1466
f 1538/1537/1463 1548/1547/1473 1520/1519/1445
f 1546/1545/1471 1549/1548/1474 1541/1540/1466
f 1548/1547/1473 1541/1540/1466 1549/1548/1474
f 1549/1548/1474 1546/1545/1471 1550/1549/1475
f 1546/1545/1471 1547/1546/1472 1550/1549/1475
f 1547/1546/1472 1551/1550/1476 1552/1551/586
f 1547/1546/1472 1553/1552/1477 1550/1549/1475
f 1553/1552/1477 1547/1546/1472 1552/1551/586
f 1550/1549/1475 1554/1553/1478 1549/1548/1474
f 1548/1547/1473 1549/1548/1474 1554/1553/1478
f 1553/1552/1477 1555/1554/1479 1550/1549/1475
f 1550/1549/1475 1555/1554/1479 1554/1553/1478
f 1552/1551/586 1556/1555/1480 1553/1552/1477
f 1556/1555/1480 1552/1551/586 1557/1556/585
f 1553/1552/1477 1558/1557/1481 1555/1554/1479
f 1558/1557/1481 1553/1552/1477 1556/1555/1480
f 1558/1557/1481 1559/1558/1482 1555/1554/1479
f 1554/1553/1478 1555/1554/1479 1559/1558/1482
f 1560/1559/1483 1558/1557/1481 1556/1555/1480
f 1560/1559/1483 1559/1558/1482 1558/1557/1481
f 1556/1555/1480 1557/1556/585 1561/1560/1484
f 1561/1560/1484 1557/1556/585 1562/1561/584
f 1561/1560/1484 1562/1561/584 1563/1562/1485
f 1561/1560/1484 1563/1562/1485 1564/1563/1486
f 1565/1564/1487 1556/1555/1480 1561/1560/1484
f 1564/1563/1486 1565/1564/1487 1561/1560/1484
f 1560/1559/1483 1556/1555/1480 1565/1564/1487
f 1565/1564/1487 1564/1563/1486 1566/1565/1488
f 1560/1559/1483 1565/1564/1487 1566/1565/1488
f 1564/1563/1486 1567/1566/1489 1566/1565/1488
f 1564/1563/1486 1568/1567/1490 1567/1566/1489
f 1569/1568/1491 1567/1566/1489 1568/1567/1490
f 1566/1565/1488 1567/1566/1489 1569/1568/1491
f 1570/1569/1492 1566/1565/1488 1569/1568/1491
f 1566/1565/1488 1570/1569/1492 1571/1570/1493
f 1572/1571/1494 1566/1565/1488 1571/1570/1493
f 1572/1571/1494 1573/1572/1495 1566/1565/1488
f 1560/1559/1483 1566/1565/1488 1573/1572/1495
f 1573/1572/1495 1559/1558/1482 1560/1559/1483
f 1572/1571/1494 1574/1573/1496 1573/1572/1495
f 1573/1572/1495 1574/1573/1496 1575/1574/1497
f 1574/1573/1496 1576/1575/1498 1575/1574/1497
f 1577/1576/1499 1575/1574/1497 1576/1575/1498
f 1559/1558/1482 1573/1572/1495 1578/1577/1500
f 1573/1572/1495 1575/1574/1497 1578/1577/1500
f 1577/1576/1499 1579/1578/1501 1575/1574/1497
f 1578/1577/1500 1575/1574/1497 1579/1578/1501
f 1580/1579/1502 1579/1578/1501 1577/1576/1499
f 1559/1558/1482 1578/1577/1500 1581/1580/1503
f 1554/1553/1478 1559/1558/1482 1581/1580/1503
f 1582/1581/1504 1581/1580/1503 1578/1577/1500
f 1582/1581/1504 1578/1577/1500 1579/1578/1501
f 1581/1580/1503 1583/1582/1505 1584/1583/1506
f 1584/1583/1506 1554/1553/1478 1581/1580/1503
f 1585/1584/1507 1582/1581/1504 1579/1578/1501
f 1579/1578/1501 1504/1503/1429 1585/1584/1507
f 1500/1499/1425 1504/1503/1429 1579/1578/1501
f 1500/1499/1425 1579/1578/1501 1580/1579/1502
f 1580/1579/1502 1586/1585/1508 1500/1499/1425
f 1587/1586/1509 1500/1499/1425 1586/1585/1508
f 1504/1503/1429 1518/1517/1443 1585/1584/1507
f 1588/1587/1510 1583/1582/1505 1589/1588/1511
f 1583/1582/1505 1519/1518/1444 1515/1514/1440
f 1582/1581/1504 1589/1588/1511 1581/1580/1503
f 1583/1582/1505 1515/1514/1440 1584/1583/1506
f 1590/1589/1512 1515/1514/1440 1520/1519/1445
f 1591/1590/1415 1592/1591/1513 1587/1586/1509
f 1584/1583/1506 1590/1589/1512 1593/1592/1514
f 1592/1591/1513 1594/1593/1515 1587/1586/1509
f 1594/1593/1515 1500/1499/1425 1587/1586/1509
f 1592/1591/1513 1595/1594/1516 1594/1593/1515
f 1594/1593/1515 1497/1496/1422 1500/1499/1425
f 1594/1593/1515 1595/1594/1516 1497/1496/1422
f 1593/1592/1514 1590/1589/1512 1596/1595/1517
f 1584/1583/1506 1593/1592/1514 1597/1596/1518
f 1584/1583/1506 1597/1596/1518 1598/1597/1018
f 1599/1598/1519 1596/1595/1517 1548/1547/1473
f 1584/1583/1506 1598/1597/1018 1554/1553/1478
f 1600/1599/1520 1601/1600/1521 1596/1595/1517
f 1602/1601/1522 1554/1553/1478 1598/1597/1018
f 1599/1598/1519 1554/1553/1478 1602/1601/1522
f 1603/1602/1523 1604/1603/1524 1605/1604/1525
f 1604/1603/1524 1603/1602/1523 1606/1605/1526
f 1607/1606/1527 1604/1603/1524 1606/1605/1526
f 1608/1607/1528 1607/1606/1527 1606/1605/1526
f 1607/1606/1527 1608/1607/1528 1609/1608/1529
f 1607/1606/1527 1610/1609/1530 1604/1603/1524
f 1609/1608/1529 1611/1610/1531 1607/1606/1527
f 1607/1606/1527 1612/1611/1532 1610/1609/1530
f 1612/1611/1532 1607/1606/1527 1611/1610/1531
f 1613/1612/1533 1611/1610/1531 1614/1613/1534
f 1612/1611/1532 1611/1610/1531 1613/1612/1533
f 1613/1612/1533 1615/1614/1535 1616/1615/1536
f 1616/1615/1536 1617/1616/1537 1613/1612/1533
f 1613/1612/1533 1617/1616/1537 1612/1611/1532
f 1618/1617/1536 1619/1618/1538 1617/1616/1537
f 1619/1618/1538 1612/1611/1532 1617/1616/1537
f 1612/1611/1532 1619/1618/1538 1620/1619/1539
f 1612/1611/1532 1620/1619/1539 1610/1609/1530
f 1620/1619/1539 1619/1618/1538 1621/1620/1540
f 1622/1621/1541 1610/1609/1530 1620/1619/1539
f 1621/1620/1540 1623/1622/1542 1620/1619/1539
f 1623/1622/1542 1622/1621/1541 1620/1619/1539
f 1624/1623/1543 1625/1624/1544 1626/1625/1545
f 1626/1625/1545 1627/1626/1546 1624/1623/1543
f 1628/1627/1547 1624/1623/1543 1627/1626/1546
f 1629/1628/1548 1628/1627/1547 1627/1626/1546
f 1627/1626/1546 1630/1629/1549 1629/1628/1548
f 1630/1629/1549 1627/1626/1546 1631/1630/1550
f 1632/1631/1551 1627/1626/1546 1626/1625/1545
f 1633/1632/1552 1627/1626/1546 1632/1631/1551
f 1634/1633/571 1633/1632/1552 1632/1631/1551
f 1633/1632/1552 1634/1633/571 1635/1634/1553
f 1634/1633/571 1636/1635/1554 1635/1634/1553
f 1636/1635/1554 1634/1633/571 1637/1636/576
f 1636/1635/1554 1638/1637/1548 1635/1634/1553
f 1638/1637/1548 1636/1635/1554 1639/1638/1555
f 1640/1639/1556 1639/1638/1555 1636/1635/1554
f 1640/1639/1556 1636/1635/1554 1641/1640/579
f 1642/1641/1557 1643/1642/1558 1644/1643/1559
f 1644/1643/1559 1643/1642/1558 1645/1644/1560
f 1645/1644/1560 1643/1642/1558 1646/1645/1561
f 1645/1644/1560 1646/1645/1561 1647/1646/1562
f 1644/1643/1559 1645/1644/1560 1648/1647/1563
f 1645/1644/1560 1647/1646/1562 1649/1648/1564
f 1648/1647/1563 1650/1649/1565 1651/1650/1566
f 1650/1649/1565 1648/1647/1563 1652/1651/1567
f 1645/1644/1560 1652/1651/1567 1648/1647/1563
f 1652/1651/1567 1653/1652/1568 1650/1649/1565
f 1652/1651/1567 1654/1653/1569 1653/1652/1568
f 1655/1654/1570 1654/1653/1569 1652/1651/1567
f 1654/1653/1569 1655/1654/1570 1656/1655/1571
f 1655/1654/1570 1652/1651/1567 1645/1644/1560
f 1655/1654/1570 1645/1644/1560 1657/1656/1572
f 1658/1657/1573 1657/1656/1572 1659/1658/1574
f 1659/1658/1574 1657/1656/1572 1660/1659/1575
f 1645/1644/1560 1649/1648/1564 1661/1660/1576
f 1662/1661/1577 1661/1660/1576 1649/1648/1564
f 1663/1662/1578 1657/1656/1572 1645/1644/1560
f 1661/1660/1576 1663/1662/1578 1645/1644/1560
f 1662/1661/1577 1664/1663/1579 1661/1660/1576
f 1661/1660/1576 1664/1663/1579 1663/1662/1578
f 1665/1664/1580 1664/1663/1579 1662/1661/1577
f 1665/1664/1580 1666/1665/1581 1664/1663/1579
f 1664/1663/1579 1666/1665/1581 1667/1666/1582
f 1667/1666/1582 1666/1665/1581 1668/1667/1583
f 1667/1666/1582 1668/1667/1583 1669/1668/1584
f 1664/1663/1579 1667/1666/1582 1670/1669/1585
f 1667/1666/1582 1669/1668/1584 1670/1669/1585
f 1664/1663/1579 1670/1669/1585 1663/1662/1578
f 1671/1670/1586 1670/1669/1585 1669/1668/1584
f 1672/1671/1587 1670/1669/1585 1671/1670/1586
f 1673/1672/1588 1670/1669/1585 1672/1671/1587
f 1670/1669/1585 1673/1672/1588 1674/1673/1589
f 1675/1674/1590 1674/1673/1589 1673/1672/1588
f 1676/1675/1591 1674/1673/1589 1675/1674/1590
f 1677/1676/1592 1670/1669/1585 1674/1673/1589
f 1674/1673/1589 1678/1677/1593 1677/1676/1592
f 1677/1676/1592 1678/1677/1593 1679/1678/1594
f 1677/1676/1592 1679/1678/1594 1670/1669/1585
f 1680/1679/1595 1670/1669/1585 1679/1678/1594
f 1679/1678/1594 1681/1680/1596 1680/1679/1595
f 1680/1679/1595 1681/1680/1596 1682/1681/1597
f 1680/1679/1595 1682/1681/1597 1683/1682/1598
f 1682/1681/1597 1684/1683/1599 1683/1682/1598
f 1683/1682/1598 1684/1683/1599 1685/1684/1600
f 1686/1685/1601 1687/1686/1602 1685/1684/1600
f 1683/1682/1598 1685/1684/1600 1687/1686/1602
f 1683/1682/1598 1687/1686/1602 1688/1687/1603
f 1689/1688/1604 1680/1679/1595 1683/1682/1598
f 1683/1682/1598 1688/1687/1603 1689/1688/1604
f 1689/1688/1604 1670/1669/1585 1680/1679/1595
f 1689/1688/1604 1688/1687/1603 1690/1689/1605
f 1689/1688/1604 1691/1690/1606 1670/1669/1585
f 1691/1690/1606 1689/1688/1604 1690/1689/1605
f 1691/1690/1606 1663/1662/1578 1670/1669/1585
f 1692/1691/1607 1690/1689/1605 1693/1692/3
f 1691/1690/1606 1694/1693/1608 1663/1662/1578
f 1690/1689/1605 1692/1691/1607 1695/1694/1609
f 1691/1690/1606 1690/1689/1605 1695/1694/1609
f 1692/1691/1607 1696/1695/1610 1695/1694/1609
f 1695/1694/1609 1694/1693/1608 1691/1690/1606
f 1696/1695/1610 1697/1696/1611 1695/1694/1609
f 1694/1693/1608 1657/1656/1572 1663/1662/1578
f 1697/1696/1611 1698/1697/1612 1695/1694/1609
f 1698/1697/1612 1699/1698/1613 1695/1694/1609
f 1700/1699/1614 1699/1698/1613 1698/1697/1612
f 1695/1694/1609 1699/1698/1613 1701/1700/1615
f 1701/1700/1615 1694/1693/1608 1695/1694/1609
f 1702/1701/1616 1699/1698/1613 1700/1699/1614
f 1700/1699/1614 1703/1702/1617 1702/1701/1616
f 1704/1703/1618 1701/1700/1615 1699/1698/1613
f 1699/1698/1613 1702/1701/1616 1704/1703/1618
f 1704/1703/1618 1694/1693/1608 1701/1700/1615
f 1705/1704/1619 1702/1701/1616 1703/1702/1617
f 1703/1702/1617 1706/1705/1620 1705/1704/1619
f 1707/1706/1621 1704/1703/1618 1702/1701/1616
f 1694/1693/1608 1704/1703/1618 1707/1706/1621
f 1702/1701/1616 1705/1704/1619 1708/1707/1622
f 1707/1706/1621 1702/1701/1616 1708/1707/1622
f 1709/1708/1623 1705/1704/1619 1706/1705/1620
f 1709/1708/1623 1706/1705/1620 1710/1709/1624
f 1711/1710/1625 1708/1707/1622 1705/1704/1619
f 1707/1706/1621 1708/1707/1622 1712/1711/1626
f 1708/1707/1622 1711/1710/1625 1712/1711/1626
f 1711/1710/1625 1705/1704/1619 1713/1712/1627
f 1709/1708/1623 1713/1712/1627 1705/1704/1619
f 1714/1713/1628 1712/1711/1626 1711/1710/1625
f 1715/1714/1629 1714/1713/1628 1711/1710/1625
f 1715/1714/1629 1711/1710/1625 1713/1712/1627
f 1714/1713/1628 1716/1715/1630 1712/1711/1626
f 1715/1714/1629 1716/1715/1630 1714/1713/1628
f 1707/1706/1621 1712/1711/1626 1717/1716/1631
f 1707/1706/1621 1717/1716/1631 1694/1693/1608
f 1712/1711/1626 1716/1715/1630 1718/1717/1632
f 1717/1716/1631 1712/1711/1626 1718/1717/1632
f 1719/1718/1633 1694/1693/1608 1717/1716/1631
f 1716/1715/1630 1720/1719/1634 1718/1717/1632
f 1721/1720/1635 1694/1693/1608 1719/1718/1633
f 1657/1656/1572 1694/1693/1608 1721/1720/1635
f 1721/1720/1635 1660/1659/1575 1657/1656/1572
f 1660/1659/1575 1721/1720/1635 1722/1721/1636
f 1723/1722/1637 1722/1721/1636 1721/1720/1635
f 1723/1722/1637 1721/1720/1635 1724/1723/1638
f 1719/1718/1633 1725/1724/1639 1721/1720/1635
f 1725/1724/1639 1724/1723/1638 1721/1720/1635
f 1717/1716/1631 1725/1724/1639 1719/1718/1633
f 1725/1724/1639 1726/1725/1640 1724/1723/1638
f 1724/1723/1638 1726/1725/1640 1727/1726/1641
f 1728/1727/1642 1725/1724/1639 1717/1716/1631
f 1728/1727/1642 1717/1716/1631 1718/1717/1632
f 1726/1725/1640 1725/1724/1639 1729/1728/1643
f 1728/1727/1642 1729/1728/1643 1725/1724/1639
f 1726/1725/1640 1730/1729/1644 1727/1726/1641
f 1726/1725/1640 1729/1728/1643 1730/1729/1644
f 1727/1726/1641 1730/1729/1644 1731/1730/1645
f 1732/1731/1646 1729/1728/1643 1728/1727/1642
f 1732/1731/1646 1730/1729/1644 1729/1728/1643
f 1732/1731/1646 1728/1727/1642 1718/1717/1632
f 1718/1717/1632 1720/1719/1634 1732/1731/1646
f 1732/1731/1646 1733/1732/1647 1730/1729/1644
f 1732/1731/1646 1720/1719/1634 1733/1732/1647
f 1733/1732/1647 1731/1730/1645 1730/1729/1644
f 1720/1719/1634 1734/1733/1648 1733/1732/1647
f 1734/1733/1648 1720/1719/1634 1716/1715/1630
f 1733/1732/1647 1735/1734/1649 1731/1730/1645
f 1735/1734/1649 1733/1732/1647 1734/1733/1648
f 1731/1730/1645 1735/1734/1649 1736/1735/1650
f 1716/1715/1630 1715/1714/1629 1734/1733/1648
f 1736/1735/1650 1735/1734/1649 1737/1736/1651
f 1738/1737/1652 1737/1736/1651 1735/1734/1649
f 1735/1734/1649 1739/1738/1653 1738/1737/1652
f 1740/1739/1654 1735/1734/1649 1734/1733/1648
f 1740/1739/1654 1734/1733/1648 1715/1714/1629
f 1739/1738/1653 1735/1734/1649 1741/1740/1655
f 1741/1740/1655 1735/1734/1649 1740/1739/1654
f 1739/1738/1653 1741/1740/1655 1742/1741/1656
f 1742/1741/1656 1741/1740/1655 1743/1742/1657
f 1743/1742/1657 1741/1740/1655 1744/1743/1658
f 1744/1743/1658 1741/1740/1655 1745/1744/1659
f 1746/1745/1660 1745/1744/1659 1741/1740/1655
f 1747/1746/1661 1746/1745/1660 1748/1747/1662
f 1749/1748/1663 1746/1745/1660 1741/1740/1655
f 1746/1745/1660 1749/1748/1663 1748/1747/1662
f 1749/1748/1663 1741/1740/1655 1740/1739/1654
f 1748/1747/1662 1749/1748/1663 1750/1749/1664
f 1749/1748/1663 1751/1750/1665 1750/1749/1664
f 1749/1748/1663 1752/1751/1666 1751/1750/1665
f 1752/1751/1666 1749/1748/1663 1753/1752/1667
f 1749/1748/1663 1740/1739/1654 1753/1752/1667
f 1753/1752/1667 1740/1739/1654 1754/1753/1668
f 1754/1753/1668 1740/1739/1654 1755/1754/1669
f 1755/1754/1669 1740/1739/1654 1756/1755/1670
f 1757/1756/1671 1756/1755/1670 1758/1757/1672
f 1758/1757/1672 1756/1755/1670 1759/1758/1673
f 1740/1739/1654 1759/1758/1673 1756/1755/1670
f 1759/1758/1673 1760/1759/1674 1758/1757/1672
f 1759/1758/1673 1761/1760/1675 1760/1759/1674
f 1761/1760/1675 1759/1758/1673 1762/1761/1676
f 1763/1762/1677 1762/1761/1676 1759/1758/1673
f 1740/1739/1654 1764/1763/1678 1759/1758/1673
f 1764/1763/1678 1763/1762/1677 1759/1758/1673
f 1763/1762/1677 1764/1763/1678 1765/1764/1679
f 1764/1763/1678 1766/1765/1680 1765/1764/1679
f 1764/1763/1678 1767/1766/1681 1766/1765/1680
f 1768/1767/1682 1767/1766/1681 1764/1763/1678
f 1769/1768/1683 1768/1767/1682 1764/1763/1678
f 1715/1714/1629 1764/1763/1678 1740/1739/1654
f 1770/1769/1684 1769/1768/1683 1764/1763/1678
f 1770/1769/1684 1764/1763/1678 1715/1714/1629
f 1771/1770/1685 1769/1768/1683 1770/1769/1684
f 1771/1770/1685 1770/1769/1684 1772/1771/1686
f 1772/1771/1686 1770/1769/1684 1773/1772/1687
f 1774/1773/1688 1773/1772/1687 1770/1769/1684
f 1775/1774/1689 1774/1773/1688 1770/1769/1684
f 1770/1769/1684 1715/1714/1629 1776/1775/1690
f 1776/1775/1690 1715/1714/1629 1713/1712/1627
f 1770/1769/1684 1777/1776/1691 1775/1774/1689
f 1775/1774/1689 1777/1776/1691 1778/1777/1692
f 1779/1778/1693 1778/1777/1692 1780/1779/1694
f 1778/1777/1692 1777/1776/1691 1780/1779/1694
f 1780/1779/1694 1777/1776/1691 1781/1780/1695
f 1782/1781/1696 1781/1780/1695 1777/1776/1691
f 1777/1776/1691 1770/1769/1684 1783/1782/1697
f 1783/1782/1697 1782/1781/1696 1777/1776/1691
f 1770/1769/1684 1776/1775/1690 1783/1782/1697
f 1784/1783/1698 1782/1781/1696 1783/1782/1697
f 1783/1782/1697 1785/1784/1699 1784/1783/1698
f 1786/1785/1523 1785/1784/1699 1783/1782/1697
f 1787/1786/1700 1786/1785/1523 1783/1782/1697
f 1783/1782/1697 1788/1787/1528 1787/1786/1700
f 1783/1782/1697 1776/1775/1690 1788/1787/1528
f 1713/1712/1627 1789/1788/1531 1776/1775/1690
f 1713/1712/1627 1790/1789/1701 1789/1788/1531
f 1789/1788/1531 1790/1789/1701 1791/1790/1702
f 1790/1789/1701 1713/1712/1627 1709/1708/1623
f 1792/1791/1703 1791/1790/1702 1790/1789/1701
f 1790/1789/1701 1709/1708/1623 1793/1792/1704
f 1792/1791/1703 1790/1789/1701 1794/1793/1705
f 1793/1792/1704 1794/1793/1705 1790/1789/1701
f 1795/1794/1706 1792/1791/1703 1794/1793/1705
f 1793/1792/1704 1795/1794/1706 1794/1793/1705
f 1793/1792/1704 1709/1708/1623 1795/1794/1706
f 1795/1794/1706 1796/1795/1534 1792/1791/1703
f 1796/1795/1534 1795/1794/1706 1797/1796/1533
f 1795/1794/1706 1709/1708/1623 1798/1797/1707
f 1797/1796/1533 1795/1794/1706 1798/1797/1707
f 1710/1709/1624 1798/1797/1707 1709/1708/1623
f 1710/1709/1624 1797/1796/1533 1798/1797/1707
f 1710/1709/1624 1799/1798/1708 1797/1796/1533
f 1797/1796/1533 1799/1798/1708 1800/1799/1709
f 1801/1800/1710 1802/1801/1711 1803/1802/149
f 1802/1801/1711 1801/1800/1710 1804/1803/1712
f 1805/1804/224 1804/1803/1712 1801/1800/1710
f 1804/1803/1712 1806/1805/175 1802/1801/1711
f 1805/1804/224 1807/1806/1713 1804/1803/1712
f 1804/1803/1712 1807/1806/1713 1808/1807/1714
f 1809/1808/176 1806/1805/175 1804/1803/1712
f 1804/1803/1712 1808/1807/1714 1810/1809/1715
f 1804/1803/1712 1811/1810/1716 1809/1808/176
f 1811/1810/1716 1812/1811/1717 1809/1808/176
f 1804/1803/1712 1810/1809/1715 1813/1812/1718
f 1811/1810/1716 1804/1803/1712 1813/1812/1718
f 1813/1812/1718 1810/1809/1715 1814/1813/1719
f 1815/1814/1720 1814/1813/1719 1810/1809/1715
f 1816/1815/1721 1814/1813/1719 1815/1814/1720
f 1813/1812/1718 1814/1813/1719 1817/1816/1722
f 1817/1816/1722 1811/1810/1716 1813/1812/1718
f 1816/1815/1721 1818/1817/1723 1814/1813/1719
f 1818/1817/1723 1817/1816/1722 1814/1813/1719
f 1816/1815/1721 1819/1818/18 1818/1817/1723
f 1818/1817/1723 1819/1818/18 1820/1819/19
f 1818/1817/1723 1820/1819/19 1821/1820/20
f 1821/1820/20 1822/1821/21 1823/1822/1724
f 1824/1823/1725 1821/1820/20 1823/1822/1724
f 1818/1817/1723 1821/1820/20 1824/1823/1725
f 1825/1824/1726 1824/1823/1725 1823/1822/1724
f 1824/1823/1725 1825/1824/1726 1826/1825/75
f 1824/1823/1725 1827/1826/1727 1818/1817/1723
f 1824/1823/1725 1826/1825/75 1827/1826/1727
f 1818/1817/1723 1828/1827/1728 1817/1816/1722
f 1818/1817/1723 1827/1826/1727 1828/1827/1728
f 1828/1827/1728 1811/1810/1716 1817/1816/1722
f 1826/1825/75 1829/1828/1729 1827/1826/1727
f 1828/1827/1728 1827/1826/1727 1829/1828/1729
f 1830/1829/1730 1829/1828/1729 1826/1825/75
f 1830/1829/1730 1831/1830/1731 1829/1828/1729
f 1832/1831/1732 1811/1810/1716 1828/1827/1728
f 1831/1830/1731 1833/1832/1733 1829/1828/1729
f 1833/1832/1733 1831/1830/1731 1834/1833/72
f 1828/1827/1728 1829/1828/1729 1835/1834/1734
f 1832/1831/1732 1828/1827/1728 1835/1834/1734
f 1835/1834/1734 1829/1828/1729 1836/1835/1735
f 1832/1831/1732 1835/1834/1734 1836/1835/1735
f 1829/1828/1729 1833/1832/1733 1836/1835/1735
f 1811/1810/1716 1832/1831/1732 1837/1836/1736
f 1837/1836/1736 1832/1831/1732 1836/1835/1735
f 1837/1836/1736 1812/1811/1717 1811/1810/1716
f 1837/1836/1736 1838/1837/1737 1812/1811/1717
f 1839/1838/1738 1838/1837/1737 1837/1836/1736
f 1837/1836/1736 1836/1835/1735 1839/1838/1738
f 1840/1839/182 1838/1837/1737 1839/1838/1738
f 1839/1838/1738 1841/1840/1739 1840/1839/182
f 1836/1835/1735 1833/1832/1733 1842/1841/1740
f 1836/1835/1735 1842/1841/1740 1839/1838/1738
f 1843/1842/1741 1841/1840/1739 1839/1838/1738
f 1841/1840/1739 1843/1842/1741 1844/1843/1742
f 1845/1844/1743 1843/1842/1741 1839/1838/1738
f 1845/1844/1743 1839/1838/1738 1842/1841/1740
f 1844/1843/1742 1843/1842/1741 1846/1845/1744
f 1843/1842/1741 1845/1844/1743 1846/1845/1744
f 1847/1846/1745 1844/1843/1742 1846/1845/1744
f 1845/1844/1743 1848/1847/1746 1846/1845/1744
f 1845/1844/1743 1842/1841/1740 1848/1847/1746
f 1846/1845/1744 1848/1847/1746 1847/1846/1745
f 1849/1848/1747 1844/1843/1742 1847/1846/1745
f 1850/1849/186 1849/1848/1747 1851/1850/188
f 1851/1850/188 1849/1848/1747 1847/1846/1745
f 1847/1846/1745 1852/1851/191 1851/1850/188
f 1847/1846/1745 1853/1852/1000 1852/1851/191
f 1848/1847/1746 1842/1841/1740 1854/1853/1748
f 1848/1847/1746 1855/1854/1749 1847/1846/1745
f 1848/1847/1746 1854/1853/1748 1855/1854/1749
f 1856/1855/1750 1842/1841/1740 1833/1832/1733
f 1856/1855/1750 1854/1853/1748 1842/1841/1740
f 1833/1832/1733 1834/1833/72 1856/1855/1750
f 1834/1833/72 1857/1856/1751 1856/1855/1750
f 1856/1855/1750 1857/1856/1751 1858/1857/1752
f 1854/1853/1748 1856/1855/1750 1858/1857/1752
f 1858/1857/1752 1857/1856/1751 1859/1858/1753
f 1854/1853/1748 1858/1857/1752 1860/1859/1754
f 1858/1857/1752 1859/1858/1753 1860/1859/1754
f 1860/1859/1754 1855/1854/1749 1854/1853/1748
f 1860/1859/1754 1859/1858/1753 1861/1860/1755
f 1862/1861/1756 1860/1859/1754 1861/1860/1755
f 1863/1862/1757 1860/1859/1754 1862/1861/1756
f 1855/1854/1749 1860/1859/1754 1864/1863/1758
f 1847/1846/1745 1855/1854/1749 1864/1863/1758
f 1863/1862/1757 1865/1864/1759 1860/1859/1754
f 1866/1865/1760 1865/1864/1759 1863/1862/1757
f 1864/1863/1758 1860/1859/1754 1867/1866/1761
f 1867/1866/1761 1860/1859/1754 1865/1864/1759
f 1847/1846/1745 1864/1863/1758 1868/1867/1762
f 1868/1867/1762 1864/1863/1758 1867/1866/1761
f 1868/1867/1762 1869/1868/1763 1847/1846/1745
f 1847/1846/1745 1869/1868/1763 1853/1852/1000
f 1868/1867/1762 1867/1866/1761 1870/1869/1764
f 1869/1868/1763 1871/1870/1765 1853/1852/1000
f 1871/1870/1765 1872/1871/999 1853/1852/1000
f 1869/1868/1763 1868/1867/1762 1873/1872/1766
f 1873/1872/1766 1868/1867/1762 1870/1869/1764
f 1874/1873/1767 1871/1870/1765 1869/1868/1763
f 1872/1871/999 1871/1870/1765 1874/1873/1767
f 1873/1872/1766 1874/1873/1767 1869/1868/1763
f 1872/1871/999 1874/1873/1767 1875/1874/996
f 1876/1875/1768 1874/1873/1767 1873/1872/1766
f 1873/1872/1766 1870/1869/1764 1876/1875/1768
f 1874/1873/1767 1877/1876/1769 1875/1874/996
f 1876/1875/1768 1877/1876/1769 1874/1873/1767
f 1878/1877/1770 1875/1874/996 1877/1876/1769
f 1876/1875/1768 1870/1869/1764 1879/1878/1771
f 1876/1875/1768 1879/1878/1771 1877/1876/1769
f 1870/1869/1764 1867/1866/1761 1880/1879/1772
f 1870/1869/1764 1880/1879/1772 1879/1878/1771
f 1865/1864/1759 1880/1879/1772 1867/1866/1761
f 1865/1864/1759 1881/1880/1773 1880/1879/1772
f 1879/1878/1771 1880/1879/1772 1881/1880/1773
f 1882/1881/1774 1865/1864/1759 1866/1865/1760
f 1865/1864/1759 1882/1881/1774 1881/1880/1773
f 1866/1865/1760 1883/1882/1775 1882/1881/1774
f 1882/1881/1774 1884/1883/1776 1881/1880/1773
f 1882/1881/1774 1883/1882/1775 1885/1884/1777
f 1885/1884/1777 1884/1883/1776 1882/1881/1774
f 1885/1884/1777 1883/1882/1775 1886/1885/1778
f 1886/1885/1778 1883/1882/1775 1887/1886/56
f 1887/1886/56 1888/1887/1779 1886/1885/1778
f 1888/1887/1779 1889/1888/1780 1886/1885/1778
f 1886/1885/1778 1889/1888/1780 1890/1889/1781
f 1890/1889/1781 1889/1888/1780 1891/1890/1782
f 1890/1889/1781 1891/1890/1782 1892/1891/1783
f 1893/1892/1784 1890/1889/1781 1892/1891/1783
f 1894/1893/45 1893/1892/1784 1892/1891/1783
f 1894/1893/45 1895/1894/1785 1893/1892/1784
f 1896/1895/1786 1893/1892/1784 1895/1894/1785
f 1897/1896/1787 1886/1885/1778 1890/1889/1781
f 1890/1889/1781 1893/1892/1784 1897/1896/1787
f 1893/1892/1784 1896/1895/1786 1898/1897/1788
f 1899/1898/32 1898/1897/1788 1896/1895/1786
f 1898/1897/1788 1899/1898/32 1900/1899/1789
f 1893/1892/1784 1901/1900/1790 1897/1896/1787
f 1902/1901/1791 1898/1897/1788 1900/1899/1789
f 1900/1899/1789 1903/1902/1792 1902/1901/1791
f 1903/1902/1792 1904/1903/1793 1902/1901/1791
f 1893/1892/1784 1898/1897/1788 1905/1904/1794
f 1901/1900/1790 1893/1892/1784 1905/1904/1794
f 1902/1901/1791 1906/1905/1795 1898/1897/1788
f 1906/1905/1795 1905/1904/1794 1898/1897/1788
f 1902/1901/1791 1904/1903/1793 1907/1906/1796
f 1904/1903/1793 1908/1907/1797 1907/1906/1796
f 1907/1906/1796 1908/1907/1797 1909/1908/1798
f 1910/1909/1799 1906/1905/1795 1902/1901/1791
f 1910/1909/1799 1902/1901/1791 1907/1906/1796
f 1911/1910/1800 1906/1905/1795 1910/1909/1799
f 1907/1906/1796 1912/1911/1801 1910/1909/1799
f 1910/1909/1799 1912/1911/1801 1911/1910/1800
f 1907/1906/1796 1909/1908/1798 1913/1912/1802
f 1909/1908/1798 1914/1913/1803 1913/1912/1802
f 1914/1913/1803 1915/1914/1804 1913/1912/1802
f 1915/1914/1804 1916/1915/1805 1913/1912/1802
f 1917/1916/1806 1913/1912/1802 1916/1915/1805
f 1918/1917/1807 1912/1911/1801 1907/1906/1796
f 1918/1917/1807 1907/1906/1796 1913/1912/1802
f 1912/1911/1801 1919/1918/1808 1911/1910/1800
f 1912/1911/1801 1918/1917/1807 1920/1919/1809
f 1912/1911/1801 1920/1919/1809 1919/1918/1808
f 1921/1920/1810 1911/1910/1800 1919/1918/1808
f 1921/1920/1810 1919/1918/1808 1922/1921/1811
f 1922/1921/1811 1919/1918/1808 1920/1919/1809
f 1921/1920/1810 1923/1922/1812 1911/1910/1800
f 1923/1922/1812 1921/1920/1810 1922/1921/1811
f 1923/1922/1812 1906/1905/1795 1911/1910/1800
f 1923/1922/1812 1905/1904/1794 1906/1905/1795
f 1924/1923/1813 1923/1922/1812 1922/1921/1811
f 1920/1919/1809 1925/1924/1814 1922/1921/1811
f 1922/1921/1811 1925/1924/1814 1924/1923/1813
f 1923/1922/1812 1926/1925/1815 1905/1904/1794
f 1925/1924/1814 1927/1926/1816 1924/1923/1813
f 1925/1924/1814 1928/1927/1817 1927/1926/1816
f 1927/1926/1816 1929/1928/976 1924/1923/1813
f 1925/1924/1814 1930/1929/1818 1928/1927/1817
f 1931/1930/1819 1924/1923/1813 1929/1928/976
f 1923/1922/1812 1924/1923/1813 1931/1930/1819
f 1929/1928/976 1932/1931/978 1931/1930/1819
f 1932/1931/978 1933/1932/1820 1931/1930/1819
f 1934/1933/1821 1923/1922/1812 1931/1930/1819
f 1934/1933/1821 1931/1930/1819 1933/1932/1820
f 1923/1922/1812 1934/1933/1821 1926/1925/1815
f 1933/1932/1820 1935/1934/1822 1934/1933/1821
f 1936/1935/1823 1926/1925/1815 1934/1933/1821
f 1934/1933/1821 1937/1936/1824 1936/1935/1823
f 1935/1934/1822 1937/1936/1824 1934/1933/1821
f 1926/1925/1815 1936/1935/1823 1937/1936/1824
f 1937/1936/1824 1935/1934/1822 1938/1937/1825
f 1935/1934/1822 1939/1938/983 1938/1937/1825
f 1938/1937/1825 1939/1938/983 1940/1939/1826
f 1937/1936/1824 1941/1940/1827 1926/1925/1815
f 1940/1939/1826 1942/1941/1828 1938/1937/1825
f 1942/1941/1828 1940/1939/1826 1943/1942/1829
f 1943/1942/1829 1944/1943/989 1942/1941/1828
f 1945/1944/1830 1926/1925/1815 1941/1940/1827
f 1905/1904/1794 1926/1925/1815 1945/1944/1830
f 1946/1945/1831 1905/1904/1794 1945/1944/1830
f 1945/1944/1830 1941/1940/1827 1946/1945/1831
f 1946/1945/1831 1901/1900/1790 1905/1904/1794
f 1941/1940/1827 1947/1946/1832 1946/1945/1831
f 1947/1946/1832 1901/1900/1790 1946/1945/1831
f 1941/1940/1827 1937/1936/1824 1947/1946/1832
f 1897/1896/1787 1901/1900/1790 1947/1946/1832
f 1947/1946/1832 1937/1936/1824 1897/1896/1787
f 1938/1937/1825 1897/1896/1787 1937/1936/1824
f 1948/1947/1833 1897/1896/1787 1938/1937/1825
f 1942/1941/1828 1948/1947/1833 1938/1937/1825
f 1886/1885/1778 1897/1896/1787 1948/1947/1833
f 1886/1885/1778 1948/1947/1833 1885/1884/1777
f 1942/1941/1828 1949/1948/1834 1948/1947/1833
f 1949/1948/1834 1942/1941/1828 1944/1943/989
f 1948/1947/1833 1949/1948/1834 1944/1943/989
f 1944/1943/989 1950/1949/1835 1948/1947/1833
f 1950/1949/1835 1944/1943/989 1951/1950/990
f 1951/1950/990 1878/1877/1770 1950/1949/1835
f 1948/1947/1833 1952/1951/1836 1885/1884/1777
f 1950/1949/1835 1952/1951/1836 1948/1947/1833
f 1953/1952/1837 1950/1949/1835 1878/1877/1770
f 1954/1953/1838 1885/1884/1777 1952/1951/1836
f 1885/1884/1777 1954/1953/1838 1884/1883/1776
f 1950/1949/1835 1955/1954/1839 1952/1951/1836
f 1950/1949/1835 1953/1952/1837 1955/1954/1839
f 1956/1955/1840 1953/1952/1837 1878/1877/1770
f 1878/1877/1770 1877/1876/1769 1956/1955/1840
f 1957/1956/1841 1955/1954/1839 1953/1952/1837
f 1957/1956/1841 1953/1952/1837 1956/1955/1840
f 1955/1954/1839 1957/1956/1841 1958/1957/1842
f 1957/1956/1841 1956/1955/1840 1958/1957/1842
f 1956/1955/1840 1877/1876/1769 1959/1958/1843
f 1879/1878/1771 1959/1958/1843 1877/1876/1769
f 1958/1957/1842 1956/1955/1840 1960/1959/1844
f 1960/1959/1844 1956/1955/1840 1959/1958/1843
f 1958/1957/1842 1960/1959/1844 1955/1954/1839
f 1959/1958/1843 1879/1878/1771 1961/1960/1845
f 1955/1954/1839 1960/1959/1844 1962/1961/1846
f 1963/1962/1847 1961/1960/1845 1879/1878/1771
f 1963/1962/1847 1879/1878/1771 1881/1880/1773
f 1964/1963/1848 1955/1954/1839 1962/1961/1846
f 1964/1963/1848 1952/1951/1836 1955/1954/1839
f 1964/1963/1848 1962/1961/1846 1965/1964/1849
f 1965/1964/1849 1962/1961/1846 1960/1959/1844
f 1964/1963/1848 1966/1965/1850 1952/1951/1836
f 1966/1965/1850 1964/1963/1848 1965/1964/1849
f 1954/1953/1838 1952/1951/1836 1966/1965/1850
f 1960/1959/1844 1967/1966/1851 1965/1964/1849
f 1967/1966/1851 1966/1965/1850 1965/1964/1849
f 1967/1966/1851 1960/1959/1844 1968/1967/1852
f 1966/1965/1850 1967/1966/1851 1968/1967/1852
f 1968/1967/1852 1960/1959/1844 1959/1958/1843
f 1959/1958/1843 1961/1960/1845 1968/1967/1852
f 1969/1968/1853 1966/1965/1850 1968/1967/1852
f 1968/1967/1852 1961/1960/1845 1969/1968/1853
f 1966/1965/1850 1969/1968/1853 1954/1953/1838
f 1961/1960/1845 1970/1969/1854 1969/1968/1853
f 1969/1968/1853 1970/1969/1854 1954/1953/1838
f 1970/1969/1854 1961/1960/1845 1971/1970/1855
f 1954/1953/1838 1970/1969/1854 1971/1970/1855
f 1963/1962/1847 1971/1970/1855 1961/1960/1845
f 1954/1953/1838 1971/1970/1855 1972/1971/1856
f 1963/1962/1847 1973/1972/1857 1971/1970/1855
f 1971/1970/1855 1973/1972/1857 1972/1971/1856
f 1974/1973/1858 1954/1953/1838 1972/1971/1856
f 1974/1973/1858 1884/1883/1776 1954/1953/1838
f 1972/1971/1856 1973/1972/1857 1975/1974/1859
f 1975/1974/1859 1974/1973/1858 1972/1971/1856
f 1976/1975/1860 1973/1972/1857 1963/1962/1847
f 1976/1975/1860 1975/1974/1859 1973/1972/1857
f 1974/1973/1858 1975/1974/1859 1976/1975/1860
f 1884/1883/1776 1974/1973/1858 1976/1975/1860
f 1976/1975/1860 1963/1962/1847 1881/1880/1773
f 1976/1975/1860 1881/1880/1773 1884/1883/1776
f 1977/1976/1325 1978/1977/358 1979/1978/1861
f 1977/1976/1325 1980/1979/1862 1978/1977/358
f 1978/1977/358 1980/1979/1862 1981/1980/361
f 1980/1979/1862 1977/1976/1325 1982/1981/1863
f 1983/1982/1864 1981/1980/361 1980/1979/1862
f 1983/1982/1864 1984/1983/1865 1981/1980/361
f 1985/1984/1866 1984/1983/1865 1983/1982/1864
f 1986/1985/1867 1985/1984/1866 1983/1982/1864
f 1982/1981/1863 1987/1986/1868 1980/1979/1862
f 1980/1979/1862 1987/1986/1868 1983/1982/1864
f 1988/1987/1869 1986/1985/1867 1983/1982/1864
f 1988/1987/1869 1989/1988/378 1986/1985/1867
f 1983/1982/1864 1987/1986/1868 1990/1989/1870
f 1988/1987/1869 1983/1982/1864 1990/1989/1870
f 1988/1987/1869 1991/1990/1871 1989/1988/378
f 1988/1987/1869 1990/1989/1870 1991/1990/1871
f 1991/1990/1871 1992/1991/1872 1989/1988/378
f 1990/1989/1870 1992/1991/1872 1991/1990/1871
f 1982/1981/1863 1993/1992/1873 1987/1986/1868
f 1990/1989/1870 1987/1986/1868 1993/1992/1873
f 1990/1989/1870 1994/1993/1874 1992/1991/1872
f 1994/1993/1874 1995/1994/1875 1992/1991/1872
f 1996/1995/1876 1995/1994/1875 1994/1993/1874
f 1990/1989/1870 1996/1995/1876 1994/1993/1874
f 1996/1995/1876 1997/1996/1877 1998/1997/1878
f 1999/1998/1879 1997/1996/1877 1996/1995/1876
f 2000/1999/1880 1999/1998/1879 1996/1995/1876
f 2000/1999/1880 1996/1995/1876 1990/1989/1870
f 1990/1989/1870 2001/2000/1881 2000/1999/1880
f 2001/2000/1881 1990/1989/1870 1993/1992/1873
f 2002/2001/1882 2001/2000/1881 1993/1992/1873
f 1993/1992/1873 2003/2002/1883 2002/2001/1882
f 2002/2001/1882 2003/2002/1883 2004/2003/1884
f 2004/2003/1884 2003/2002/1883 2005/2004/1885
f 2006/2005/1886 1993/1992/1873 1982/1981/1863
f 2006/2005/1886 2003/2002/1883 1993/1992/1873
f 2006/2005/1886 1982/1981/1863 2007/2006/1887
f 2008/2007/1342 2006/2005/1886 2007/2006/1887
f 2009/2008/1888 2006/2005/1886 2008/2007/1342
f 2010/2009/1889 2009/2008/1888 2008/2007/1342
f 2009/2008/1888 2011/2010/1890 2006/2005/1886
f 2011/2010/1890 2009/2008/1888 2010/2009/1889
f 2006/2005/1886 2011/2010/1890 2003/2002/1883
f 2010/2009/1889 2012/2011/605 2011/2010/1890
f 2011/2010/1890 2013/2012/1891 2003/2002/1883
f 2003/2002/1883 2013/2012/1891 2005/2004/1885
f 2011/2010/1890 2014/2013/1211 2013/2012/1891
f 2015/2014/1217 2013/2012/1891 2014/2013/1211
f 2013/2012/1891 2016/2015/1892 2005/2004/1885
f 2016/2015/1892 2013/2012/1891 2015/2014/1217
f 2005/2004/1885 2016/2015/1892 2017/2016/1893
f 2015/2014/1217 2017/2016/1893 2016/2015/1892
f 2017/2016/1893 2018/2017/1270 2005/2004/1885
f 2019/2018/1894 2018/2017/1270 2017/2016/1893
f 2019/2018/1894 2017/2016/1893 2020/2019/1267
f 2015/2014/1217 2020/2019/1267 2017/2016/1893
f 2015/2014/1217 2021/2020/1895 2020/2019/1267
f 2022/2021/1221 2020/2019/1267 2021/2020/1895
f 2023/2022/1264 2020/2019/1267 2022/2021/1221
f 2024/2023/1896 2005/2004/1885 2018/2017/1270
f 2024/2023/1896 2025/2024/1897 2005/2004/1885
f 2026/2025/1898 2024/2023/1896 2018/2017/1270
f 2027/2026/1899 2025/2024/1897 2024/2023/1896
f 2024/2023/1896 2026/2025/1898 2027/2026/1899
f 2028/2027/1900 2025/2024/1897 2027/2026/1899
f 2027/2026/1899 2026/2025/1898 2029/2028/1096
f 2028/2027/1900 2027/2026/1899 2029/2028/1096
f 2030/2029/1901 2031/2030/1902 2032/2031/1903
f 2030/2029/1901 2032/2031/1903 2033/2032/1904
f 2033/2032/1904 2034/2033/1905 2030/2029/1901
f 2033/2032/1904 2032/2031/1903 2035/2034/1906
f 2033/2032/1904 2036/2035/1907 2034/2033/1905
f 2034/2033/1905 2036/2035/1907 2037/2036/1908
f 2037/2036/1908 2036/2035/1907 2038/2037/1909
f 2038/2037/1909 2036/2035/1907 2039/2038/1910
f 2040/2039/1911 2038/2037/1909 2039/2038/1910
f 2041/2040/1912 2040/2039/1911 2039/2038/1910
f 2042/2041/1913 2041/2040/1912 2039/2038/1910
f 2042/2041/1913 2039/2038/1910 2043/2042/1914
f 2036/2035/1907 2043/2042/1914 2039/2038/1910
f 2042/2041/1913 2043/2042/1914 2044/2043/1915
f 2044/2043/1915 2043/2042/1914 2045/2044/652
f 2046/2045/1916 2043/2042/1914 2036/2035/1907
f 2033/2032/1904 2046/2045/1916 2036/2035/1907
f 2047/2046/1917 2045/2044/652 2043/2042/1914
f 2047/2046/1917 2043/2042/1914 2046/2045/1916
f 2047/2046/1917 2048/2047/1918 2045/2044/652
f 2048/2047/1918 2047/2046/1917 2049/2048/1919
f 2049/2048/1919 2047/2046/1917 2050/2049/1920
f 2050/2049/1920 2047/2046/1917 2051/2050/1921
f 2051/2050/1921 2047/2046/1917 2052/2051/1922
f 2047/2046/1917 2053/2052/1923 2052/2051/1922
f 2054/2053/1924 2053/2052/1923 2047/2046/1917
f 2053/2052/1923 2054/2053/1924 2055/2054/1925
f 2056/2055/1926 2055/2054/1925 2054/2053/1924
f 2054/2053/1924 2057/2056/1312 2056/2055/1926
f 2058/2057/1927 2057/2056/1312 2054/2053/1924
f 2059/2058/1928 2054/2053/1924 2047/2046/1917
f 2046/2045/1916 2059/2058/1928 2047/2046/1917
f 2054/2053/1924 2060/2059/1929 2058/2057/1927
f 2054/2053/1924 2059/2058/1928 2060/2059/1929
f 2060/2059/1929 2059/2058/1928 2046/2045/1916
f 2061/2060/1328 2058/2057/1927 2060/2059/1929
f 2061/2060/1328 2060/2059/1929 2062/2061/1930
f 2062/2061/1930 2060/2059/1929 2063/2062/1931
f 2063/2062/1931 2060/2059/1929 2064/2063/1932
f 2065/2064/1933 2063/2062/1931 2064/2063/1932
f 2066/2065/1934 2065/2064/1933 2064/2063/1932
f 2066/2065/1934 2067/2066/1935 2065/2064/1933
f 2067/2066/1935 2066/2065/1934 2068/2067/1342
f 2068/2067/1342 2066/2065/1934 2069/2068/1936
f 2066/2065/1934 2070/2069/604 2069/2068/1936
f 2070/2069/604 2071/2070/771 2072/2071/1937
f 2064/2063/1932 2073/2072/1938 2066/2065/1934
f 2073/2072/1938 2070/2069/604 2066/2065/1934
f 2071/2070/771 2070/2069/604 2073/2072/1938
f 2073/2072/1938 2064/2063/1932 2060/2059/1929
f 2073/2072/1938 2074/2073/1939 2071/2070/771
f 2074/2073/1939 2073/2072/1938 2075/2074/765
f 2073/2072/1938 2076/2075/764 2075/2074/765
f 2073/2072/1938 2077/2076/1940 2076/2075/764
f 2077/2076/1940 2078/2077/1941 2079/2078/760
f 2077/2076/1940 2073/2072/1938 2078/2077/1941
f 2078/2077/1941 2073/2072/1938 2080/2079/1942
f 2073/2072/1938 2060/2059/1929 2080/2079/1942
f 2078/2077/1941 2080/2079/1942 2081/2080/1943
f 2082/2081/750 2081/2080/1943 2080/2079/1942
f 2082/2081/750 2080/2079/1942 2083/2082/747
f 2083/2082/747 2080/2079/1942 2084/2083/1944
f 2085/2084/739 2084/2083/1944 2080/2079/1942
f 2085/2084/739 2086/2085/1945 2087/2086/1946
f 2085/2084/739 2080/2079/1942 2088/2087/1947
f 2085/2084/739 2088/2087/1947 2086/2085/1945
f 2060/2059/1929 2088/2087/1947 2080/2079/1942
f 2086/2085/1945 2088/2087/1947 2089/2088/1948
f 2090/2089/1949 2089/2088/1948 2088/2087/1947
f 2090/2089/1949 2088/2087/1947 2091/2090/1950
f 2060/2059/1929 2046/2045/1916 2088/2087/1947
f 2088/2087/1947 2092/2091/1951 2091/2090/1950
f 2046/2045/1916 2092/2091/1951 2088/2087/1947
f 2092/2091/1951 2093/2092/724 2091/2090/1950
f 2093/2092/724 2092/2091/1951 2094/2093/1952
f 2094/2093/1952 2092/2091/1951 2095/2094/1953
f 2095/2094/1953 2092/2091/1951 2096/2095/715
f 2096/2095/715 2092/2091/1951 2097/2096/1954
f 2097/2096/1954 2092/2091/1951 2046/2045/1916
f 2098/2097/714 2096/2095/715 2097/2096/1954
f 2099/2098/1955 2098/2097/714 2097/2096/1954
f 2100/2099/1956 2099/2098/1955 2097/2096/1954
f 2046/2045/1916 2101/2100/1957 2097/2096/1954
f 2101/2100/1957 2100/2099/1956 2097/2096/1954
f 2033/2032/1904 2101/2100/1957 2046/2045/1916
f 2100/2099/1956 2102/2101/1958 2103/2102/1959
f 2102/2101/1958 2100/2099/1956 2101/2100/1957
f 2104/2103/1960 2102/2101/1958 2101/2100/1957
f 2104/2103/1960 2101/2100/1957 2105/2104/698
f 2101/2100/1957 2033/2032/1904 2035/2034/1906
f 2105/2104/698 2101/2100/1957 2106/2105/1961
f 2035/2034/1906 2106/2105/1961 2101/2100/1957
f 2105/2104/698 2106/2105/1961 2107/2106/1962
f 2108/2107/1963 2107/2106/1962 2106/2105/1961
f 2035/2034/1906 2109/2108/871 2106/2105/1961
f 2108/2107/1963 2106/2105/1961 2109/2108/871
f 2108/2107/1963 2109/2108/871 2110/2109/1166
f 2111/2110/1382 2109/2108/871 2035/2034/1906
f 2111/2110/1382 2112/2111/1383 2109/2108/871
f 2113/2112/1964 2114/2113/1965 2115/2114/1966
f 2113/2112/1964 2116/2115/1967 2114/2113/1965
f 2113/2112/1964 2117/2116/810 2116/2115/1967
f 2118/2117/1968 2114/2113/1965 2116/2115/1967
f 2117/2116/810 2119/2118/1969 2116/2115/1967
f 2118/2117/1968 2116/2115/1967 2120/2119/1970
f 2120/2119/1970 2121/2120/1971 2118/2117/1968
f 2116/2115/1967 2119/2118/1969 2122/2121/1972
f 2116/2115/1967 2122/2121/1972 2120/2119/1970
f 2122/2121/1972 2121/2120/1971 2120/2119/1970
f 2123/2122/1973 2121/2120/1971 2122/2121/1972
f 2122/2121/1972 2124/2123/1034 2123/2122/1973
f 2125/2124/1974 2122/2121/1972 2119/2118/1969
f 2126/2125/1975 2124/2123/1034 2122/2121/1972
f 2127/2126/1191 2124/2123/1034 2126/2125/1975
f 2126/2125/1975 2128/2127/1976 2127/2126/1191
f 2126/2125/1975 2129/2128/1977 2128/2127/1976
f 2126/2125/1975 2122/2121/1972 2130/2129/1978
f 2130/2129/1978 2122/2121/1972 2125/2124/1974
f 2131/2130/1979 2129/2128/1977 2126/2125/1975
f 2126/2125/1975 2130/2129/1978 2131/2130/1979
f 2131/2130/1979 2132/2131/1980 2129/2128/1977
f 2130/2129/1978 2125/2124/1974 2133/2132/1981
f 2130/2129/1978 2133/2132/1981 2131/2130/1979
f 2134/2133/1982 2133/2132/1981 2125/2124/1974
f 2134/2133/1982 2125/2124/1974 2135/2134/1983
f 2134/2133/1982 2135/2134/1983 2136/2135/799
f 2131/2130/1979 2133/2132/1981 2137/2136/1984
f 2131/2130/1979 2137/2136/1984 2132/2131/1980
f 2134/2133/1982 2138/2137/1985 2133/2132/1981
f 2138/2137/1985 2134/2133/1982 2136/2135/799
f 2137/2136/1984 2133/2132/1981 2138/2137/1985
f 2139/2138/1986 2138/2137/1985 2136/2135/799
f 2137/2136/1984 2138/2137/1985 2140/2139/1987
f 2139/2138/1986 2140/2139/1987 2138/2137/1985
f 2132/2131/1980 2137/2136/1984 2140/2139/1987
f 2140/2139/1987 2139/2138/1986 2141/2140/1988
f 2142/2141/1989 2143/2142/1977 2132/2131/1980
f 2144/2143/1180 2142/2141/1989 2145/2144/1990
f 2146/2145/1991 2145/2144/1990 2142/2141/1989
f 2142/2141/1989 2147/2146/1992 2146/2145/1991
f 2142/2141/1989 2132/2131/1980 2148/2147/1993
f 2142/2141/1989 2148/2147/1993 2147/2146/1992
f 2140/2139/1987 2148/2147/1993 2132/2131/1980
f 2147/2146/1992 2148/2147/1993 2149/2148/1994
f 2149/2148/1994 2150/2149/1995 2147/2146/1992
f 2151/2150/1996 2148/2147/1993 2140/2139/1987
f 2148/2147/1993 2151/2150/1996 2149/2148/1994
f 2141/2140/1988 2151/2150/1996 2140/2139/1987
f 2152/2151/1997 2150/2149/1995 2149/2148/1994
f 2151/2150/1996 2152/2151/1997 2149/2148/1994
f 2150/2149/1995 2152/2151/1997 2153/2152/1998
f 2152/2151/1997 2154/2153/1999 2153/2152/1998
f 2155/2154/2000 2151/2150/1996 2141/2140/1988
f 2156/2155/792 2155/2154/2000 2141/2140/1988
f 2151/2150/1996 2157/2156/2001 2152/2151/1997
f 2157/2156/2001 2151/2150/1996 2155/2154/2000
f 2158/2157/2002 2154/2153/1999 2152/2151/1997
f 2152/2151/1997 2157/2156/2001 2158/2157/2002
f 2157/2156/2001 2155/2154/2000 2158/2157/2002
f 2159/2158/2003 2154/2153/1999 2158/2157/2002
f 2158/2157/2002 2160/2159/2004 2159/2158/2003
f 2155/2154/2000 2161/2160/2005 2158/2157/2002
f 2161/2160/2005 2160/2159/2004 2158/2157/2002
f 2156/2155/792 2161/2160/2005 2155/2154/2000
f 2162/2161/2006 2161/2160/2005 2156/2155/792
f 2163/2162/2007 2161/2160/2005 2162/2161/2006
f 2160/2159/2004 2161/2160/2005 2164/2163/2008
f 2164/2163/2008 2161/2160/2005 2163/2162/2007
f 2164/2163/2008 2165/2164/2009 2160/2159/2004
f 2166/2165/2010 2164/2163/2008 2163/2162/2007
f 2164/2163/2008 2166/2165/2010 2165/2164/2009
f 2167/2166/2011 2168/2167/2012 2169/2168/1900
f 2168/2167/2012 2170/2169/2013 2169/2168/1900
f 2168/2167/2012 2171/2170/1101 2170/2169/2013
f 2169/2168/1900 2170/2169/2013 2172/2171/1897
f 2170/2169/2013 2171/2170/1101 2173/2172/2014
f 2172/2171/1897 2170/2169/2013 2173/2172/2014
f 2174/2173/2015 2173/2172/2014 2171/2170/1101
f 2173/2172/2014 2175/2174/2016 2172/2171/1897
f 2175/2174/2016 2176/2175/2017 2172/2171/1897
f 2173/2172/2014 2174/2173/2015 2177/2176/2018
f 2177/2176/2018 2174/2173/2015 2178/2177/2019
f 2177/2176/2018 2178/2177/2019 2179/2178/1106
f 2177/2176/2018 2179/2178/1106 2180/2179/2020
f 2180/2179/2020 2181/2180/1110 2177/2176/2018
f 2177/2176/2018 2182/2181/2021 2173/2172/2014
f 2173/2172/2014 2182/2181/2021 2175/2174/2016
f 2181/2180/1110 2183/2182/2022 2177/2176/2018
f 2184/2183/2023 2175/2174/2016 2182/2181/2021
f 2183/2182/2022 2181/2180/1110 2185/2184/2024
f 2185/2184/2024 2181/2180/1110 2186/2185/2025
f 2186/2185/2025 2187/2186/1113 2185/2184/2024
f 2187/2186/1113 2188/2187/2026 2185/2184/2024
f 2183/2182/2022 2185/2184/2024 2188/2187/2026
f 2189/2188/1116 2188/2187/2026 2187/2186/1113
f 2183/2182/2022 2190/2189/2027 2177/2176/2018
f 2190/2189/2027 2183/2182/2022 2188/2187/2026
f 2182/2181/2021 2177/2176/2018 2190/2189/2027
f 2191/2190/2028 2188/2187/2026 2189/2188/1116
f 2191/2190/2028 2189/2188/1116 2192/2191/2029
f 2191/2190/2028 2192/2191/2029 2193/2192/2030
f 2191/2190/2028 2194/2193/2031 2188/2187/2026
f 2193/2192/2030 2194/2193/2031 2191/2190/2028
f 2188/2187/2026 2194/2193/2031 2190/2189/2027
f 2193/2192/2030 2195/2194/2032 2194/2193/2031
f 2194/2193/2031 2195/2194/2032 2196/2195/888
f 2196/2195/888 2195/2194/2032 2197/2196/1133
f 2194/2193/2031 2196/2195/888 2190/2189/2027
f 2198/2197/885 2190/2189/2027 2196/2195/888
f 2198/2197/885 2199/2198/2033 2190/2189/2027
f 2182/2181/2021 2190/2189/2027 2199/2198/2033
f 2198/2197/885 2200/2199/862 2199/2198/2033
f 2182/2181/2021 2199/2198/2033 2184/2183/2023
f 2199/2198/2033 2200/2199/862 2201/2200/2034
f 2184/2183/2023 2199/2198/2033 2202/2201/2035
f 2202/2201/2035 2199/2198/2033 2201/2200/2034
f 2203/2202/2036 2184/2183/2023 2202/2201/2035
f 2204/2203/2037 2202/2201/2035 2201/2200/2034
f 2204/2203/2037 2203/2202/2036 2202/2201/2035
f 2205/2204/2038 2204/2203/2037 2201/2200/2034
f 2206/2205/2039 2205/2204/2038 2201/2200/2034
f 2206/2205/2039 2207/2206/2040 2205/2204/2038
f 2203/2202/2036 2208/2207/2041 2184/2183/2023
f 2184/2183/2023 2208/2207/2041 2175/2174/2016
f 2175/2174/2016 2208/2207/2041 2176/2175/2017
f 2208/2207/2041 2209/2208/1884 2176/2175/2017
f 2210/2209/2042 2205/2204/2038 2207/2206/2040
f 2211/2210/840 2210/2209/2042 2207/2206/2040
f 2208/2207/2041 2212/2211/2043 2209/2208/1884
f 2213/2212/1882 2209/2208/1884 2212/2211/2043
f 2213/2212/1882 2212/2211/2043 2214/2213/2044
f 2208/2207/2041 2215/2214/2045 2212/2211/2043
f 2214/2213/2044 2212/2211/2043 2215/2214/2045
f 2216/2215/2046 2208/2207/2041 2203/2202/2036
f 2208/2207/2041 2216/2215/2046 2215/2214/2045
f 2203/2202/2036 2204/2203/2037 2216/2215/2046
f 2217/2216/2047 2214/2213/2044 2215/2214/2045
f 2214/2213/2044 2217/2216/2047 2218/2217/1880
f 2205/2204/2038 2219/2218/2048 2204/2203/2037
f 2216/2215/2046 2204/2203/2037 2219/2218/2048
f 2210/2209/2042 2219/2218/2048 2205/2204/2038
f 2220/2219/2049 2216/2215/2046 2219/2218/2048
f 2210/2209/2042 2220/2219/2049 2219/2218/2048
f 2216/2215/2046 2221/2220/2050 2215/2214/2045
f 2216/2215/2046 2220/2219/2049 2221/2220/2050
f 2215/2214/2045 2221/2220/2050 2217/2216/2047
f 2222/2221/2051 2220/2219/2049 2210/2209/2042
f 2211/2210/840 2222/2221/2051 2210/2209/2042
f 2222/2221/2051 2211/2210/840 2223/2222/839
f 2224/2223/2052 2220/2219/2049 2222/2221/2051
f 2220/2219/2049 2224/2223/2052 2221/2220/2050
f 2223/2222/839 2225/2224/2053 2222/2221/2051
f 2225/2224/2053 2224/2223/2052 2222/2221/2051
f 2226/2225/2054 2223/2222/839 2227/2226/2055
f 2228/2227/2056 2223/2222/839 2226/2225/2054
f 2226/2225/2054 2229/2228/2057 2228/2227/2056
f 2229/2228/2057 2230/2229/2058 2228/2227/2056
f 2230/2229/2058 2231/2230/2059 2228/2227/2056
f 2223/2222/839 2228/2227/2056 2231/2230/2059
f 2232/2231/467 2223/2222/839 2231/2230/2059
f 2231/2230/2059 2233/2232/2060 2232/2231/467
f 2223/2222/839 2232/2231/467 2225/2224/2053
f 2232/2231/467 2234/2233/453 2235/2234/2061
f 2225/2224/2053 2232/2231/467 2235/2234/2061
f 2236/2235/2062 2225/2224/2053 2235/2234/2061
f 2236/2235/2062 2237/2236/2063 2225/2224/2053
f 2237/2236/2063 2236/2235/2062 2238/2237/2064
f 2224/2223/2052 2225/2224/2053 2237/2236/2063
f 2224/2223/2052 2237/2236/2063 2239/2238/2065
f 2239/2238/2065 2240/2239/2066 2224/2223/2052
f 2224/2223/2052 2240/2239/2066 2241/2240/2067
f 2224/2223/2052 2241/2240/2067 2221/2220/2050
f 2241/2240/2067 2240/2239/2066 2242/2241/2068
f 2243/2242/2069 2242/2241/2068 2240/2239/2066
f 2244/2243/2070 2242/2241/2068 2243/2242/2069
f 2245/2244/2071 2242/2241/2068 2244/2243/2070
f 2245/2244/2071 2241/2240/2067 2242/2241/2068
f 2246/2245/2072 2221/2220/2050 2241/2240/2067
f 2246/2245/2072 2241/2240/2067 2245/2244/2071
f 2247/2246/437 2246/2245/2072 2245/2244/2071
f 2217/2216/2047 2221/2220/2050 2246/2245/2072
f 2247/2246/437 2248/2247/436 2246/2245/2072
f 2249/2248/2073 2246/2245/2072 2248/2247/436
f 2249/2248/2073 2217/2216/2047 2246/2245/2072
f 2248/2247/436 2250/2249/2074 2249/2248/2073
f 2251/2250/2075 2249/2248/2073 2250/2249/2074
f 2251/2250/2075 2252/2251/2076 2249/2248/2073
f 2217/2216/2047 2249/2248/2073 2253/2252/2077
f 2252/2251/2076 2253/2252/2077 2249/2248/2073
f 2217/2216/2047 2253/2252/2077 2218/2217/1880
f 2252/2251/2076 2254/2253/432 2253/2252/2077
f 2253/2252/2077 2255/2254/2078 2218/2217/1880
f 2254/2253/432 2256/2255/430 2253/2252/2077
f 2253/2252/2077 2256/2255/430 2255/2254/2078
f 2256/2255/430 2254/2253/432 2257/2256/431
f 2255/2254/2078 2256/2255/430 2258/2257/2079
f 2258/2257/2079 2256/2255/430 2259/2258/2080
f 2260/2259/2081 2255/2254/2078 2258/2257/2079
f 2261/2260/2082 2262/2261/101 2263/2262/103
f 2261/2260/2082 2264/2263/2083 2262/2261/101
f 2265/2264/2084 2264/2263/2083 2261/2260/2082
f 2266/2265/2085 2264/2263/2083 2265/2264/2084
f 2266/2265/2085 2267/2266/2086 2264/2263/2083
f 2268/2267/2087 2264/2263/2083 2267/2266/2086
f 2269/2268/2088 2262/2261/101 2264/2263/2083
f 2268/2267/2087 2270/2269/2089 2264/2263/2083
f 2269/2268/2088 2264/2263/2083 2270/2269/2089
f 2269/2268/2088 2270/2269/2089 2271/2270/2090
f 2271/2270/2090 2270/2269/2089 2272/2271/2091
f 2271/2270/2090 2272/2271/2091 2273/2272/2092
f 2273/2272/2092 2272/2271/2091 2274/2273/2093
f 2274/2273/2093 2272/2271/2091 2275/2274/2094
f 2276/2275/2095 2272/2271/2091 2270/2269/2089
f 2270/2269/2089 2277/2276/2096 2276/2275/2095
f 2277/2276/2096 2278/2277/2097 2276/2275/2095
f 2279/2278/2098 2275/2274/2094 2272/2271/2091
f 2279/2278/2098 2272/2271/2091 2276/2275/2095
f 2280/2279/2099 2275/2274/2094 2279/2278/2098
f 2281/2280/2100 2280/2279/2099 2279/2278/2098
f 2281/2280/2100 2279/2278/2098 2282/2281/2101
f 2282/2281/2101 2279/2278/2098 2283/2282/2102
f 2279/2278/2098 2276/2275/2095 2283/2282/2102
f 2278/2277/2097 2284/2283/2103 2276/2275/2095
f 2283/2282/2102 2276/2275/2095 2285/2284/2104
f 2285/2284/2104 2286/2285/1575 2283/2282/2102
f 2287/2286/2105 2286/2285/1575 2285/2284/2104
f 2285/2284/2104 2288/2287/2106 2287/2286/2105
f 2289/2288/105 2290/2289/2082 2291/2290/2107
f 2292/2291/2108 2290/2289/2082 2289/2288/105
f 2292/2291/2108 2293/2292/2084 2290/2289/2082
f 2289/2288/105 2294/2293/2109 2292/2291/2108
f 2293/2292/2084 2292/2291/2108 2295/2294/2110
f 2292/2291/2108 2294/2293/2109 2296/2295/2111
f 2297/2296/108 2296/2295/2111 2294/2293/2109
f 2296/2295/2111 2297/2296/108 2298/2297/2112
f 2299/2298/2113 2296/2295/2111 2298/2297/2112
f 2292/2291/2108 2300/2299/2114 2295/2294/2110
f 2295/2294/2110 2300/2299/2114 2301/2300/2115
f 2301/2300/2115 2300/2299/2114 2302/2301/1571
f 2303/2302/2116 2292/2291/2108 2296/2295/2111
f 2303/2302/2116 2300/2299/2114 2292/2291/2108
f 2302/2301/1571 2300/2299/2114 2304/2303/2117
f 2305/2304/1569 2302/2301/1571 2304/2303/2117
f 2305/2304/1569 2304/2303/2117 2306/2305/1568
f 2306/2305/1568 2304/2303/2117 2300/2299/2114
f 2303/2302/2116 2306/2305/1568 2300/2299/2114
f 2299/2298/2113 2307/2306/2118 2296/2295/2111
f 2303/2302/2116 2296/2295/2111 2307/2306/2118
f 2308/2307/2119 2307/2306/2118 2299/2298/2113
f 2303/2302/2116 2309/2308/2120 2306/2305/1568
f 2309/2308/2120 2310/2309/1565 2306/2305/1568
f 2311/2310/2121 2310/2309/1565 2309/2308/2120
f 2303/2302/2116 2312/2311/2122 2309/2308/2120
f 2312/2311/2122 2311/2310/2121 2309/2308/2120
f 2307/2306/2118 2312/2311/2122 2303/2302/2116
f 2313/2312/2123 2314/2313/2124 2311/2310/2121
f 2311/2310/2121 2312/2311/2122 2313/2312/2123
f 2315/2314/2125 2313/2312/2123 2312/2311/2122
f 2316/2315/2126 2312/2311/2122 2307/2306/2118
f 2312/2311/2122 2316/2315/2126 2317/2316/2127
f 2317/2316/2127 2315/2314/2125 2312/2311/2122
f 2307/2306/2118 2317/2316/2127 2316/2315/2126
f 2317/2316/2127 2318/2317/2128 2315/2314/2125
f 2319/2318/2129 2315/2314/2125 2318/2317/2128
f 2317/2316/2127 2307/2306/2118 2320/2319/2130
f 2318/2317/2128 2317/2316/2127 2320/2319/2130
f 2318/2317/2128 2321/2320/2131 2319/2318/2129
f 2322/2321/2132 2320/2319/2130 2307/2306/2118
f 2322/2321/2132 2318/2317/2128 2320/2319/2130
f 2308/2307/2119 2322/2321/2132 2307/2306/2118
f 2308/2307/2119 2323/2322/2133 2322/2321/2132
f 2324/2323/2134 2322/2321/2132 2323/2322/2133
f 2325/2324/2135 2324/2323/2134 2323/2322/2133
f 2324/2323/2134 2325/2324/2135 2326/2325/119
f 2327/2326/2136 2322/2321/2132 2324/2323/2134
f 2326/2325/119 2327/2326/2136 2324/2323/2134
f 2327/2326/2136 2318/2317/2128 2322/2321/2132
f 2326/2325/119 2328/2327/2137 2327/2326/2136
f 2327/2326/2136 2329/2328/2138 2318/2317/2128
f 2329/2328/2138 2321/2320/2131 2318/2317/2128
f 2328/2327/2137 2330/2329/2139 2327/2326/2136
f 2330/2329/2139 2329/2328/2138 2327/2326/2136
f 2330/2329/2139 2328/2327/2137 2331/2330/121
f 2332/2331/2140 2330/2329/2139 2331/2330/121
f 2330/2329/2139 2333/2332/2141 2329/2328/2138
f 2332/2331/2140 2334/2333/2142 2330/2329/2139
f 2330/2329/2139 2334/2333/2142 2333/2332/2141
f 2329/2328/2138 2333/2332/2141 2334/2333/2142
f 2335/2334/2143 2334/2333/2142 2332/2331/2140
f 2335/2334/2143 2336/2335/2144 2334/2333/2142
f 2337/2336/2145 2334/2333/2142 2336/2335/2144
f 2329/2328/2138 2338/2337/2146 2321/2320/2131
f 2334/2333/2142 2338/2337/2146 2329/2328/2138
f 2339/2338/1562 2321/2320/2131 2338/2337/2146
f 2339/2338/1562 2338/2337/2146 2340/2339/2147
f 2341/2340/2148 2340/2339/2147 2338/2337/2146
f 2338/2337/2146 2342/2341/1580 2341/2340/2148
f 2342/2341/1580 2338/2337/2146 2343/2342/2149
f 2334/2333/2142 2337/2336/2145 2344/2343/2150
f 2344/2343/2150 2338/2337/2146 2334/2333/2142
f 2337/2336/2145 2345/2344/2151 2344/2343/2150
f 2343/2342/2149 2338/2337/2146 2346/2345/2152
f 2344/2343/2150 2346/2345/2152 2338/2337/2146
f 2347/2346/1583 2343/2342/2149 2346/2345/2152
f 2346/2345/2152 2348/2347/2153 2347/2346/1583
f 2345/2344/2151 2349/2348/2154 2344/2343/2150
f 2349/2348/2154 2346/2345/2152 2344/2343/2150
f 2345/2344/2151 2350/2349/2155 2349/2348/2154
f 2346/2345/2152 2351/2350/2156 2348/2347/2153
f 2351/2350/2156 2352/2351/2157 2348/2347/2153
f 2352/2351/2157 2351/2350/2156 2353/2352/2158
f 2354/2353/2159 2353/2352/2158 2351/2350/2156
f 2351/2350/2156 2346/2345/2152 2354/2353/2159
f 2353/2352/2158 2354/2353/2159 2355/2354/1588
f 2354/2353/2159 2346/2345/2152 2356/2355/2160
f 2349/2348/2154 2356/2355/2160 2346/2345/2152
f 2355/2354/1588 2354/2353/2159 2357/2356/2161
f 2356/2355/2160 2357/2356/2161 2354/2353/2159
f 2355/2354/1588 2357/2356/2161 2358/2357/2162
f 2357/2356/2161 2359/2358/2163 2358/2357/2162
f 2360/2359/2164 2359/2358/2163 2357/2356/2161
f 2359/2358/2163 2360/2359/2164 2361/2360/2165
f 2360/2359/2164 2362/2361/2166 2361/2360/2165
f 2357/2356/2161 2363/2362/2167 2360/2359/2164
f 2357/2356/2161 2356/2355/2160 2363/2362/2167
f 2364/2363/2168 2362/2361/2166 2360/2359/2164
f 2363/2362/2167 2364/2363/2168 2360/2359/2164
f 2364/2363/2168 2365/2364/1594 2362/2361/2166
f 2364/2363/2168 2366/2365/2169 2365/2364/1594
f 2364/2363/2168 2367/2366/1597 2366/2365/2169
f 2363/2362/2167 2356/2355/2160 2368/2367/2170
f 2369/2368/2171 2367/2366/1597 2364/2363/2168
f 2367/2366/1597 2369/2368/2171 2370/2369/1599
f 2369/2368/2171 2371/2370/2172 2370/2369/1599
f 2364/2363/2168 2363/2362/2167 2372/2371/2173
f 2363/2362/2167 2368/2367/2170 2372/2371/2173
f 2369/2368/2171 2364/2363/2168 2372/2371/2173
f 2368/2367/2170 2356/2355/2160 2373/2372/2174
f 2372/2371/2173 2368/2367/2170 2373/2372/2174
f 2374/2373/2175 2373/2372/2174 2356/2355/2160
f 2349/2348/2154 2374/2373/2175 2356/2355/2160
f 2374/2373/2175 2375/2374/2176 2373/2372/2174
f 2376/2375/2177 2374/2373/2175 2349/2348/2154
f 2374/2373/2175 2376/2375/2177 2375/2374/2176
f 2349/2348/2154 2350/2349/2155 2376/2375/2177
f 2377/2376/2178 2373/2372/2174 2375/2374/2176
f 2372/2371/2173 2373/2372/2174 2377/2376/2178
f 2350/2349/2155 2378/2377/129 2379/2378/131
f 2379/2378/131 2376/2375/2177 2350/2349/2155
f 2375/2374/2176 2380/2379/2179 2377/2376/2178
f 2376/2375/2177 2380/2379/2179 2375/2374/2176
f 2379/2378/131 2381/2380/2180 2376/2375/2177
f 2382/2381/2181 2381/2380/2180 2379/2378/131
f 2376/2375/2177 2381/2380/2180 2383/2382/2182
f 2382/2381/2181 2383/2382/2182 2381/2380/2180
f 2376/2375/2177 2383/2382/2182 2380/2379/2179
f 2382/2381/2181 2384/2383/2183 2383/2382/2182
f 2380/2379/2179 2385/2384/2184 2377/2376/2178
f 2385/2384/2184 2380/2379/2179 2383/2382/2182
f 2385/2384/2184 2372/2371/2173 2377/2376/2178
f 2383/2382/2182 2384/2383/2183 2386/2385/2185
f 2383/2382/2182 2386/2385/2185 2385/2384/2184
f 2386/2385/2185 2384/2383/2183 2387/2386/2186
f 2388/2387/2187 2386/2385/2185 2387/2386/2186
f 2389/2388/2188 2386/2385/2185 2388/2387/2187
f 2385/2384/2184 2390/2389/2189 2372/2371/2173
f 2385/2384/2184 2386/2385/2185 2390/2389/2189
f 2386/2385/2185 2389/2388/2188 2390/2389/2189
f 2390/2389/2189 2369/2368/2171 2372/2371/2173
f 2389/2388/2188 2391/2390/2190 2390/2389/2189
f 2390/2389/2189 2391/2390/2190 2392/2391/2191
f 2392/2391/2191 2369/2368/2171 2390/2389/2189
f 2393/2392/2192 2392/2391/2191 2391/2390/2190
f 2369/2368/2171 2392/2391/2191 2394/2393/2193
f 2395/2394/2194 2392/2391/2191 2393/2392/2192
f 2392/2391/2191 2395/2394/2194 2394/2393/2193
f 2396/2395/91 2395/2394/2194 2393/2392/2192
f 2396/2395/91 2397/2396/2195 2395/2394/2194
f 2397/2396/2195 2398/2397/26 2395/2394/2194
f 2395/2394/2194 2398/2397/26 2399/2398/2196
f 2400/2399/2197 2395/2394/2194 2399/2398/2196
f 2395/2394/2194 2400/2399/2197 2401/2400/2198
f 2394/2393/2193 2395/2394/2194 2401/2400/2198
f 2401/2400/2198 2400/2399/2197 2402/2401/2199
f 2403/2402/1406 2401/2400/2198 2402/2401/2199
f 2394/2393/2193 2401/2400/2198 2403/2402/1406
f 2394/2393/2193 2403/2402/1406 2404/2403/2200
f 2369/2368/2171 2394/2393/2193 2404/2403/2200
f 2404/2403/2200 2403/2402/1406 2405/2404/1407
f 2369/2368/2171 2404/2403/2200 2371/2370/2172
f 2404/2403/2200 2405/2404/1407 2406/2405/1601
f 2404/2403/2200 2406/2405/1601 2371/2370/2172
f 2407/2406/2088 2408/2407/2201 2409/2408/2202
f 2407/2406/2088 2410/2409/2203 2408/2407/2201
f 2410/2409/2203 2411/2410/2204 2408/2407/2201
f 2412/2411/2205 2411/2410/2204 2410/2409/2203
f 1917/1916/1806 2412/2411/2205 2410/2409/2203
f 2410/2409/2203 2407/2406/2088 2413/2412/2090
f 1913/1912/1802 1917/1916/1806 2410/2409/2203
f 2414/2413/2206 2413/2412/2090 2415/2414/2092
f 2413/2412/2090 2414/2413/2206 2416/2415/2207
f 2416/2415/2207 2414/2413/2206 2417/2416/2208
f 2418/2417/2209 2413/2412/2090 2416/2415/2207
f 2418/2417/2209 2416/2415/2207 2417/2416/2208
f 2418/2417/2209 2410/2409/2203 2413/2412/2090
f 2418/2417/2209 2417/2416/2208 2419/2418/2210
f 2420/2419/2211 2418/2417/2209 2419/2418/2210
f 2410/2409/2203 2418/2417/2209 2420/2419/2211
f 2419/2418/2210 2421/2420/2212 2420/2419/2211
f 2410/2409/2203 2420/2419/2211 2422/2421/2213
f 2410/2409/2203 2422/2421/2213 1913/1912/1802
f 2421/2420/2212 2423/2422/2214 2420/2419/2211
f 2424/2423/2215 2423/2422/2214 2421/2420/2212
f 2424/2423/2215 2425/2424/2216 2423/2422/2214
f 2426/2425/2217 2420/2419/2211 2423/2422/2214
f 2422/2421/2213 2420/2419/2211 2426/2425/2217
f 2427/2426/2218 2423/2422/2214 2425/2424/2216
f 2423/2422/2214 2427/2426/2218 2426/2425/2217
f 2427/2426/2218 2425/2424/2216 2428/2427/2219
f 2429/2428/329 2428/2427/2219 2430/2429/2220
f 2428/2427/2219 2429/2428/329 2431/2430/2221
f 2431/2430/2221 2427/2426/2218 2428/2427/2219
f 2432/2431/328 2431/2430/2221 2429/2428/329
f 2433/2432/2222 2427/2426/2218 2431/2430/2221
f 2433/2432/2222 2426/2425/2217 2427/2426/2218
f 2434/2433/1293 2433/2432/2222 2431/2430/2221
f 2433/2432/2222 2434/2433/1293 2435/2434/1297
f 2426/2425/2217 2433/2432/2222 2436/2435/2223
f 2426/2425/2217 2436/2435/2223 2422/2421/2213
f 2433/2432/2222 2435/2434/1297 2437/2436/2224
f 2437/2436/2224 2436/2435/2223 2433/2432/2222
f 2437/2436/2224 2435/2434/1297 2438/2437/1300
f 2422/2421/2213 2436/2435/2223 2439/2438/2225
f 1913/1912/1802 2422/2421/2213 2439/2438/2225
f 2440/2439/1304 2437/2436/2224 2438/2437/1300
f 1913/1912/1802 2439/2438/2225 2441/2440/2226
f 2441/2440/2226 1918/1917/1807 1913/1912/1802
f 2439/2438/2225 2436/2435/2223 2442/2441/2227
f 2442/2441/2227 2436/2435/2223 2437/2436/2224
f 2443/2442/2228 2441/2440/2226 2439/2438/2225
f 2441/2440/2226 2443/2442/2228 1918/1917/1807
f 2443/2442/2228 2439/2438/2225 2442/2441/2227
f 1920/1919/1809 1918/1917/1807 2443/2442/2228
f 2443/2442/2228 2442/2441/2227 2444/2443/2229
f 2443/2442/2228 2445/2444/2230 1920/1919/1809
f 2446/2445/2231 2444/2443/2229 2442/2441/2227
f 2437/2436/2224 2446/2445/2231 2442/2441/2227
f 2447/2446/2232 2443/2442/2228 2444/2443/2229
f 2443/2442/2228 2447/2446/2232 2445/2444/2230
f 2448/2447/2233 2444/2443/2229 2446/2445/2231
f 2444/2443/2229 2448/2447/2233 2447/2446/2232
f 1920/1919/1809 2445/2444/2230 2449/2448/2234
f 1920/1919/1809 2449/2448/2234 1925/1924/1814
f 1925/1924/1814 2449/2448/2234 1930/1929/1818
f 2445/2444/2230 2447/2446/2232 2450/2449/2235
f 2445/2444/2230 2450/2449/2235 2449/2448/2234
f 2447/2446/2232 2448/2447/2233 2451/2450/2236
f 2450/2449/2235 2447/2446/2232 2451/2450/2236
f 2448/2447/2233 2452/2451/2237 2451/2450/2236
f 2448/2447/2233 2446/2445/2231 2452/2451/2237
f 2453/2452/2238 2450/2449/2235 2451/2450/2236
f 2451/2450/2236 2452/2451/2237 2453/2452/2238
f 2453/2452/2238 2449/2448/2234 2450/2449/2235
f 2446/2445/2231 2454/2453/2239 2452/2451/2237
f 2454/2453/2239 2453/2452/2238 2452/2451/2237
f 2454/2453/2239 2446/2445/2231 2437/2436/2224
f 2453/2452/2238 2455/2454/2240 2449/2448/2234
f 2455/2454/2240 2453/2452/2238 2454/2453/2239
f 2454/2453/2239 2437/2436/2224 2456/2455/2241
f 2456/2455/2241 2455/2454/2240 2454/2453/2239
f 2440/2439/1304 2456/2455/2241 2437/2436/2224
f 2457/2456/2242 2455/2454/2240 2456/2455/2241
f 2456/2455/2241 2440/2439/1304 2457/2456/2242
f 2449/2448/2234 2455/2454/2240 2458/2457/2243
f 2458/2457/2243 2455/2454/2240 2457/2456/2242
f 2458/2457/2243 2457/2456/2242 2440/2439/1304
f 2449/2448/2234 2458/2457/2243 1930/1929/1818
f 2458/2457/2243 2440/2439/1304 2459/2458/2244
f 2458/2457/2243 2459/2458/2244 1930/1929/1818
f 2460/2459/2245 2461/2460/2246 2462/2461/2247
f 2461/2460/2246 2463/2462/2248 2462/2461/2247
f 2462/2461/2247 2463/2462/2248 2464/2463/2249
f 2461/2460/2246 2465/2464/2250 2463/2462/2248
f 2464/2463/2249 2463/2462/2248 2466/2465/2251
f 2466/2465/2251 2463/2462/2248 2467/2466/2252
f 2463/2462/2248 2465/2464/2250 2467/2466/2252
f 2467/2466/2252 2468/2467/2253 2466/2465/2251
f 2468/2467/2253 2467/2466/2252 2469/2468/2254
f 2465/2464/2250 2470/2469/2255 2467/2466/2252
f 2467/2466/2252 2470/2469/2255 2469/2468/2254
f 2471/2470/2256 2470/2469/2255 2465/2464/2250
f 2471/2470/2256 2472/2471/1443 2470/2469/2255
f 2473/2472/1444 2470/2469/2255 2472/2471/1443
f 2474/2473/2257 2470/2469/2255 2473/2472/1444
f 2469/2468/2254 2470/2469/2255 2474/2473/2257
f 2475/2474/2258 2469/2468/2254 2476/2475/2259
f 2476/2475/2259 2469/2468/2254 2474/2473/2257
f 2477/2476/2260 2476/2475/2259 2474/2473/2257
f 2477/2476/2260 2474/2473/2257 2478/2477/2261
f 2479/2478/2262 2480/2479/2263 2481/2480/2264
f 2481/2480/2264 2480/2479/2263 2482/2481/2265
f 2481/2480/2264 2482/2481/2265 2483/2482/2266
f 2484/2483/2267 2481/2480/2264 2483/2482/2266
f 2485/2484/2268 2481/2480/2264 2484/2483/2267
f 2486/2485/2258 2485/2484/2268 2484/2483/2267
f 2486/2485/2258 2484/2483/2267 2487/2486/2269
f 2488/2487/2270 2487/2486/2269 2484/2483/2267
f 2489/2488/2271 2488/2487/2270 2484/2483/2267
f 2489/2488/2271 2484/2483/2267 2483/2482/2266
f 2490/2489/2251 2488/2487/2270 2489/2488/2271
f 2483/2482/2266 2491/2490/2272 2489/2488/2271
f 2491/2490/2272 2490/2489/2251 2489/2488/2271
f 2490/2489/2251 2492/2491/2273 2493/2492/2249
f 2492/2491/2273 2490/2489/2251 2494/2493/2274
f 2490/2489/2251 2491/2490/2272 2494/2493/2274
f 2494/2493/2274 2495/2494/2275 2492/2491/2273
f 2494/2493/2274 2496/2495/2276 2495/2494/2275
f 2497/2496/2277 2491/2490/2272 2483/2482/2266
f 2483/2482/2266 2482/2481/2265 2497/2496/2277
f 2494/2493/2274 2491/2490/2272 2498/2497/2278
f 2497/2496/2277 2498/2497/2278 2491/2490/2272
f 2499/2498/2279 2496/2495/2276 2494/2493/2274
f 2498/2497/2278 2499/2498/2279 2494/2493/2274
f 2500/2499/2263 2496/2495/2276 2499/2498/2279
f 2501/2500/2280 2499/2498/2279 2498/2497/2278
f 2501/2500/2280 2498/2497/2278 2497/2496/2277
f 2501/2500/2280 2502/2501/2281 2499/2498/2279
f 2502/2501/2281 2501/2500/2280 2503/2502/1022
f 2501/2500/2280 2497/2496/2277 2504/2503/2282
f 2501/2500/2280 2504/2503/2282 2503/2502/1022
f 2497/2496/2277 2482/2481/2265 2504/2503/2282
f 2504/2503/2282 2482/2481/2265 2503/2502/1022
f 2505/2504/2283 2506/2505/2284 2507/2506/2285
f 2505/2504/2283 2508/2507/2286 2506/2505/2284
f 2506/2505/2284 2508/2507/2286 2509/2508/2287
f 2508/2507/2286 2510/2509/2288 2509/2508/2287
f 2511/2510/1991 2510/2509/2288 2512/2511/1990
f 2510/2509/2288 2511/2510/1991 2509/2508/2287
f 2509/2508/2287 2513/2512/2289 2506/2505/2284
f 2509/2508/2287 2511/2510/1991 2514/2513/2290
f 2506/2505/2284 2513/2512/2289 2515/2514/2291
f 2506/2505/2284 2515/2514/2291 2516/2515/2292
f 2516/2515/2292 2515/2514/2291 2517/2516/2293
f 2518/2517/2294 2514/2513/2290 2511/2510/1991
f 2519/2518/1992 2518/2517/2294 2511/2510/1991
f 2520/2519/2295 2518/2517/2294 2519/2518/1992
f 2517/2516/2293 2521/2520/2296 2522/2521/2297
f 2520/2519/2295 2523/2522/2298 2518/2517/2294
f 2521/2520/2296 2517/2516/2293 2524/2523/2299
f 2524/2523/2299 2517/2516/2293 2515/2514/2291
f 2518/2517/2294 2523/2522/2298 2525/2524/2300
f 2518/2517/2294 2525/2524/2300 2514/2513/2290
f 2520/2519/2295 2526/2525/2301 2523/2522/2298
f 2527/2526/1998 2526/2525/2301 2520/2519/2295
f 2514/2513/2290 2525/2524/2300 2528/2527/2302
f 2509/2508/2287 2514/2513/2290 2528/2527/2302
f 2509/2508/2287 2528/2527/2302 2513/2512/2289
f 2527/2526/1998 2529/2528/2303 2526/2525/2301
f 2530/2529/1999 2529/2528/2303 2527/2526/1998
f 2531/2530/2304 2529/2528/2303 2530/2529/1999
f 2526/2525/2301 2532/2531/2305 2523/2522/2298
f 2529/2528/2303 2533/2532/2306 2526/2525/2301
f 2532/2531/2305 2526/2525/2301 2533/2532/2306
f 2534/2533/2307 2523/2522/2298 2532/2531/2305
f 2525/2524/2300 2523/2522/2298 2534/2533/2307
f 2532/2531/2305 2533/2532/2306 2535/2534/2308
f 2535/2534/2308 2534/2533/2307 2532/2531/2305
f 2534/2533/2307 2536/2535/2309 2525/2524/2300
f 2525/2524/2300 2536/2535/2309 2528/2527/2302
f 2537/2536/2310 2534/2533/2307 2535/2534/2308
f 2537/2536/2310 2536/2535/2309 2534/2533/2307
f 2538/2537/2311 2537/2536/2310 2535/2534/2308
f 2538/2537/2311 2536/2535/2309 2537/2536/2310
f 2533/2532/2306 2538/2537/2311 2535/2534/2308
f 2528/2527/2302 2536/2535/2309 2539/2538/2312
f 2539/2538/2312 2536/2535/2309 2538/2537/2311
f 2513/2512/2289 2528/2527/2302 2539/2538/2312
f 2533/2532/2306 2540/2539/2313 2538/2537/2311
f 2529/2528/2303 2540/2539/2313 2533/2532/2306
f 2539/2538/2312 2538/2537/2311 2541/2540/2314
f 2541/2540/2314 2538/2537/2311 2540/2539/2313
f 2541/2540/2314 2542/2541/2315 2539/2538/2312
f 2541/2540/2314 2543/2542/2316 2542/2541/2315
f 2542/2541/2315 2513/2512/2289 2539/2538/2312
f 2544/2543/2317 2540/2539/2313 2529/2528/2303
f 2544/2543/2317 2529/2528/2303 2531/2530/2304
f 2544/2543/2317 2543/2542/2316 2540/2539/2313
f 2545/2544/2318 2513/2512/2289 2542/2541/2315
f 2542/2541/2315 2543/2542/2316 2545/2544/2318
f 2515/2514/2291 2513/2512/2289 2545/2544/2318
f 2546/2545/2319 2543/2542/2316 2544/2543/2317
f 2545/2544/2318 2543/2542/2316 2546/2545/2319
f 2515/2514/2291 2545/2544/2318 2547/2546/2320
f 2524/2523/2299 2515/2514/2291 2547/2546/2320
f 2545/2544/2318 2548/2547/2321 2547/2546/2320
f 2548/2547/2321 2545/2544/2318 2549/2548/2322
f 2549/2548/2322 2547/2546/2320 2548/2547/2321
f 2549/2548/2322 2524/2523/2299 2547/2546/2320
f 2545/2544/2318 2546/2545/2319 2549/2548/2322
f 2549/2548/2322 2550/2549/2323 2524/2523/2299
f 2550/2549/2323 2521/2520/2296 2524/2523/2299
f 2550/2549/2323 2551/2550/2324 2521/2520/2296
f 2550/2549/2323 2552/2551/2325 2551/2550/2324
f 2550/2549/2323 2553/2552/2326 2552/2551/2325
f 2554/2553/589 2553/2552/2326 2550/2549/2323
f 2550/2549/2323 2549/2548/2322 2554/2553/589
f 2554/2553/589 2549/2548/2322 2555/2554/2327
f 2549/2548/2322 2556/2555/2328 2555/2554/2327
f 2549/2548/2322 2557/2556/2329 2556/2555/2328
f 2546/2545/2319 2557/2556/2329 2549/2548/2322
f 2557/2556/2329 2558/2557/595 2556/2555/2328
f 2558/2557/595 2557/2556/2329 2559/2558/2330
f 2559/2558/2330 2557/2556/2329 2560/2559/2331
f 2557/2556/2329 2546/2545/2319 2560/2559/2331
f 2561/2560/2332 2559/2558/2330 2560/2559/2331
f 2562/2561/2333 2560/2559/2331 2546/2545/2319
f 2563/2562/2334 2561/2560/2332 2560/2559/2331
f 2564/2563/2335 2561/2560/2332 2563/2562/2334
f 2564/2563/2335 2563/2562/2334 2565/2564/551
f 2566/2565/2336 2563/2562/2334 2560/2559/2331
f 2560/2559/2331 2562/2561/2333 2566/2565/2336
f 2563/2562/2334 2567/2566/2337 2565/2564/551
f 2563/2562/2334 2566/2565/2336 2567/2566/2337
f 2568/2567/2338 2562/2561/2333 2546/2545/2319
f 2546/2545/2319 2544/2543/2317 2568/2567/2338
f 2544/2543/2317 2531/2530/2304 2568/2567/2338
f 2568/2567/2338 2569/2568/2339 2562/2561/2333
f 2562/2561/2333 2569/2568/2339 2566/2565/2336
f 2568/2567/2338 2531/2530/2304 2570/2569/2340
f 2570/2569/2340 2569/2568/2339 2568/2567/2338
f 2567/2566/2337 2566/2565/2336 2571/2570/2341
f 2569/2568/2339 2572/2571/2342 2566/2565/2336
f 2572/2571/2342 2571/2570/2341 2566/2565/2336
f 2572/2571/2342 2569/2568/2339 2573/2572/2343
f 2569/2568/2339 2570/2569/2340 2573/2572/2343
f 2574/2573/2344 2571/2570/2341 2572/2571/2342
f 2567/2566/2337 2571/2570/2341 2574/2573/2344
f 2572/2571/2342 2573/2572/2343 2575/2574/2345
f 2574/2573/2344 2572/2571/2342 2575/2574/2345
f 2573/2572/2343 2570/2569/2340 2576/2575/2346
f 2573/2572/2343 2576/2575/2346 2575/2574/2345
f 2576/2575/2346 2570/2569/2340 2577/2576/2347
f 2578/2577/2348 2575/2574/2345 2576/2575/2346
f 2576/2575/2346 2577/2576/2347 2578/2577/2348
f 2577/2576/2347 2570/2569/2340 2579/2578/2349
f 2570/2569/2340 2531/2530/2304 2579/2578/2349
f 2578/2577/2348 2577/2576/2347 2579/2578/2349
f 2580/2579/2004 2579/2578/2349 2531/2530/2304
f 2581/2580/2009 2579/2578/2349 2580/2579/2004
f 2581/2580/2009 2582/2581/2350 2579/2578/2349
f 2579/2578/2349 2582/2581/2350 2583/2582/2351
f 2583/2582/2351 2578/2577/2348 2579/2578/2349
f 2583/2582/2351 2582/2581/2350 2584/2583/2352
f 2583/2582/2351 2584/2583/2352 2585/2584/2353
f 2578/2577/2348 2583/2582/2351 2585/2584/2353
f 2586/2585/2354 2585/2584/2353 2584/2583/2352
f 2587/2586/2355 2578/2577/2348 2585/2584/2353
f 2588/2587/2356 2585/2584/2353 2586/2585/2354
f 2585/2584/2353 2588/2587/2356 2587/2586/2355
f 2587/2586/2355 2589/2588/2357 2578/2577/2348
f 2578/2577/2348 2589/2588/2357 2575/2574/2345
f 2588/2587/2356 2586/2585/2354 2590/2589/2358
f 2590/2589/2358 2586/2585/2354 2591/2590/2359
f 2575/2574/2345 2589/2588/2357 2592/2591/2360
f 2575/2574/2345 2592/2591/2360 2574/2573/2344
f 2587/2586/2355 2593/2592/2361 2589/2588/2357
f 2592/2591/2360 2589/2588/2357 2594/2593/2362
f 2594/2593/2362 2589/2588/2357 2593/2592/2361
f 2593/2592/2361 2587/2586/2355 2595/2594/2363
f 2588/2587/2356 2595/2594/2363 2587/2586/2355
f 2593/2592/2361 2596/2595/2364 2594/2593/2362
f 2596/2595/2364 2593/2592/2361 2595/2594/2363
f 2597/2596/2365 2592/2591/2360 2594/2593/2362
f 2597/2596/2365 2594/2593/2362 2596/2595/2364
f 2588/2587/2356 2598/2597/2366 2595/2594/2363
f 2598/2597/2366 2588/2587/2356 2590/2589/2358
f 2595/2594/2363 2598/2597/2366 2599/2598/2367
f 2595/2594/2363 2599/2598/2367 2600/2599/2368
f 2595/2594/2363 2600/2599/2368 2596/2595/2364
f 2599/2598/2367 2598/2597/2366 2601/2600/2369
f 2599/2598/2367 2601/2600/2369 2600/2599/2368
f 2601/2600/2369 2598/2597/2366 2590/2589/2358
f 2596/2595/2364 2600/2599/2368 2602/2601/2370
f 2597/2596/2365 2596/2595/2364 2603/2602/2371
f 2596/2595/2364 2604/2603/2372 2603/2602/2371
f 2603/2602/2371 2604/2603/2372 2597/2596/2365
f 2596/2595/2364 2602/2601/2370 2604/2603/2372
f 2604/2603/2372 2605/2604/2373 2597/2596/2365
f 2597/2596/2365 2605/2604/2373 2592/2591/2360
f 2604/2603/2372 2602/2601/2370 2606/2605/2374
f 2605/2604/2373 2604/2603/2372 2606/2605/2374
f 2592/2591/2360 2605/2604/2373 2607/2606/2375
f 2607/2606/2375 2574/2573/2344 2592/2591/2360
f 2606/2605/2374 2608/2607/2376 2605/2604/2373
f 2608/2607/2376 2607/2606/2375 2605/2604/2373
f 2606/2605/2374 2602/2601/2370 2609/2608/2377
f 2609/2608/2377 2608/2607/2376 2606/2605/2374
f 2600/2599/2368 2610/2609/2378 2602/2601/2370
f 2610/2609/2378 2609/2608/2377 2602/2601/2370
f 2600/2599/2368 2601/2600/2369 2610/2609/2378
f 2609/2608/2377 2611/2610/2379 2608/2607/2376
f 2608/2607/2376 2611/2610/2379 2607/2606/2375
f 2611/2610/2379 2609/2608/2377 2612/2611/2380
f 2574/2573/2344 2607/2606/2375 2613/2612/2381
f 2613/2612/2381 2607/2606/2375 2611/2610/2379
f 2612/2611/2380 2609/2608/2377 2614/2613/2382
f 2610/2609/2378 2614/2613/2382 2609/2608/2377
f 2615/2614/2383 2611/2610/2379 2612/2611/2380
f 2615/2614/2383 2612/2611/2380 2614/2613/2382
f 2613/2612/2381 2611/2610/2379 2616/2615/2384
f 2616/2615/2384 2611/2610/2379 2615/2614/2383
f 2613/2612/2381 2616/2615/2384 2617/2616/2385
f 2617/2616/2385 2616/2615/2384 2615/2614/2383
f 2618/2617/2386 2574/2573/2344 2613/2612/2381
f 2613/2612/2381 2617/2616/2385 2618/2617/2386
f 2618/2617/2386 2567/2566/2337 2574/2573/2344
f 2565/2564/551 2567/2566/2337 2618/2617/2386
f 2565/2564/551 2618/2617/2386 2619/2618/2387
f 2619/2618/2387 2618/2617/2386 2620/2619/2388
f 2621/2620/2389 2618/2617/2386 2617/2616/2385
f 2620/2619/2388 2618/2617/2386 2621/2620/2389
f 2615/2614/2383 2621/2620/2389 2617/2616/2385
f 2615/2614/2383 2614/2613/2382 2621/2620/2389
f 2620/2619/2388 2621/2620/2389 2622/2621/2390
f 2614/2613/2382 2623/2622/2391 2621/2620/2389
f 2623/2622/2391 2622/2621/2390 2621/2620/2389
f 2623/2622/2391 2614/2613/2382 2610/2609/2378
f 2624/2623/2392 2622/2621/2390 2623/2622/2391
f 2625/2624/2393 2624/2623/2392 2623/2622/2391
f 2623/2622/2391 2626/2625/559 2625/2624/2393
f 2627/2626/2394 2626/2625/559 2623/2622/2391
f 2623/2622/2391 2628/2627/2395 2627/2626/2394
f 2628/2627/2395 2629/2628/2396 2627/2626/2394
f 2629/2628/2396 2628/2627/2395 2630/2629/2397
f 2610/2609/2378 2631/2630/2398 2623/2622/2391
f 2631/2630/2398 2628/2627/2395 2623/2622/2391
f 2628/2627/2395 2632/2631/2399 2630/2629/2397
f 2633/2632/565 2630/2629/2397 2632/2631/2399
f 2634/2633/2400 2631/2630/2398 2610/2609/2378
f 2634/2633/2400 2610/2609/2378 2601/2600/2369
f 2635/2634/2401 2633/2632/565 2632/2631/2399
f 2636/2635/2402 2633/2632/565 2635/2634/2401
f 2636/2635/2402 2637/2636/566 2633/2632/565
f 2635/2634/2401 2632/2631/2399 2638/2637/2403
f 2635/2634/2401 2638/2637/2403 2636/2635/2402
f 2639/2638/2404 2637/2636/566 2636/2635/2402
f 2637/2636/566 2639/2638/2404 2640/2639/2405
f 2640/2639/2405 2639/2638/2404 2641/2640/573
f 2642/2641/2406 2636/2635/2402 2638/2637/2403
f 2639/2638/2404 2636/2635/2402 2642/2641/2406
f 2641/2640/573 2639/2638/2404 2643/2642/2407
f 2643/2642/2407 2644/2643/2408 2641/2640/573
f 2643/2642/2407 2645/2644/2409 2644/2643/2408
f 2646/2645/2410 2643/2642/2407 2639/2638/2404
f 2643/2642/2407 2647/2646/2411 2645/2644/2409
f 2645/2644/2409 2647/2646/2411 2648/2647/2412
f 2649/2648/2413 2648/2647/2412 2647/2646/2411
f 2650/2649/2414 2649/2648/2413 2647/2646/2411
f 2643/2642/2407 2651/2650/2415 2647/2646/2411
f 2643/2642/2407 2646/2645/2410 2651/2650/2415
f 2647/2646/2411 2652/2651/2416 2650/2649/2414
f 2652/2651/2416 2653/2652/2417 2650/2649/2414
f 2654/2653/2418 2653/2652/2417 2652/2651/2416
f 2655/2654/2419 2647/2646/2411 2651/2650/2415
f 2655/2654/2419 2652/2651/2416 2647/2646/2411
f 2652/2651/2416 2656/2655/2420 2654/2653/2418
f 2654/2653/2418 2656/2655/2420 2657/2656/905
f 2656/2655/2420 2658/2657/900 2657/2656/905
f 2652/2651/2416 2659/2658/2421 2656/2655/2420
f 2656/2655/2420 2659/2658/2421 2658/2657/900
f 2652/2651/2416 2655/2654/2419 2659/2658/2421
f 2651/2650/2415 2660/2659/2422 2655/2654/2419
f 2660/2659/2422 2659/2658/2421 2655/2654/2419
f 2651/2650/2415 2646/2645/2410 2660/2659/2422
f 2661/2660/2423 2658/2657/900 2659/2658/2421
f 2659/2658/2421 2660/2659/2422 2662/2661/2424
f 2662/2661/2424 2661/2660/2423 2659/2658/2421
f 2660/2659/2422 2646/2645/2410 2663/2662/2425
f 2658/2657/900 2661/2660/2423 2664/2663/2426
f 2665/2664/897 2658/2657/900 2664/2663/2426
f 2665/2664/897 2664/2663/2426 2666/2665/2427
f 2667/2666/2428 2664/2663/2426 2661/2660/2423
f 2668/2667/2429 2666/2665/2427 2664/2663/2426
f 2668/2667/2429 2664/2663/2426 2667/2666/2428
f 2668/2667/2429 2669/2668/891 2666/2665/2427
f 2661/2660/2423 2670/2669/2430 2667/2666/2428
f 2661/2660/2423 2662/2661/2424 2670/2669/2430
f 2667/2666/2428 2671/2670/2431 2668/2667/2429
f 2670/2669/2430 2671/2670/2431 2667/2666/2428
f 2672/2671/2432 2669/2668/891 2668/2667/2429
f 2668/2667/2429 2671/2670/2431 2672/2671/2432
f 2673/2672/2433 2669/2668/891 2672/2671/2432
f 2672/2671/2432 2674/2673/2434 2673/2672/2433
f 2672/2671/2432 2671/2670/2431 2675/2674/2435
f 2674/2673/2434 2672/2671/2432 2676/2675/2436
f 2676/2675/2436 2672/2671/2432 2675/2674/2435
f 2676/2675/2436 2677/2676/896 2674/2673/2434
f 2671/2670/2431 2678/2677/2437 2675/2674/2435
f 2678/2677/2437 2676/2675/2436 2675/2674/2435
f 2671/2670/2431 2670/2669/2430 2678/2677/2437
f 2679/2678/2438 2677/2676/896 2676/2675/2436
f 2676/2675/2436 2678/2677/2437 2679/2678/2438
f 2679/2678/2438 2680/2679/2439 2677/2676/896
f 2680/2679/2439 2681/2680/2440 2677/2676/896
f 2680/2679/2439 2682/2681/902 2681/2680/2440
f 2683/2682/938 2684/2683/2441 2682/2681/902
f 2685/2684/2442 2683/2682/938 2682/2681/902
f 2680/2679/2439 2685/2684/2442 2682/2681/902
f 2683/2682/938 2685/2684/2442 2686/2685/2443
f 2680/2679/2439 2679/2678/2438 2687/2686/2444
f 2680/2679/2439 2687/2686/2444 2685/2684/2442
f 2686/2685/2443 2685/2684/2442 2688/2687/2445
f 2688/2687/2445 2685/2684/2442 2687/2686/2444
f 2686/2685/2443 2688/2687/2445 2689/2688/936
f 2689/2688/936 2688/2687/2445 2690/2689/2446
f 2689/2688/936 2690/2689/2446 2691/2690/2447
f 2690/2689/2446 2688/2687/2445 2692/2691/2448
f 2688/2687/2445 2687/2686/2444 2692/2691/2448
f 2693/2692/2449 2691/2690/2447 2690/2689/2446
f 2693/2692/2449 2690/2689/2446 2692/2691/2448
f 2694/2693/775 2691/2690/2447 2693/2692/2449
f 2695/2694/2450 2693/2692/2449 2692/2691/2448
f 2687/2686/2444 2695/2694/2450 2692/2691/2448
f 2696/2695/2451 2694/2693/775 2693/2692/2449
f 2697/2696/2452 2694/2693/775 2696/2695/2451
f 2696/2695/2451 2698/2697/2453 2697/2696/2452
f 2699/2698/2454 2693/2692/2449 2695/2694/2450
f 2693/2692/2449 2699/2698/2454 2696/2695/2451
f 2696/2695/2451 2700/2699/2455 2698/2697/2453
f 2696/2695/2451 2699/2698/2454 2700/2699/2455
f 2698/2697/2453 2700/2699/2455 2701/2700/779
f 2700/2699/2455 2702/2701/780 2701/2700/779
f 2703/2702/2456 2702/2701/780 2700/2699/2455
f 2704/2703/2457 2702/2701/780 2703/2702/2456
f 2703/2702/2456 2700/2699/2455 2705/2704/2458
f 2704/2703/2457 2703/2702/2456 2705/2704/2458
f 2700/2699/2455 2706/2705/2459 2705/2704/2458
f 2706/2705/2459 2700/2699/2455 2699/2698/2454
f 2705/2704/2458 2707/2706/2460 2704/2703/2457
f 2704/2703/2457 2707/2706/2460 2591/2590/2359
f 2591/2590/2359 2707/2706/2460 2590/2589/2358
f 2705/2704/2458 2708/2707/2461 2707/2706/2460
f 2709/2708/2462 2590/2589/2358 2707/2706/2460
f 2708/2707/2461 2709/2708/2462 2707/2706/2460
f 2709/2708/2462 2601/2600/2369 2590/2589/2358
f 2710/2709/2463 2708/2707/2461 2705/2704/2458
f 2709/2708/2462 2708/2707/2461 2710/2709/2463
f 2705/2704/2458 2706/2705/2459 2710/2709/2463
f 2711/2710/2464 2601/2600/2369 2709/2708/2462
f 2712/2711/2465 2710/2709/2463 2706/2705/2459
f 2711/2710/2464 2634/2633/2400 2601/2600/2369
f 2706/2705/2459 2699/2698/2454 2712/2711/2465
f 2709/2708/2462 2710/2709/2463 2713/2712/2466
f 2710/2709/2463 2712/2711/2465 2713/2712/2466
f 2709/2708/2462 2713/2712/2466 2711/2710/2464
f 2712/2711/2465 2714/2713/2467 2713/2712/2466
f 2713/2712/2466 2715/2714/2468 2711/2710/2464
f 2715/2714/2468 2713/2712/2466 2714/2713/2467
f 2716/2715/2469 2711/2710/2464 2715/2714/2468
f 2634/2633/2400 2711/2710/2464 2716/2715/2469
f 2716/2715/2469 2715/2714/2468 2717/2716/2470
f 2717/2716/2470 2715/2714/2468 2714/2713/2467
f 2716/2715/2469 2717/2716/2470 2718/2717/2471
f 2714/2713/2467 2718/2717/2471 2717/2716/2470
f 2719/2718/2472 2634/2633/2400 2716/2715/2469
f 2718/2717/2471 2719/2718/2472 2716/2715/2469
f 2714/2713/2467 2720/2719/2473 2718/2717/2471
f 2718/2717/2471 2720/2719/2473 2719/2718/2472
f 2720/2719/2473 2714/2713/2467 2721/2720/2474
f 2720/2719/2473 2721/2720/2474 2719/2718/2472
f 2722/2721/2475 2714/2713/2467 2712/2711/2465
f 2721/2720/2474 2714/2713/2467 2722/2721/2475
f 2712/2711/2465 2699/2698/2454 2722/2721/2475
f 2723/2722/2476 2634/2633/2400 2719/2718/2472
f 2723/2722/2476 2719/2718/2472 2721/2720/2474
f 2634/2633/2400 2723/2722/2476 2631/2630/2398
f 2722/2721/2475 2724/2723/2477 2721/2720/2474
f 2725/2724/2478 2723/2722/2476 2721/2720/2474
f 2721/2720/2474 2724/2723/2477 2725/2724/2478
f 2631/2630/2398 2723/2722/2476 2726/2725/2479
f 2726/2725/2479 2723/2722/2476 2725/2724/2478
f 2722/2721/2475 2727/2726/2480 2724/2723/2477
f 2727/2726/2480 2722/2721/2475 2699/2698/2454
f 2728/2727/2481 2725/2724/2478 2724/2723/2477
f 2725/2724/2478 2728/2727/2481 2726/2725/2479
f 2727/2726/2480 2728/2727/2481 2724/2723/2477
f 2631/2630/2398 2726/2725/2479 2729/2728/2482
f 2628/2627/2395 2631/2630/2398 2729/2728/2482
f 2730/2729/2483 2726/2725/2479 2728/2727/2481
f 2628/2627/2395 2729/2728/2482 2731/2730/2484
f 2628/2627/2395 2731/2730/2484 2632/2631/2399
f 2726/2725/2479 2732/2731/2485 2729/2728/2482
f 2726/2725/2479 2730/2729/2483 2732/2731/2485
f 2731/2730/2484 2729/2728/2482 2733/2732/2486
f 2732/2731/2485 2733/2732/2486 2729/2728/2482
f 2730/2729/2483 2734/2733/2487 2732/2731/2485
f 2732/2731/2485 2734/2733/2487 2733/2732/2486
f 2734/2733/2487 2730/2729/2483 2728/2727/2481
f 2733/2732/2486 2734/2733/2487 2731/2730/2484
f 2728/2727/2481 2735/2734/2488 2734/2733/2487
f 2734/2733/2487 2735/2734/2488 2731/2730/2484
f 2632/2631/2399 2731/2730/2484 2735/2734/2488
f 2735/2734/2488 2728/2727/2481 2727/2726/2480
f 2638/2637/2403 2632/2631/2399 2735/2734/2488
f 2735/2734/2488 2736/2735/2489 2638/2637/2403
f 2735/2734/2488 2727/2726/2480 2736/2735/2489
f 2736/2735/2489 2642/2641/2406 2638/2637/2403
f 2737/2736/2490 2736/2735/2489 2727/2726/2480
f 2737/2736/2490 2642/2641/2406 2736/2735/2489
f 2737/2736/2490 2727/2726/2480 2738/2737/2491
f 2739/2738/2492 2642/2641/2406 2737/2736/2490
f 2737/2736/2490 2738/2737/2491 2739/2738/2492
f 2727/2726/2480 2740/2739/2493 2738/2737/2491
f 2727/2726/2480 2699/2698/2454 2740/2739/2493
f 2741/2740/2494 2738/2737/2491 2740/2739/2493
f 2741/2740/2494 2740/2739/2493 2699/2698/2454
f 2739/2738/2492 2738/2737/2491 2741/2740/2494
f 2699/2698/2454 2742/2741/2495 2741/2740/2494
f 2741/2740/2494 2742/2741/2495 2739/2738/2492
f 2699/2698/2454 2695/2694/2450 2742/2741/2495
f 2687/2686/2444 2742/2741/2495 2695/2694/2450
f 2739/2738/2492 2742/2741/2495 2687/2686/2444
f 2739/2738/2492 2743/2742/2496 2642/2641/2406
f 2743/2742/2496 2639/2638/2404 2642/2641/2406
f 2743/2742/2496 2646/2645/2410 2639/2638/2404
f 2646/2645/2410 2743/2742/2496 2663/2662/2425
f 2687/2686/2444 2744/2743/2497 2739/2738/2492
f 2739/2738/2492 2744/2743/2497 2743/2742/2496
f 2745/2744/2498 2744/2743/2497 2687/2686/2444
f 2679/2678/2438 2745/2744/2498 2687/2686/2444
f 2679/2678/2438 2678/2677/2437 2745/2744/2498
f 2744/2743/2497 2746/2745/2499 2743/2742/2496
f 2747/2746/2500 2745/2744/2498 2678/2677/2437
f 2745/2744/2498 2748/2747/2501 2744/2743/2497
f 2745/2744/2498 2747/2746/2500 2748/2747/2501
f 2678/2677/2437 2749/2748/2502 2747/2746/2500
f 2749/2748/2502 2748/2747/2501 2747/2746/2500
f 2749/2748/2502 2678/2677/2437 2750/2749/2503
f 2748/2747/2501 2749/2748/2502 2750/2749/2503
f 2670/2669/2430 2750/2749/2503 2678/2677/2437
f 2744/2743/2497 2748/2747/2501 2751/2750/2504
f 2751/2750/2504 2748/2747/2501 2750/2749/2503
f 2744/2743/2497 2751/2750/2504 2746/2745/2499
f 2752/2751/2505 2751/2750/2504 2750/2749/2503
f 2746/2745/2499 2751/2750/2504 2752/2751/2505
f 2750/2749/2503 2670/2669/2430 2753/2752/2506
f 2750/2749/2503 2753/2752/2506 2752/2751/2505
f 2670/2669/2430 2754/2753/2507 2753/2752/2506
f 2754/2753/2507 2670/2669/2430 2662/2661/2424
f 2662/2661/2424 2755/2754/2508 2754/2753/2507
f 2753/2752/2506 2754/2753/2507 2755/2754/2508
f 2660/2659/2422 2755/2754/2508 2662/2661/2424
f 2663/2662/2425 2755/2754/2508 2660/2659/2422
f 2753/2752/2506 2755/2754/2508 2756/2755/2509
f 2755/2754/2508 2663/2662/2425 2756/2755/2509
f 2752/2751/2505 2753/2752/2506 2756/2755/2509
f 2756/2755/2509 2663/2662/2425 2757/2756/2510
f 2758/2757/2511 2752/2751/2505 2756/2755/2509
f 2758/2757/2511 2756/2755/2509 2757/2756/2510
f 2759/2758/2512 2752/2751/2505 2758/2757/2511
f 2758/2757/2511 2757/2756/2510 2759/2758/2512
f 2746/2745/2499 2752/2751/2505 2759/2758/2512
f 2743/2742/2496 2746/2745/2499 2759/2758/2512
f 2757/2756/2510 2663/2662/2425 2760/2759/2513
f 2759/2758/2512 2757/2756/2510 2760/2759/2513
f 2743/2742/2496 2760/2759/2513 2663/2662/2425
f 2759/2758/2512 2760/2759/2513 2743/2742/2496
f 2761/2760/2514 2762/2761/2515 2763/2762/2516
f 2763/2762/2516 2764/2763/1535 2761/2760/2514
f 2761/2760/2514 2764/2763/1535 2765/2764/2517
f 2764/2763/1535 2766/2765/2518 2765/2764/2517
f 2761/2760/2514 2765/2764/2517 2767/2766/2519
f 2766/2765/2518 2768/2767/2520 2765/2764/2517
f 2767/2766/2519 2765/2764/2517 2769/2768/2521
f 2768/2767/2520 2766/2765/2518 2770/2769/2522
f 2770/2769/2522 2766/2765/2518 2771/2770/1624
f 2765/2764/2517 2772/2771/2523 2769/2768/2521
f 2768/2767/2520 2772/2771/2523 2765/2764/2517
f 2767/2766/2519 2769/2768/2521 2772/2771/2523
f 2771/2770/1624 2773/2772/2524 2770/2769/2522
f 2774/2773/1620 2773/2772/2524 2771/2770/1624
f 2770/2769/2522 2775/2774/2525 2768/2767/2520
f 2768/2767/2520 2775/2774/2525 2772/2771/2523
f 2773/2772/2524 2776/2775/2526 2770/2769/2522
f 2776/2775/2526 2775/2774/2525 2770/2769/2522
f 2777/2776/2527 2773/2772/2524 2774/2773/1620
f 2773/2772/2524 2777/2776/2527 2776/2775/2526
f 2777/2776/2527 2774/2773/1620 2778/2777/1617
f 2778/2777/1617 2779/2778/2528 2777/2776/2527
f 2778/2777/1617 2780/2779/2529 2779/2778/2528
f 2781/2780/2530 2779/2778/2528 2780/2779/2529
f 2781/2780/2530 2782/2781/2531 2779/2778/2528
f 2783/2782/2532 2777/2776/2527 2779/2778/2528
f 2776/2775/2526 2777/2776/2527 2783/2782/2532
f 2782/2781/2531 2784/2783/2533 2779/2778/2528
f 2784/2783/2533 2783/2782/2532 2779/2778/2528
f 2782/2781/2531 2785/2784/18 2784/2783/2533
f 2783/2782/2532 2786/2785/2534 2776/2775/2526
f 2786/2785/2534 2783/2782/2532 2784/2783/2533
f 2785/2784/18 2787/2786/2535 2784/2783/2533
f 2788/2787/1721 2787/2786/2535 2785/2784/18
f 2786/2785/2534 2784/2783/2533 2789/2788/2536
f 2789/2788/2536 2784/2783/2533 2787/2786/2535
f 2790/2789/2537 2776/2775/2526 2786/2785/2534
f 2790/2789/2537 2775/2774/2525 2776/2775/2526
f 2789/2788/2536 2791/2790/2538 2786/2785/2534
f 2786/2785/2534 2791/2790/2538 2790/2789/2537
f 2787/2786/2535 2792/2791/2539 2789/2788/2536
f 2789/2788/2536 2792/2791/2539 2791/2790/2538
f 2793/2792/2540 2787/2786/2535 2788/2787/1721
f 2793/2792/2540 2792/2791/2539 2787/2786/2535
f 2788/2787/1721 2794/2793/1720 2793/2792/2540
f 2792/2791/2539 2795/2794/2541 2791/2790/2538
f 2795/2794/2541 2790/2789/2537 2791/2790/2538
f 2793/2792/2540 2796/2795/2542 2792/2791/2539
f 2797/2796/2543 2793/2792/2540 2794/2793/1720
f 2796/2795/2542 2793/2792/2540 2797/2796/2543
f 2794/2793/1720 2798/2797/2544 2797/2796/2543
f 2799/2798/1714 2797/2796/2543 2798/2797/2544
f 2796/2795/2542 2800/2799/2545 2792/2791/2539
f 2800/2799/2545 2796/2795/2542 2797/2796/2543
f 2800/2799/2545 2795/2794/2541 2792/2791/2539
f 2801/2800/2546 2797/2796/2543 2799/2798/1714
f 2797/2796/2543 2801/2800/2546 2800/2799/2545
f 2799/2798/1714 2802/2801/223 2801/2800/2546
f 2803/2802/222 2801/2800/2546 2802/2801/223
f 2804/2803/2547 2801/2800/2546 2803/2802/222
f 2801/2800/2546 2804/2803/2547 2800/2799/2545
f 2804/2803/2547 2803/2802/222 2805/2804/2548
f 2800/2799/2545 2806/2805/2549 2795/2794/2541
f 2805/2804/2548 2807/2806/2550 2804/2803/2547
f 2807/2806/2550 2805/2804/2548 2808/2807/217
f 2808/2807/217 2809/2808/2551 2807/2806/2550
f 2809/2808/2551 2810/2809/2552 2807/2806/2550
f 2800/2799/2545 2804/2803/2547 2811/2810/2553
f 2804/2803/2547 2807/2806/2550 2811/2810/2553
f 2800/2799/2545 2811/2810/2553 2806/2805/2549
f 2810/2809/2552 2812/2811/2554 2807/2806/2550
f 2813/2812/2555 2812/2811/2554 2810/2809/2552
f 2814/2813/2556 2811/2810/2553 2807/2806/2550
f 2814/2813/2556 2807/2806/2550 2812/2811/2554
f 2813/2812/2555 2815/2814/2557 2812/2811/2554
f 2813/2812/2555 2816/2815/2558 2815/2814/2557
f 2817/2816/2559 2815/2814/2557 2816/2815/2558
f 2814/2813/2556 2812/2811/2554 2818/2817/2560
f 2818/2817/2560 2812/2811/2554 2815/2814/2557
f 2817/2816/2559 2819/2818/2561 2815/2814/2557
f 2815/2814/2557 2819/2818/2561 2818/2817/2560
f 2819/2818/2561 2817/2816/2559 2820/2819/197
f 2814/2813/2556 2818/2817/2560 2821/2820/2562
f 2814/2813/2556 2821/2820/2562 2811/2810/2553
f 2822/2821/2563 2819/2818/2561 2820/2819/197
f 2823/2822/195 2822/2821/2563 2820/2819/197
f 2824/2823/2564 2818/2817/2560 2819/2818/2561
f 2824/2823/2564 2819/2818/2561 2822/2821/2563
f 2822/2821/2563 2823/2822/195 2825/2824/2565
f 2824/2823/2564 2822/2821/2563 2825/2824/2565
f 2826/2825/2566 2825/2824/2565 2823/2822/195
f 2827/2826/194 2826/2825/2566 2823/2822/195
f 2827/2826/194 2828/2827/671 2826/2825/2566
f 2828/2827/671 2829/2828/674 2826/2825/2566
f 2826/2825/2566 2829/2828/674 2830/2829/2567
f 2831/2830/2568 2824/2823/2564 2825/2824/2565
f 2831/2830/2568 2825/2824/2565 2826/2825/2566
f 2818/2817/2560 2824/2823/2564 2832/2831/2569
f 2832/2831/2569 2824/2823/2564 2831/2830/2568
f 2821/2820/2562 2818/2817/2560 2832/2831/2569
f 2833/2832/2570 2831/2830/2568 2826/2825/2566
f 2833/2832/2570 2826/2825/2566 2830/2829/2567
f 2834/2833/2571 2831/2830/2568 2833/2832/2570
f 2832/2831/2569 2831/2830/2568 2834/2833/2571
f 2833/2832/2570 2830/2829/2567 2835/2834/2572
f 2836/2835/686 2835/2834/2572 2830/2829/2567
f 2837/2836/688 2835/2834/2572 2836/2835/686
f 2834/2833/2571 2833/2832/2570 2838/2837/2573
f 2838/2837/2573 2833/2832/2570 2835/2834/2572
f 2837/2836/688 2839/2838/2574 2835/2834/2572
f 2835/2834/2572 2839/2838/2574 2838/2837/2573
f 2840/2839/2575 2839/2838/2574 2837/2836/688
f 2834/2833/2571 2838/2837/2573 2841/2840/2576
f 2841/2840/2576 2832/2831/2569 2834/2833/2571
f 2840/2839/2575 2842/2841/2577 2839/2838/2574
f 2843/2842/1170 2842/2841/2577 2840/2839/2575
f 2843/2842/1170 2844/2843/2578 2842/2841/2577
f 2845/2844/2579 2839/2838/2574 2842/2841/2577
f 2839/2838/2574 2845/2844/2579 2838/2837/2573
f 2842/2841/2577 2844/2843/2578 2846/2845/2580
f 2845/2844/2579 2842/2841/2577 2846/2845/2580
f 2847/2846/1176 2846/2845/2580 2844/2843/2578
f 2846/2845/2580 2847/2846/1176 2848/2847/2581
f 2849/2848/1178 2848/2847/2581 2847/2846/1176
f 2850/2849/2582 2845/2844/2579 2846/2845/2580
f 2846/2845/2580 2848/2847/2581 2850/2849/2582
f 2851/2850/2583 2848/2847/2581 2849/2848/1178
f 2848/2847/2581 2851/2850/2583 2850/2849/2582
f 2849/2848/1178 2852/2851/1180 2851/2850/2583
f 2852/2851/1180 2853/2852/1990 2851/2850/2583
f 2853/2852/1990 2854/2853/2584 2851/2850/2583
f 2855/2854/2585 2845/2844/2579 2850/2849/2582
f 2845/2844/2579 2855/2854/2585 2838/2837/2573
f 2856/2855/2586 2851/2850/2583 2854/2853/2584
f 2857/2856/2286 2856/2855/2586 2854/2853/2584
f 2858/2857/2587 2838/2837/2573 2855/2854/2585
f 2841/2840/2576 2838/2837/2573 2858/2857/2587
f 2856/2855/2586 2857/2856/2286 2859/2858/2588
f 2857/2856/2286 2860/2859/2589 2859/2858/2588
f 2841/2840/2576 2858/2857/2587 2861/2860/2590
f 2861/2860/2590 2832/2831/2569 2841/2840/2576
f 2860/2859/2589 2862/2861/2591 2859/2858/2588
f 2860/2859/2589 2863/2862/2592 2862/2861/2591
f 2862/2861/2591 2863/2862/2592 2864/2863/2284
f 2864/2863/2284 2865/2864/2593 2862/2861/2591
f 2862/2861/2591 2866/2865/2594 2859/2858/2588
f 2859/2858/2588 2866/2865/2594 2856/2855/2586
f 2867/2866/2595 2862/2861/2591 2865/2864/2593
f 2866/2865/2594 2862/2861/2591 2867/2866/2595
f 2868/2867/2293 2867/2866/2595 2865/2864/2593
f 2866/2865/2594 2869/2868/2596 2856/2855/2586
f 2856/2855/2586 2869/2868/2596 2851/2850/2583
f 2867/2866/2595 2870/2869/2597 2866/2865/2594
f 2867/2866/2595 2868/2867/2293 2871/2870/2598
f 2867/2866/2595 2871/2870/2598 2870/2869/2597
f 2871/2870/2598 2868/2867/2293 2872/2871/2297
f 2871/2870/2598 2872/2871/2297 2873/2872/2296
f 2871/2870/2598 2873/2872/2296 2874/2873/2324
f 2871/2870/2598 2874/2873/2324 2875/2874/1476
f 2876/2875/2599 2871/2870/2598 2875/2874/1476
f 2875/2874/1476 2877/2876/1472 2876/2875/2599
f 2877/2876/1472 2878/2877/2600 2876/2875/2599
f 2879/2878/1469 2876/2875/2599 2878/2877/2600
f 2871/2870/2598 2876/2875/2599 2880/2879/2601
f 2880/2879/2601 2876/2875/2599 2879/2878/1469
f 2880/2879/2601 2870/2869/2597 2871/2870/2598
f 2881/2880/2602 2880/2879/2601 2879/2878/1469
f 2881/2880/2602 2870/2869/2597 2880/2879/2601
f 2882/2881/2603 2881/2880/2602 2879/2878/1469
f 2881/2880/2602 2882/2881/2603 2883/2882/1467
f 2884/2883/2604 2866/2865/2594 2870/2869/2597
f 2884/2883/2604 2870/2869/2597 2881/2880/2602
f 2866/2865/2594 2884/2883/2604 2869/2868/2596
f 2881/2880/2602 2883/2882/1467 2885/2884/2605
f 2869/2868/2596 2884/2883/2604 2886/2885/2606
f 2887/2886/2607 2885/2884/2605 2883/2882/1467
f 2883/2882/1467 2888/2887/1465 2887/2886/2607
f 2887/2886/2607 2888/2887/1465 2889/2888/2608
f 2890/2889/2609 2887/2886/2607 2889/2888/2608
f 2886/2885/2606 2891/2890/2610 2869/2868/2596
f 2851/2850/2583 2869/2868/2596 2891/2890/2610
f 2890/2889/2609 2892/2891/2611 2887/2886/2607
f 2851/2850/2583 2891/2890/2610 2893/2892/2612
f 2893/2892/2612 2850/2849/2582 2851/2850/2583
f 2886/2885/2606 2894/2893/2613 2891/2890/2610
f 2891/2890/2610 2894/2893/2613 2893/2892/2612
f 2886/2885/2606 2884/2883/2604 2894/2893/2613
f 2895/2894/2614 2850/2849/2582 2893/2892/2612
f 2895/2894/2614 2855/2854/2585 2850/2849/2582
f 2884/2883/2604 2881/2880/2602 2896/2895/2615
f 2896/2895/2615 2894/2893/2613 2884/2883/2604
f 2896/2895/2615 2881/2880/2602 2885/2884/2605
f 2897/2896/2616 2893/2892/2612 2894/2893/2613
f 2897/2896/2616 2895/2894/2614 2893/2892/2612
f 2887/2886/2607 2898/2897/2617 2885/2884/2605
f 2898/2897/2617 2887/2886/2607 2892/2891/2611
f 2899/2898/2618 2896/2895/2615 2885/2884/2605
f 2899/2898/2618 2885/2884/2605 2898/2897/2617
f 2892/2891/2611 2890/2889/2609 2900/2899/2619
f 2900/2899/2619 2898/2897/2617 2892/2891/2611
f 2900/2899/2619 2890/2889/2609 2901/2900/2620
f 2902/2901/2621 2898/2897/2617 2900/2899/2619
f 2901/2900/2620 2903/2902/2622 2900/2899/2619
f 2903/2902/2622 2902/2901/2621 2900/2899/2619
f 2904/2903/2623 2898/2897/2617 2902/2901/2621
f 2899/2898/2618 2898/2897/2617 2904/2903/2623
f 2902/2901/2621 2905/2904/2624 2904/2903/2623
f 2905/2904/2624 2902/2901/2621 2903/2902/2622
f 2906/2905/2625 2899/2898/2618 2904/2903/2623
f 2906/2905/2625 2904/2903/2623 2905/2904/2624
f 2901/2900/2620 2907/2906/2626 2903/2902/2622
f 2901/2900/2620 2908/2907/1460 2907/2906/2626
f 2909/2908/2627 2905/2904/2624 2903/2902/2622
f 2910/2909/2628 2907/2906/2626 2908/2907/1460
f 2908/2907/1460 2911/2910/1459 2910/2909/2628
f 2912/2911/2629 2910/2909/2628 2911/2910/1459
f 2910/2909/2628 2912/2911/2629 2913/2912/2630
f 2903/2902/2622 2907/2906/2626 2914/2913/2631
f 2914/2913/2631 2909/2908/2627 2903/2902/2622
f 2907/2906/2626 2910/2909/2628 2915/2914/2632
f 2907/2906/2626 2915/2914/2632 2914/2913/2631
f 2913/2912/2630 2916/2915/2633 2910/2909/2628
f 2916/2915/2633 2913/2912/2630 2917/2916/1455
f 2917/2916/1455 2918/2917/2634 2916/2915/2633
f 2919/2918/2635 2910/2909/2628 2916/2915/2633
f 2919/2918/2635 2915/2914/2632 2910/2909/2628
f 2916/2915/2633 2918/2917/2634 2920/2919/2636
f 2920/2919/2636 2919/2918/2635 2916/2915/2633
f 2914/2913/2631 2915/2914/2632 2921/2920/2637
f 2920/2919/2636 2918/2917/2634 2922/2921/2638
f 2923/2922/1453 2922/2921/2638 2918/2917/2634
f 2923/2922/1453 2924/2923/2639 2922/2921/2638
f 2915/2914/2632 2925/2924/2640 2921/2920/2637
f 2919/2918/2635 2925/2924/2640 2915/2914/2632
f 2926/2925/2641 2922/2921/2638 2924/2923/2639
f 2922/2921/2638 2926/2925/2641 2920/2919/2636
f 2927/2926/2642 2926/2925/2641 2924/2923/2639
f 2928/2927/2643 2927/2926/2642 2924/2923/2639
f 2927/2926/2642 2928/2927/2643 2929/2928/2644
f 2930/2929/2645 2920/2919/2636 2926/2925/2641
f 2927/2926/2642 2930/2929/2645 2926/2925/2641
f 2929/2928/2644 2931/2930/2646 2927/2926/2642
f 2930/2929/2645 2927/2926/2642 2931/2930/2646
f 2932/2931/2647 2931/2930/2646 2929/2928/2644
f 2933/2932/1442 2932/2931/2647 2929/2928/2644
f 2932/2931/2647 2933/2932/1442 2934/2933/2648
f 2935/2934/2649 2932/2931/2647 2934/2933/2648
f 2931/2930/2646 2932/2931/2647 2935/2934/2649
f 2931/2930/2646 2935/2934/2649 2936/2935/2650
f 2936/2935/2650 2935/2934/2649 2937/2936/2648
f 2938/2937/2651 2936/2935/2650 2937/2936/2648
f 2931/2930/2646 2936/2935/2650 2939/2938/2652
f 2939/2938/2652 2930/2929/2645 2931/2930/2646
f 2936/2935/2650 2938/2937/2651 2940/2939/2653
f 2941/2940/2654 2939/2938/2652 2936/2935/2650
f 2941/2940/2654 2936/2935/2650 2940/2939/2653
f 2939/2938/2652 2941/2940/2654 2930/2929/2645
f 2938/2937/2651 2942/2941/2655 2940/2939/2653
f 2942/2941/2655 2941/2940/2654 2940/2939/2653
f 2943/2942/2656 2942/2941/2655 2938/2937/2651
f 2944/2943/1435 2942/2941/2655 2943/2942/2656
f 2941/2940/2654 2945/2944/2657 2930/2929/2645
f 2944/2943/1435 2946/2945/2658 2942/2941/2655
f 2947/2946/2659 2946/2945/2658 2944/2943/1435
f 2948/2947/2660 2941/2940/2654 2942/2941/2655
f 2941/2940/2654 2949/2948/2661 2945/2944/2657
f 2941/2940/2654 2948/2947/2660 2949/2948/2661
f 2950/2949/2662 2948/2947/2660 2942/2941/2655
f 2942/2941/2655 2946/2945/2658 2950/2949/2662
f 2948/2947/2660 2951/2950/2663 2949/2948/2661
f 2949/2948/2661 2951/2950/2663 2945/2944/2657
f 2948/2947/2660 2950/2949/2662 2952/2951/2664
f 2948/2947/2660 2952/2951/2664 2951/2950/2663
f 2945/2944/2657 2953/2952/2665 2930/2929/2645
f 2930/2929/2645 2953/2952/2665 2920/2919/2636
f 2953/2952/2665 2919/2918/2635 2920/2919/2636
f 2953/2952/2665 2954/2953/2666 2919/2918/2635
f 2919/2918/2635 2954/2953/2666 2925/2924/2640
f 2953/2952/2665 2945/2944/2657 2955/2954/2667
f 2955/2954/2667 2945/2944/2657 2951/2950/2663
f 2954/2953/2666 2953/2952/2665 2956/2955/2668
f 2925/2924/2640 2954/2953/2666 2956/2955/2668
f 2957/2956/2669 2956/2955/2668 2953/2952/2665
f 2955/2954/2667 2957/2956/2669 2953/2952/2665
f 2958/2957/2670 2925/2924/2640 2956/2955/2668
f 2957/2956/2669 2959/2958/2671 2956/2955/2668
f 2958/2957/2670 2956/2955/2668 2959/2958/2671
f 2958/2957/2670 2960/2959/2672 2925/2924/2640
f 2925/2924/2640 2960/2959/2672 2921/2920/2637
f 2960/2959/2672 2914/2913/2631 2921/2920/2637
f 2909/2908/2627 2914/2913/2631 2960/2959/2672
f 2958/2957/2670 2961/2960/2673 2960/2959/2672
f 2961/2960/2673 2958/2957/2670 2962/2961/2674
f 2958/2957/2670 2959/2958/2671 2962/2961/2674
f 2961/2960/2673 2962/2961/2674 2963/2962/2675
f 2964/2963/2676 2905/2904/2624 2909/2908/2627
f 2909/2908/2627 2960/2959/2672 2961/2960/2673
f 2906/2905/2625 2964/2963/2676 2965/2964/2677
f 2965/2964/2677 2964/2963/2676 2966/2965/2678
f 2905/2904/2624 2964/2963/2676 2906/2905/2625
f 2963/2962/2675 2965/2964/2677 2966/2965/2678
f 2967/2966/2679 2906/2905/2625 2965/2964/2677
f 2965/2964/2677 2963/2962/2675 2967/2966/2679
f 2899/2898/2618 2906/2905/2625 2967/2966/2679
f 2963/2962/2675 2968/2967/2680 2967/2966/2679
f 2968/2967/2680 2899/2898/2618 2967/2966/2679
f 2968/2967/2680 2969/2968/2681 2899/2898/2618
f 2896/2895/2615 2899/2898/2618 2969/2968/2681
f 2970/2969/2682 2896/2895/2615 2969/2968/2681
f 2896/2895/2615 2970/2969/2682 2894/2893/2613
f 2969/2968/2681 2971/2970/2683 2970/2969/2682
f 2970/2969/2682 2971/2970/2683 2894/2893/2613
f 2969/2968/2681 2968/2967/2680 2971/2970/2683
f 2971/2970/2683 2968/2967/2680 2894/2893/2613
f 2968/2967/2680 2972/2971/2684 2894/2893/2613
f 2973/2972/2685 2894/2893/2613 2972/2971/2684
f 2973/2972/2685 2897/2896/2616 2894/2893/2613
f 2974/2973/2686 2972/2971/2684 2968/2967/2680
f 2963/2962/2675 2974/2973/2686 2968/2967/2680
f 2973/2972/2685 2972/2971/2684 2975/2974/2687
f 2975/2974/2687 2972/2971/2684 2974/2973/2686
f 2973/2972/2685 2975/2974/2687 2976/2975/2688
f 2976/2975/2688 2897/2896/2616 2973/2972/2685
f 2963/2962/2675 2977/2976/2689 2974/2973/2686
f 2963/2962/2675 2962/2961/2674 2977/2976/2689
f 2978/2977/2690 2975/2974/2687 2974/2973/2686
f 2979/2978/2691 2974/2973/2686 2977/2976/2689
f 2978/2977/2690 2974/2973/2686 2979/2978/2691
f 2975/2974/2687 2978/2977/2690 2980/2979/2692
f 2980/2979/2692 2976/2975/2688 2975/2974/2687
f 2979/2978/2691 2981/2980/2693 2978/2977/2690
f 2981/2980/2693 2979/2978/2691 2982/2981/2694
f 2979/2978/2691 2977/2976/2689 2982/2981/2694
f 2983/2982/2695 2978/2977/2690 2981/2980/2693
f 2982/2981/2694 2983/2982/2695 2981/2980/2693
f 2984/2983/2696 2980/2979/2692 2978/2977/2690
f 2983/2982/2695 2984/2983/2696 2978/2977/2690
f 2983/2982/2695 2982/2981/2694 2985/2984/2697
f 2983/2982/2695 2985/2984/2697 2986/2985/2698
f 2986/2985/2698 2985/2984/2697 2982/2981/2694
f 2984/2983/2696 2983/2982/2695 2987/2986/2699
f 2987/2986/2699 2983/2982/2695 2986/2985/2698
f 2982/2981/2694 2977/2976/2689 2988/2987/2700
f 2989/2988/2701 2982/2981/2694 2988/2987/2700
f 2989/2988/2701 2986/2985/2698 2982/2981/2694
f 2988/2987/2700 2977/2976/2689 2990/2989/2702
f 2989/2988/2701 2988/2987/2700 2990/2989/2702
f 2991/2990/2703 2990/2989/2702 2977/2976/2689
f 2962/2961/2674 2991/2990/2703 2977/2976/2689
f 2990/2989/2702 2992/2991/2704 2989/2988/2701
f 2993/2992/2705 2991/2990/2703 2962/2961/2674
f 2962/2961/2674 2959/2958/2671 2993/2992/2705
f 2957/2956/2669 2993/2992/2705 2959/2958/2671
f 2991/2990/2703 2994/2993/2706 2990/2989/2702
f 2990/2989/2702 2994/2993/2706 2992/2991/2704
f 2991/2990/2703 2993/2992/2705 2995/2994/2707
f 2993/2992/2705 2957/2956/2669 2995/2994/2707
f 2996/2995/2708 2994/2993/2706 2991/2990/2703
f 2996/2995/2708 2991/2990/2703 2995/2994/2707
f 2957/2956/2669 2997/2996/2709 2995/2994/2707
f 2996/2995/2708 2995/2994/2707 2997/2996/2709
f 2955/2954/2667 2997/2996/2709 2957/2956/2669
f 2998/2997/2710 2994/2993/2706 2996/2995/2708
f 2998/2997/2710 2996/2995/2708 2997/2996/2709
f 2998/2997/2710 2992/2991/2704 2994/2993/2706
f 2997/2996/2709 2955/2954/2667 2999/2998/2711
f 2998/2997/2710 3000/2999/2712 2992/2991/2704
f 3001/3000/2713 2998/2997/2710 2997/2996/2709
f 2998/2997/2710 3001/3000/2713 3000/2999/2712
f 3001/3000/2713 2997/2996/2709 2999/2998/2711
f 3002/3001/2714 2992/2991/2704 3000/2999/2712
f 2992/2991/2704 3002/3001/2714 2989/2988/2701
f 2989/2988/2701 3002/3001/2714 2986/2985/2698
f 3003/3002/2715 2999/2998/2711 2955/2954/2667
f 2955/2954/2667 2951/2950/2663 3003/3002/2715
f 3003/3002/2715 3004/3003/2716 2999/2998/2711
f 2951/2950/2663 3005/3004/2717 3003/3002/2715
f 3004/3003/2716 3003/3002/2715 3005/3004/2717
f 3005/3004/2717 2951/2950/2663 3006/3005/2718
f 3005/3004/2717 3007/3006/2719 3004/3003/2716
f 3005/3004/2717 3006/3005/2718 3007/3006/2719
f 3008/3007/2720 2999/2998/2711 3004/3003/2716
f 3007/3006/2719 3008/3007/2720 3004/3003/2716
f 2951/2950/2663 3009/3008/2721 3006/3005/2718
f 3009/3008/2721 2951/2950/2663 2952/2951/2664
f 3010/3009/2722 3006/3005/2718 3009/3008/2721
f 2952/2951/2664 3010/3009/2722 3009/3008/2721
f 3006/3005/2718 3011/3010/2723 3007/3006/2719
f 3012/3011/2724 3010/3009/2722 2952/2951/2664
f 3010/3009/2722 3013/3012/2725 3006/3005/2718
f 3013/3012/2725 3010/3009/2722 3012/3011/2724
f 3006/3005/2718 3013/3012/2725 3011/3010/2723
f 3014/3013/2726 3012/3011/2724 2952/2951/2664
f 3014/3013/2726 2952/2951/2664 2950/2949/2662
f 3014/3013/2726 2950/2949/2662 2946/2945/2658
f 3015/3014/2727 3013/3012/2725 3012/3011/2724
f 3015/3014/2727 3012/3011/2724 3014/3013/2726
f 3013/3012/2725 3015/3014/2727 3016/3015/2728
f 3017/3016/2729 3011/3010/2723 3013/3012/2725
f 3013/3012/2725 3016/3015/2728 3017/3016/2729
f 3007/3006/2719 3011/3010/2723 3018/3017/2730
f 3011/3010/2723 3017/3016/2729 3018/3017/2730
f 3007/3006/2719 3018/3017/2730 3008/3007/2720
f 3016/3015/2728 3019/3018/2731 3017/3016/2729
f 3016/3015/2728 3015/3014/2727 3019/3018/2731
f 3018/3017/2730 3017/3016/2729 3020/3019/2732
f 3021/3020/2733 3008/3007/2720 3018/3017/2730
f 3018/3017/2730 3020/3019/2732 3021/3020/2733
f 3017/3016/2729 3022/3021/2734 3020/3019/2732
f 3022/3021/2734 3021/3020/2733 3020/3019/2732
f 3017/3016/2729 3019/3018/2731 3022/3021/2734
f 3023/3022/2735 3008/3007/2720 3021/3020/2733
f 3021/3020/2733 3022/3021/2734 3023/3022/2735
f 3023/3022/2735 2999/2998/2711 3008/3007/2720
f 3022/3021/2734 3024/3023/2736 3023/3022/2735
f 3019/3018/2731 3024/3023/2736 3022/3021/2734
f 3025/3024/2737 2999/2998/2711 3023/3022/2735
f 3023/3022/2735 3024/3023/2736 3025/3024/2737
f 3025/3024/2737 3001/3000/2713 2999/2998/2711
f 3024/3023/2736 3026/3025/2738 3025/3024/2737
f 3027/3026/2739 3001/3000/2713 3025/3024/2737
f 3026/3025/2738 3027/3026/2739 3025/3024/2737
f 3024/3023/2736 3019/3018/2731 3028/3027/2740
f 3026/3025/2738 3024/3023/2736 3028/3027/2740
f 3015/3014/2727 3029/3028/2741 3019/3018/2731
f 3029/3028/2741 3028/3027/2740 3019/3018/2731
f 3015/3014/2727 3014/3013/2726 3029/3028/2741
f 3030/3029/2742 3026/3025/2738 3028/3027/2740
f 3027/3026/2739 3026/3025/2738 3030/3029/2742
f 3014/3013/2726 3031/3030/2743 3029/3028/2741
f 3031/3030/2743 3014/3013/2726 2946/2945/2658
f 3032/3031/2744 3029/3028/2741 3031/3030/2743
f 3033/3032/2745 3031/3030/2743 2946/2945/2658
f 3033/3032/2745 3032/3031/2744 3031/3030/2743
f 3034/3033/2746 3029/3028/2741 3032/3031/2744
f 3034/3033/2746 3028/3027/2740 3029/3028/2741
f 3033/3032/2745 3035/3034/2747 3032/3031/2744
f 3032/3031/2744 3036/3035/2748 3034/3033/2746
f 3036/3035/2748 3032/3031/2744 3035/3034/2747
f 3037/3036/2749 3028/3027/2740 3034/3033/2746
f 3035/3034/2747 3038/3037/2750 3036/3035/2748
f 3039/3038/2751 3034/3033/2746 3036/3035/2748
f 3039/3038/2751 3036/3035/2748 3038/3037/2750
f 3034/3033/2746 3040/3039/2752 3037/3036/2749
f 3040/3039/2752 3034/3033/2746 3039/3038/2751
f 3037/3036/2749 3041/3040/2753 3028/3027/2740
f 3042/3041/2754 3037/3036/2749 3040/3039/2752
f 3042/3041/2754 3041/3040/2753 3037/3036/2749
f 3043/3042/2755 3040/3039/2752 3039/3038/2751
f 3042/3041/2754 3043/3042/2755 3044/3043/2756
f 3042/3041/2754 3044/3043/2756 3045/3044/2757
f 3043/3042/2755 3039/3038/2751 3046/3045/2758
f 3043/3042/2755 3047/3046/2759 3044/3043/2756
f 3046/3045/2758 3047/3046/2759 3043/3042/2755
f 3048/3047/2760 3045/3044/2757 3044/3043/2756
f 3047/3046/2759 3048/3047/2760 3044/3043/2756
f 3049/3048/2761 3042/3041/2754 3045/3044/2757
f 3042/3041/2754 3049/3048/2761 3041/3040/2753
f 3045/3044/2757 3048/3047/2760 3050/3049/2762
f 3045/3044/2757 3050/3049/2762 3049/3048/2761
f 3051/3050/2763 3050/3049/2762 3048/3047/2760
f 3049/3048/2761 3050/3049/2762 3052/3051/2764
f 3052/3051/2764 3050/3049/2762 3051/3050/2763
f 3048/3047/2760 3053/3052/2765 3051/3050/2763
f 3047/3046/2759 3053/3052/2765 3048/3047/2760
f 3053/3052/2765 3054/3053/2766 3051/3050/2763
f 3055/3054/2767 3053/3052/2765 3047/3046/2759
f 3054/3053/2766 3053/3052/2765 3055/3054/2767
f 3056/3055/2768 3055/3054/2767 3047/3046/2759
f 3056/3055/2768 3054/3053/2766 3055/3054/2767
f 3047/3046/2759 3046/3045/2758 3056/3055/2768
f 3054/3053/2766 3057/3056/2769 3051/3050/2763
f 3052/3051/2764 3051/3050/2763 3057/3056/2769
f 3054/3053/2766 3056/3055/2768 3058/3057/2770
f 3057/3056/2769 3054/3053/2766 3059/3058/2771
f 3059/3058/2771 3054/3053/2766 3058/3057/2770
f 3060/3059/2772 3052/3051/2764 3057/3056/2769
f 3058/3057/2770 3056/3055/2768 3061/3060/2773
f 3052/3051/2764 3060/3059/2772 3062/3061/2774
f 3062/3061/2774 3049/3048/2761 3052/3051/2764
f 3061/3060/2773 3056/3055/2768 3063/3062/2775
f 3063/3062/2775 3058/3057/2770 3061/3060/2773
f 3064/3063/2776 3049/3048/2761 3062/3061/2774
f 3064/3063/2776 3041/3040/2753 3049/3048/2761
f 3063/3062/2775 3065/3064/2777 3058/3057/2770
f 3066/3065/2778 3041/3040/2753 3064/3063/2776
f 3065/3064/2777 3067/3066/2779 3058/3057/2770
f 3067/3066/2779 3059/3058/2771 3058/3057/2770
f 3063/3062/2775 3068/3067/2780 3065/3064/2777
f 3065/3064/2777 3068/3067/2780 3069/3068/2781
f 3069/3068/2781 3068/3067/2780 3063/3062/2775
f 3069/3068/2781 3067/3066/2779 3065/3064/2777
f 3069/3068/2781 3063/3062/2775 3070/3069/2782
f 3070/3069/2782 3063/3062/2775 3056/3055/2768
f 3059/3058/2771 3067/3066/2779 3071/3070/2783
f 3056/3055/2768 3072/3071/2784 3070/3069/2782
f 3046/3045/2758 3072/3071/2784 3056/3055/2768
f 3073/3072/2785 3071/3070/2783 3067/3066/2779
f 3059/3058/2771 3071/3070/2783 3074/3073/2786
f 3074/3073/2786 3071/3070/2783 3073/3072/2785
f 3059/3058/2771 3074/3073/2786 3057/3056/2769
f 3075/3074/2787 3073/3072/2785 3067/3066/2779
f 3069/3068/2781 3075/3074/2787 3067/3066/2779
f 3073/3072/2785 3076/3075/2788 3074/3073/2786
f 3073/3072/2785 3075/3074/2787 3076/3075/2788
f 3074/3073/2786 3077/3076/2789 3057/3056/2769
f 3060/3059/2772 3057/3056/2769 3077/3076/2789
f 3078/3077/2790 3074/3073/2786 3076/3075/2788
f 3078/3077/2790 3076/3075/2788 3079/3078/2791
f 3076/3075/2788 3075/3074/2787 3079/3078/2791
f 3078/3077/2790 3080/3079/2792 3074/3073/2786
f 3079/3078/2791 3080/3079/2792 3078/3077/2790
f 3077/3076/2789 3074/3073/2786 3081/3080/2793
f 3074/3073/2786 3080/3079/2792 3081/3080/2793
f 3082/3081/2794 3080/3079/2792 3079/3078/2791
f 3083/3082/2795 3082/3081/2794 3079/3078/2791
f 3082/3081/2794 3084/3083/2796 3080/3079/2792
f 3082/3081/2794 3083/3082/2795 3084/3083/2796
f 3085/3084/2797 3083/3082/2795 3079/3078/2791
f 3075/3074/2787 3085/3084/2797 3079/3078/2791
f 3083/3082/2795 3086/3085/2798 3084/3083/2796
f 3085/3084/2797 3086/3085/2798 3083/3082/2795
f 3084/3083/2796 3087/3086/2799 3080/3079/2792
f 3084/3083/2796 3086/3085/2798 3088/3087/2800
f 3088/3087/2800 3087/3086/2799 3084/3083/2796
f 3085/3084/2797 3089/3088/2801 3086/3085/2798
f 3089/3088/2801 3085/3084/2797 3090/3089/2802
f 3086/3085/2798 3089/3088/2801 3091/3090/2803
f 3089/3088/2801 3090/3089/2802 3091/3090/2803
f 3090/3089/2802 3085/3084/2797 3092/3091/2804
f 3093/3092/2805 3086/3085/2798 3091/3090/2803
f 3092/3091/2804 3085/3084/2797 3094/3093/2806
f 3094/3093/2806 3085/3084/2797 3075/3074/2787
f 3095/3094/2807 3086/3085/2798 3093/3092/2805
f 3095/3094/2807 3088/3087/2800 3086/3085/2798
f 3093/3092/2805 3096/3095/2808 3095/3094/2807
f 3095/3094/2807 3096/3095/2808 3088/3087/2800
f 3091/3090/2803 3097/3096/2809 3093/3092/2805
f 3097/3096/2809 3096/3095/2808 3093/3092/2805
f 3098/3097/2810 3091/3090/2803 3090/3089/2802
f 3098/3097/2810 3090/3089/2802 3092/3091/2804
f 3097/3096/2809 3099/3098/2811 3096/3095/2808
f 3092/3091/2804 3100/3099/2812 3098/3097/2810
f 3092/3091/2804 3094/3093/2806 3100/3099/2812
f 3097/3096/2809 3101/3100/2813 3099/3098/2811
f 3101/3100/2813 3096/3095/2808 3099/3098/2811
f 3091/3090/2803 3102/3101/2814 3097/3096/2809
f 3097/3096/2809 3102/3101/2814 3101/3100/2813
f 3102/3101/2814 3091/3090/2803 3103/3102/2815
f 3091/3090/2803 3098/3097/2810 3103/3102/2815
f 3104/3103/2816 3101/3100/2813 3102/3101/2814
f 3098/3097/2810 3105/3104/2817 3103/3102/2815
f 3106/3105/2818 3102/3101/2814 3103/3102/2815
f 3103/3102/2815 3105/3104/2817 3106/3105/2818
f 3107/3106/2819 3105/3104/2817 3098/3097/2810
f 3102/3101/2814 3106/3105/2818 3108/3107/2820
f 3102/3101/2814 3108/3107/2820 3104/3103/2816
f 3109/3108/2821 3106/3105/2818 3105/3104/2817
f 3107/3106/2819 3109/3108/2821 3105/3104/2817
f 3110/3109/2822 3107/3106/2819 3098/3097/2810
f 3107/3106/2819 3110/3109/2822 3109/3108/2821
f 3098/3097/2810 3100/3099/2812 3110/3109/2822
f 3106/3105/2818 3109/3108/2821 3111/3110/2823
f 3108/3107/2820 3106/3105/2818 3111/3110/2823
f 3109/3108/2821 3110/3109/2822 3112/3111/2824
f 3111/3110/2823 3109/3108/2821 3113/3112/2825
f 3113/3112/2825 3109/3108/2821 3112/3111/2824
f 3114/3113/2826 3108/3107/2820 3111/3110/2823
f 3115/3114/2827 3111/3110/2823 3113/3112/2825
f 3114/3113/2826 3111/3110/2823 3115/3114/2827
f 3114/3113/2826 3116/3115/2828 3108/3107/2820
f 3115/3114/2827 3117/3116/2829 3114/3113/2826
f 3114/3113/2826 3117/3116/2829 3116/3115/2828
f 3115/3114/2827 3113/3112/2825 3118/3117/2830
f 3117/3116/2829 3115/3114/2827 3118/3117/2830
f 3108/3107/2820 3116/3115/2828 3119/3118/2831
f 3120/3119/2832 3118/3117/2830 3113/3112/2825
f 3121/3120/2833 3108/3107/2820 3119/3118/2831
f 3121/3120/2833 3104/3103/2816 3108/3107/2820
f 3122/3121/2834 3120/3119/2832 3113/3112/2825
f 3122/3121/2834 3113/3112/2825 3112/3111/2824
f 3123/3122/2835 3104/3103/2816 3121/3120/2833
f 3101/3100/2813 3104/3103/2816 3123/3122/2835
f 3124/3123/2836 3121/3120/2833 3119/3118/2831
f 3101/3100/2813 3123/3122/2835 3125/3124/2837
f 3125/3124/2837 3096/3095/2808 3101/3100/2813
f 3121/3120/2833 3126/3125/2838 3123/3122/2835
f 3125/3124/2837 3123/3122/2835 3126/3125/2838
f 3124/3123/2836 3126/3125/2838 3121/3120/2833
f 3125/3124/2837 3127/3126/2839 3096/3095/2808
f 3096/3095/2808 3127/3126/2839 3088/3087/2800
f 3128/3127/2840 3125/3124/2837 3126/3125/2838
f 3125/3124/2837 3128/3127/2840 3127/3126/2839
f 3124/3123/2836 3129/3128/2841 3126/3125/2838
f 3128/3127/2840 3126/3125/2838 3129/3128/2841
f 3119/3118/2831 3130/3129/2842 3124/3123/2836
f 3130/3129/2842 3129/3128/2841 3124/3123/2836
f 3119/3118/2831 3116/3115/2828 3130/3129/2842
f 3116/3115/2828 3131/3130/2843 3130/3129/2842
f 3116/3115/2828 3117/3116/2829 3131/3130/2843
f 3132/3131/2844 3129/3128/2841 3130/3129/2842
f 3131/3130/2843 3132/3131/2844 3130/3129/2842
f 3133/3132/2845 3129/3128/2841 3132/3131/2844
f 3131/3130/2843 3134/3133/2846 3132/3131/2844
f 3134/3133/2846 3133/3132/2845 3132/3131/2844
f 3134/3133/2846 3131/3130/2843 3135/3134/2847
f 3117/3116/2829 3135/3134/2847 3131/3130/2843
f 3134/3133/2846 3136/3135/2848 3133/3132/2845
f 3134/3133/2846 3135/3134/2847 3136/3135/2848
f 3133/3132/2845 3137/3136/2849 3129/3128/2841
f 3136/3135/2848 3137/3136/2849 3133/3132/2845
f 3128/3127/2840 3129/3128/2841 3137/3136/2849
f 3136/3135/2848 3135/3134/2847 3138/3137/2850
f 3139/3138/2851 3135/3134/2847 3117/3116/2829
f 3138/3137/2850 3135/3134/2847 3139/3138/2851
f 3139/3138/2851 3117/3116/2829 3140/3139/2852
f 3117/3116/2829 3118/3117/2830 3140/3139/2852
f 3139/3138/2851 3140/3139/2852 3141/3140/2853
f 3140/3139/2852 3118/3117/2830 3142/3141/2854
f 3140/3139/2852 3142/3141/2854 3141/3140/2853
f 3118/3117/2830 3143/3142/2855 3142/3141/2854
f 3141/3140/2853 3144/3143/2856 3139/3138/2851
f 3139/3138/2851 3144/3143/2856 3138/3137/2850
f 3145/3144/2857 3141/3140/2853 3142/3141/2854
f 3143/3142/2855 3145/3144/2857 3142/3141/2854
f 3146/3145/2858 3143/3142/2855 3118/3117/2830
f 3146/3145/2858 3118/3117/2830 3120/3119/2832
f 3120/3119/2832 3122/3121/2834 3146/3145/2858
f 3147/3146/2859 3143/3142/2855 3146/3145/2858
f 3143/3142/2855 3147/3146/2859 3145/3144/2857
f 3146/3145/2858 3122/3121/2834 3148/3147/2860
f 3147/3146/2859 3146/3145/2858 3148/3147/2860
f 3149/3148/2861 3148/3147/2860 3122/3121/2834
f 3122/3121/2834 3112/3111/2824 3149/3148/2861
f 3150/3149/2862 3147/3146/2859 3148/3147/2860
f 3148/3147/2860 3149/3148/2861 3151/3150/2863
f 3151/3150/2863 3150/3149/2862 3148/3147/2860
f 3149/3148/2861 3112/3111/2824 3152/3151/2864
f 3149/3148/2861 3153/3152/2865 3151/3150/2863
f 3153/3152/2865 3149/3148/2861 3152/3151/2864
f 3150/3149/2862 3151/3150/2863 3154/3153/2866
f 3151/3150/2863 3153/3152/2865 3154/3153/2866
f 3155/3154/2867 3152/3151/2864 3112/3111/2824
f 3155/3154/2867 3112/3111/2824 3110/3109/2822
f 3153/3152/2865 3152/3151/2864 3156/3155/2868
f 3156/3155/2868 3152/3151/2864 3155/3154/2867
f 3157/3156/2869 3153/3152/2865 3156/3155/2868
f 3155/3154/2867 3158/3157/2870 3156/3155/2868
f 3158/3157/2870 3157/3156/2869 3156/3155/2868
f 3155/3154/2867 3110/3109/2822 3159/3158/2871
f 3153/3152/2865 3157/3156/2869 3160/3159/2872
f 3154/3153/2866 3153/3152/2865 3160/3159/2872
f 3159/3158/2871 3110/3109/2822 3161/3160/2873
f 3161/3160/2873 3110/3109/2822 3100/3099/2812
f 3162/3161/2874 3155/3154/2867 3159/3158/2871
f 3162/3161/2874 3158/3157/2870 3155/3154/2867
f 3163/3162/2875 3159/3158/2871 3161/3160/2873
f 3159/3158/2871 3163/3162/2875 3162/3161/2874
f 3164/3163/2876 3161/3160/2873 3100/3099/2812
f 3163/3162/2875 3165/3164/2877 3162/3161/2874
f 3166/3165/2878 3163/3162/2875 3161/3160/2873
f 3165/3164/2877 3163/3162/2875 3166/3165/2878
f 3164/3163/2876 3166/3165/2878 3161/3160/2873
f 3167/3166/2879 3162/3161/2874 3165/3164/2877
f 3167/3166/2879 3158/3157/2870 3162/3161/2874
f 3165/3164/2877 3166/3165/2878 3168/3167/2880
f 3168/3167/2880 3167/3166/2879 3165/3164/2877
f 3169/3168/2881 3166/3165/2878 3164/3163/2876
f 3168/3167/2880 3166/3165/2878 3169/3168/2881
f 3100/3099/2812 3170/3169/2882 3164/3163/2876
f 3094/3093/2806 3170/3169/2882 3100/3099/2812
f 3171/3170/2883 3169/3168/2881 3164/3163/2876
f 3171/3170/2883 3164/3163/2876 3170/3169/2882
f 3169/3168/2881 3172/3171/2884 3168/3167/2880
f 3173/3172/2885 3169/3168/2881 3171/3170/2883
f 3173/3172/2885 3172/3171/2884 3169/3168/2881
f 3168/3167/2880 3172/3171/2884 3174/3173/2886
f 3175/3174/2887 3168/3167/2880 3174/3173/2886
f 3168/3167/2880 3175/3174/2887 3167/3166/2879
f 3172/3171/2884 3176/3175/2888 3174/3173/2886
f 3176/3175/2888 3172/3171/2884 3173/3172/2885
f 3177/3176/2889 3175/3174/2887 3174/3173/2886
f 3176/3175/2888 3177/3176/2889 3174/3173/2886
f 3167/3166/2879 3175/3174/2887 3177/3176/2889
f 3176/3175/2888 3178/3177/2890 3177/3176/2889
f 3179/3178/2891 3167/3166/2879 3177/3176/2889
f 3180/3179/2892 3178/3177/2890 3176/3175/2888
f 3180/3179/2892 3176/3175/2888 3173/3172/2885
f 3179/3178/2891 3181/3180/2893 3167/3166/2879
f 3158/3157/2870 3167/3166/2879 3181/3180/2893
f 3181/3180/2893 3157/3156/2869 3158/3157/2870
f 3157/3156/2869 3181/3180/2893 3160/3159/2872
f 3182/3181/2894 3181/3180/2893 3179/3178/2891
f 3177/3176/2889 3182/3181/2894 3179/3178/2891
f 3183/3182/2895 3160/3159/2872 3181/3180/2893
f 3182/3181/2894 3184/3183/2896 3181/3180/2893
f 3181/3180/2893 3184/3183/2896 3183/3182/2895
f 3184/3183/2896 3182/3181/2894 3183/3182/2895
f 3185/3184/2897 3160/3159/2872 3183/3182/2895
f 3185/3184/2897 3183/3182/2895 3182/3181/2894
f 3177/3176/2889 3186/3185/2898 3182/3181/2894
f 3185/3184/2897 3182/3181/2894 3187/3186/2899
f 3187/3186/2899 3182/3181/2894 3186/3185/2898
f 3186/3185/2898 3177/3176/2889 3188/3187/2900
f 3177/3176/2889 3178/3177/2890 3188/3187/2900
f 3186/3185/2898 3188/3187/2900 3189/3188/2901
f 3178/3177/2890 3189/3188/2901 3188/3187/2900
f 3187/3186/2899 3186/3185/2898 3190/3189/2902
f 3186/3185/2898 3189/3188/2901 3190/3189/2902
f 3191/3190/2903 3189/3188/2901 3178/3177/2890
f 3178/3177/2890 3180/3179/2892 3191/3190/2903
f 3191/3190/2903 3192/3191/2904 3189/3188/2901
f 3193/3192/2905 3191/3190/2903 3180/3179/2892
f 3192/3191/2904 3191/3190/2903 3193/3192/2905
f 3189/3188/2901 3192/3191/2904 3194/3193/2906
f 3192/3191/2904 3193/3192/2905 3194/3193/2906
f 3189/3188/2901 3194/3193/2906 3190/3189/2902
f 3180/3179/2892 3195/3194/2907 3193/3192/2905
f 3180/3179/2892 3196/3195/2908 3195/3194/2907
f 3180/3179/2892 3173/3172/2885 3196/3195/2908
f 3196/3195/2908 3197/3196/2909 3195/3194/2907
f 3197/3196/2909 3193/3192/2905 3195/3194/2907
f 3173/3172/2885 3197/3196/2909 3196/3195/2908
f 3194/3193/2906 3193/3192/2905 3198/3197/2910
f 3193/3192/2905 3197/3196/2909 3198/3197/2910
f 3194/3193/2906 3199/3198/2911 3190/3189/2902
f 3190/3189/2902 3199/3198/2911 3200/3199/2912
f 3190/3189/2902 3200/3199/2912 3187/3186/2899
f 3194/3193/2906 3201/3200/2913 3199/3198/2911
f 3187/3186/2899 3200/3199/2912 3202/3201/2914
f 3202/3201/2914 3185/3184/2897 3187/3186/2899
f 3199/3198/2911 3203/3202/2915 3200/3199/2912
f 3204/3203/2916 3202/3201/2914 3200/3199/2912
f 3203/3202/2915 3204/3203/2916 3200/3199/2912
f 3202/3201/2914 3204/3203/2916 3203/3202/2915
f 3205/3204/2917 3203/3202/2915 3199/3198/2911
f 3199/3198/2911 3201/3200/2913 3205/3204/2917
f 3206/3205/2918 3202/3201/2914 3203/3202/2915
f 3206/3205/2918 3203/3202/2915 3207/3206/2919
f 3207/3206/2919 3203/3202/2915 3205/3204/2917
f 3208/3207/2920 3202/3201/2914 3206/3205/2918
f 3207/3206/2919 3208/3207/2920 3206/3205/2918
f 3202/3201/2914 3209/3208/2921 3185/3184/2897
f 3202/3201/2914 3208/3207/2920 3209/3208/2921
f 3210/3209/2922 3185/3184/2897 3209/3208/2921
f 3210/3209/2922 3160/3159/2872 3185/3184/2897
f 3208/3207/2920 3211/3210/2923 3209/3208/2921
f 3210/3209/2922 3209/3208/2921 3211/3210/2923
f 3210/3209/2922 3212/3211/2924 3160/3159/2872
f 3212/3211/2924 3154/3153/2866 3160/3159/2872
f 3212/3211/2924 3150/3149/2862 3154/3153/2866
f 3212/3211/2924 3210/3209/2922 3213/3212/2925
f 3211/3210/2923 3213/3212/2925 3210/3209/2922
f 3214/3213/2926 3150/3149/2862 3212/3211/2924
f 3214/3213/2926 3212/3211/2924 3213/3212/2925
f 3214/3213/2926 3215/3214/2927 3150/3149/2862
f 3147/3146/2859 3150/3149/2862 3215/3214/2927
f 3216/3215/2928 3213/3212/2925 3211/3210/2923
f 3215/3214/2927 3217/3216/2929 3147/3146/2859
f 3145/3144/2857 3147/3146/2859 3217/3216/2929
f 3214/3213/2926 3218/3217/2930 3215/3214/2927
f 3217/3216/2929 3219/3218/2931 3145/3144/2857
f 3145/3144/2857 3219/3218/2931 3141/3140/2853
f 3218/3217/2930 3220/3219/2932 3215/3214/2927
f 3220/3219/2932 3217/3216/2929 3215/3214/2927
f 3221/3220/2933 3141/3140/2853 3219/3218/2931
f 3144/3143/2856 3141/3140/2853 3221/3220/2933
f 3222/3221/2934 3219/3218/2931 3217/3216/2929
f 3219/3218/2931 3222/3221/2934 3221/3220/2933
f 3222/3221/2934 3217/3216/2929 3223/3222/2935
f 3222/3221/2934 3224/3223/2936 3221/3220/2933
f 3222/3221/2934 3223/3222/2935 3224/3223/2936
f 3225/3224/2937 3221/3220/2933 3224/3223/2936
f 3226/3225/2938 3223/3222/2935 3217/3216/2929
f 3220/3219/2932 3226/3225/2938 3217/3216/2929
f 3221/3220/2933 3225/3224/2937 3227/3226/2939
f 3144/3143/2856 3221/3220/2933 3227/3226/2939
f 3227/3226/2939 3225/3224/2937 3228/3227/2940
f 3228/3227/2940 3229/3228/1679 3227/3226/2939
f 3230/3229/2941 3223/3222/2935 3231/3230/2942
f 3229/3228/1679 3232/3231/2943 3227/3226/2939
f 3144/3143/2856 3227/3226/2939 3232/3231/2943
f 3232/3231/2943 3229/3228/1679 3233/3232/2944
f 3223/3222/2935 3234/3233/2945 3231/3230/2942
f 3234/3233/2945 3223/3222/2935 3226/3225/2938
f 3231/3230/2942 3234/3233/2945 3235/3234/1672
f 3233/3232/2944 3236/3235/1681 3232/3231/2943
f 3234/3233/2945 3237/3236/2946 3235/3234/1672
f 3226/3225/2938 3237/3236/2946 3234/3233/2945
f 3237/3236/2946 3238/3237/2947 3235/3234/1672
f 3220/3219/2932 3237/3236/2946 3226/3225/2938
f 3239/3238/2948 3237/3236/2946 3220/3219/2932
f 3239/3238/2948 3220/3219/2932 3218/3217/2930
f 3239/3238/2948 3240/3239/1671 3237/3236/2946
f 3240/3239/1671 3241/3240/2949 3242/3241/2950
f 3240/3239/1671 3239/3238/2948 3241/3240/2949
f 3218/3217/2930 3243/3242/2951 3239/3238/2948
f 3243/3242/2951 3241/3240/2949 3239/3238/2948
f 3214/3213/2926 3243/3242/2951 3218/3217/2930
f 3241/3240/2949 3243/3242/2951 3244/3243/1668
f 3245/3244/2952 3244/3243/1668 3246/3245/1666
f 3244/3243/1668 3243/3242/2951 3246/3245/1666
f 3214/3213/2926 3247/3246/2953 3243/3242/2951
f 3246/3245/1666 3243/3242/2951 3247/3246/2953
f 3214/3213/2926 3213/3212/2925 3247/3246/2953
f 3248/3247/1665 3246/3245/1666 3247/3246/2953
f 3213/3212/2925 3216/3215/2928 3247/3246/2953
f 3248/3247/1665 3247/3246/2953 3249/3248/2954
f 3216/3215/2928 3250/3249/2955 3247/3246/2953
f 3249/3248/2954 3251/3250/2956 3248/3247/1665
f 3251/3250/2956 3252/3251/2957 3248/3247/1665
f 3253/3252/2958 3247/3246/2953 3250/3249/2955
f 3247/3246/2953 3253/3252/2958 3249/3248/2954
f 3250/3249/2955 3254/3253/2959 3253/3252/2958
f 3249/3248/2954 3253/3252/2958 3254/3253/2959
f 3216/3215/2928 3255/3254/2960 3250/3249/2955
f 3254/3253/2959 3250/3249/2955 3255/3254/2960
f 3256/3255/2961 3252/3251/2957 3251/3250/2956
f 3252/3251/2957 3256/3255/2961 3257/3256/1662
f 3249/3248/2954 3258/3257/2962 3251/3250/2956
f 3258/3257/2962 3256/3255/2961 3251/3250/2956
f 3254/3253/2959 3259/3258/2963 3249/3248/2954
f 3256/3255/2961 3260/3259/2964 3257/3256/1662
f 3261/3260/2965 3257/3256/1662 3260/3259/2964
f 3261/3260/2965 3260/3259/2964 3262/3261/1660
f 3249/3248/2954 3259/3258/2963 3263/3262/2966
f 3263/3262/2966 3258/3257/2962 3249/3248/2954
f 3259/3258/2963 3254/3253/2959 3264/3263/2967
f 3255/3254/2960 3264/3263/2967 3254/3253/2959
f 3265/3264/2968 3258/3257/2962 3263/3262/2966
f 3264/3263/2967 3255/3254/2960 3266/3265/2969
f 3216/3215/2928 3266/3265/2969 3255/3254/2960
f 3267/3266/2970 3258/3257/2962 3265/3264/2968
f 3267/3266/2970 3256/3255/2961 3258/3257/2962
f 3268/3267/2971 3256/3255/2961 3267/3266/2970
f 3256/3255/2961 3268/3267/2971 3260/3259/2964
f 3268/3267/2971 3267/3266/2970 3260/3259/2964
f 3216/3215/2928 3269/3268/2972 3266/3265/2969
f 3269/3268/2972 3216/3215/2928 3211/3210/2923
f 3208/3207/2920 3269/3268/2972 3211/3210/2923
f 3208/3207/2920 3270/3269/2973 3269/3268/2972
f 3270/3269/2973 3271/3270/2974 3269/3268/2972
f 3266/3265/2969 3269/3268/2972 3271/3270/2974
f 3272/3271/2975 3270/3269/2973 3208/3207/2920
f 3270/3269/2973 3272/3271/2975 3271/3270/2974
f 3272/3271/2975 3208/3207/2920 3273/3272/2976
f 3271/3270/2974 3272/3271/2975 3273/3272/2976
f 3273/3272/2976 3208/3207/2920 3207/3206/2919
f 3205/3204/2917 3273/3272/2976 3207/3206/2919
f 3273/3272/2976 3205/3204/2917 3271/3270/2974
f 3271/3270/2974 3274/3273/2977 3266/3265/2969
f 3271/3270/2974 3205/3204/2917 3274/3273/2977
f 3274/3273/2977 3275/3274/2978 3266/3265/2969
f 3274/3273/2977 3205/3204/2917 3275/3274/2978
f 3266/3265/2969 3275/3274/2978 3264/3263/2967
f 3205/3204/2917 3276/3275/2979 3275/3274/2978
f 3277/3276/2980 3264/3263/2967 3275/3274/2978
f 3205/3204/2917 3278/3277/2981 3276/3275/2979
f 3205/3204/2917 3201/3200/2913 3278/3277/2981
f 3276/3275/2979 3279/3278/2982 3275/3274/2978
f 3279/3278/2982 3277/3276/2980 3275/3274/2978
f 3278/3277/2981 3280/3279/2983 3276/3275/2979
f 3276/3275/2979 3280/3279/2983 3279/3278/2982
f 3281/3280/2984 3264/3263/2967 3277/3276/2980
f 3281/3280/2984 3277/3276/2980 3279/3278/2982
f 3282/3281/2985 3264/3263/2967 3281/3280/2984
f 3282/3281/2985 3259/3258/2963 3264/3263/2967
f 3283/3282/2986 3281/3280/2984 3279/3278/2982
f 3279/3278/2982 3280/3279/2983 3283/3282/2986
f 3281/3280/2984 3284/3283/2987 3282/3281/2985
f 3259/3258/2963 3282/3281/2985 3285/3284/2988
f 3282/3281/2985 3284/3283/2987 3285/3284/2988
f 3259/3258/2963 3285/3284/2988 3263/3262/2966
f 3281/3280/2984 3286/3285/2989 3284/3283/2987
f 3286/3285/2989 3285/3284/2988 3284/3283/2987
f 3281/3280/2984 3283/3282/2986 3286/3285/2989
f 3287/3286/2990 3263/3262/2966 3285/3284/2988
f 3288/3287/2991 3286/3285/2989 3283/3282/2986
f 3289/3288/2992 3263/3262/2966 3287/3286/2990
f 3289/3288/2992 3265/3264/2968 3263/3262/2966
f 3290/3289/2993 3286/3285/2989 3288/3287/2991
f 3290/3289/2993 3285/3284/2988 3286/3285/2989
f 3288/3287/2991 3283/3282/2986 3291/3290/2994
f 3291/3290/2994 3290/3289/2993 3288/3287/2991
f 3292/3291/2995 3291/3290/2994 3283/3282/2986
f 3283/3282/2986 3280/3279/2983 3292/3291/2995
f 3291/3290/2994 3292/3291/2995 3293/3292/2996
f 3280/3279/2983 3293/3292/2996 3292/3291/2995
f 3290/3289/2993 3291/3290/2994 3294/3293/2997
f 3294/3293/2997 3291/3290/2994 3293/3292/2996
f 3290/3289/2993 3295/3294/2998 3285/3284/2988
f 3287/3286/2990 3285/3284/2988 3295/3294/2998
f 3280/3279/2983 3296/3295/2999 3293/3292/2996
f 3296/3295/2999 3280/3279/2983 3297/3296/3000
f 3278/3277/2981 3297/3296/3000 3280/3279/2983
f 3201/3200/2913 3297/3296/3000 3278/3277/2981
f 3296/3295/2999 3297/3296/3000 3298/3297/3001
f 3293/3292/2996 3296/3295/2999 3298/3297/3001
f 3299/3298/3002 3298/3297/3001 3297/3296/3000
f 3299/3298/3002 3297/3296/3000 3201/3200/2913
f 3300/3299/3003 3293/3292/2996 3298/3297/3001
f 3298/3297/3001 3299/3298/3002 3300/3299/3003
f 3300/3299/3003 3301/3300/3004 3293/3292/2996
f 3294/3293/2997 3293/3292/2996 3301/3300/3004
f 3300/3299/3003 3299/3298/3002 3302/3301/3005
f 3302/3301/3005 3301/3300/3004 3300/3299/3003
f 3299/3298/3002 3303/3302/3006 3302/3301/3005
f 3303/3302/3006 3299/3298/3002 3201/3200/2913
f 3302/3301/3005 3304/3303/3007 3301/3300/3004
f 3303/3302/3006 3304/3303/3007 3302/3301/3005
f 3301/3300/3004 3305/3304/3008 3294/3293/2997
f 3306/3305/3009 3304/3303/3007 3303/3302/3006
f 3307/3306/3010 3294/3293/2997 3305/3304/3008
f 3294/3293/2997 3307/3306/3010 3290/3289/2993
f 3305/3304/3008 3301/3300/3004 3308/3307/3011
f 3301/3300/3004 3304/3303/3007 3308/3307/3011
f 3308/3307/3011 3307/3306/3010 3305/3304/3008
f 3306/3305/3009 3309/3308/3012 3304/3303/3007
f 3308/3307/3011 3304/3303/3007 3309/3308/3012
f 3303/3302/3006 3310/3309/3013 3306/3305/3009
f 3310/3309/3013 3303/3302/3006 3201/3200/2913
f 3309/3308/3012 3306/3305/3009 3311/3310/3014
f 3201/3200/2913 3312/3311/3015 3310/3309/3013
f 3201/3200/2913 3194/3193/2906 3312/3311/3015
f 3198/3197/2910 3312/3311/3015 3194/3193/2906
f 3310/3309/3013 3313/3312/3016 3306/3305/3009
f 3311/3310/3014 3306/3305/3009 3313/3312/3016
f 3310/3309/3013 3312/3311/3015 3314/3313/3017
f 3198/3197/2910 3314/3313/3017 3312/3311/3015
f 3315/3314/3018 3313/3312/3016 3310/3309/3013
f 3315/3314/3018 3310/3309/3013 3314/3313/3017
f 3311/3310/3014 3313/3312/3016 3316/3315/3019
f 3313/3312/3016 3315/3314/3018 3316/3315/3019
f 3316/3315/3019 3317/3316/3020 3311/3310/3014
f 3309/3308/3012 3311/3310/3014 3317/3316/3020
f 3315/3314/3018 3318/3317/3021 3316/3315/3019
f 3319/3318/3022 3309/3308/3012 3317/3316/3020
f 3318/3317/3021 3315/3314/3018 3320/3319/3023
f 3320/3319/3023 3315/3314/3018 3314/3313/3017
f 3321/3320/3024 3309/3308/3012 3319/3318/3022
f 3308/3307/3011 3309/3308/3012 3321/3320/3024
f 3317/3316/3020 3322/3321/3025 3319/3318/3022
f 3321/3320/3024 3323/3322/3026 3308/3307/3011
f 3317/3316/3020 3324/3323/3027 3322/3321/3025
f 3317/3316/3020 3316/3315/3019 3324/3323/3027
f 3325/3324/3028 3308/3307/3011 3323/3322/3026
f 3321/3320/3024 3325/3324/3028 3323/3322/3026
f 3324/3323/3027 3316/3315/3019 3326/3325/3029
f 3326/3325/3029 3316/3315/3019 3318/3317/3021
f 3327/3326/3030 3321/3320/3024 3319/3318/3022
f 3322/3321/3025 3327/3326/3030 3319/3318/3022
f 3321/3320/3024 3327/3326/3030 3325/3324/3028
f 3322/3321/3025 3324/3323/3027 3328/3327/3031
f 3328/3327/3031 3327/3326/3030 3322/3321/3025
f 3329/3328/3032 3328/3327/3031 3324/3323/3027
f 3329/3328/3032 3324/3323/3027 3326/3325/3029
f 3328/3327/3031 3330/3329/3033 3327/3326/3030
f 3329/3328/3032 3326/3325/3029 3331/3330/3034
f 3332/3331/3035 3328/3327/3031 3329/3328/3032
f 3331/3330/3034 3332/3331/3035 3329/3328/3032
f 3330/3329/3033 3328/3327/3031 3332/3331/3035
f 3326/3325/3029 3333/3332/3036 3331/3330/3034
f 3318/3317/3021 3333/3332/3036 3326/3325/3029
f 3334/3333/3037 3331/3330/3034 3333/3332/3036
f 3318/3317/3021 3335/3334/3038 3333/3332/3036
f 3333/3332/3036 3335/3334/3038 3334/3333/3037
f 3335/3334/3038 3318/3317/3021 3336/3335/3039
f 3318/3317/3021 3320/3319/3023 3336/3335/3039
f 3334/3333/3037 3337/3336/3040 3331/3330/3034
f 3336/3335/3039 3320/3319/3023 3338/3337/3041
f 3336/3335/3039 3338/3337/3041 3335/3334/3038
f 3331/3330/3034 3337/3336/3040 3339/3338/3042
f 3332/3331/3035 3331/3330/3034 3339/3338/3042
f 3339/3338/3042 3337/3336/3040 3340/3339/3043
f 3339/3338/3042 3340/3339/3043 3332/3331/3035
f 3341/3340/3044 3337/3336/3040 3334/3333/3037
f 3334/3333/3037 3335/3334/3038 3341/3340/3044
f 3340/3339/3043 3337/3336/3040 3342/3341/3045
f 3342/3341/3045 3337/3336/3040 3341/3340/3044
f 3342/3341/3045 3343/3342/3046 3340/3339/3043
f 3332/3331/3035 3340/3339/3043 3343/3342/3046
f 3342/3341/3045 3341/3340/3044 3344/3343/3047
f 3345/3344/3048 3332/3331/3035 3343/3342/3046
f 3346/3345/3049 3341/3340/3044 3335/3334/3038
f 3344/3343/3047 3341/3340/3044 3346/3345/3049
f 3345/3344/3048 3347/3346/3050 3332/3331/3035
f 3343/3342/3046 3347/3346/3050 3345/3344/3048
f 3343/3342/3046 3342/3341/3045 3348/3347/3051
f 3347/3346/3050 3343/3342/3046 3348/3347/3051
f 3348/3347/3051 3342/3341/3045 3344/3343/3047
f 3349/3348/3052 3332/3331/3035 3347/3346/3050
f 3349/3348/3052 3330/3329/3033 3332/3331/3035
f 3350/3349/3053 3349/3348/3052 3347/3346/3050
f 3349/3348/3052 3350/3349/3053 3330/3329/3033
f 3347/3346/3050 3348/3347/3051 3351/3350/3054
f 3347/3346/3050 3351/3350/3054 3350/3349/3053
f 3352/3351/3055 3348/3347/3051 3344/3343/3047
f 3353/3352/3056 3351/3350/3054 3348/3347/3051
f 3352/3351/3055 3353/3352/3056 3348/3347/3051
f 3354/3353/3057 3352/3351/3055 3344/3343/3047
f 3355/3354/3058 3353/3352/3056 3352/3351/3055
f 3354/3353/3057 3355/3354/3058 3352/3351/3055
f 3356/3355/3059 3354/3353/3057 3344/3343/3047
f 3356/3355/3059 3344/3343/3047 3346/3345/3049
f 3357/3356/3060 3355/3354/3058 3354/3353/3057
f 3356/3355/3059 3358/3357/3061 3354/3353/3057
f 3358/3357/3061 3357/3356/3060 3354/3353/3057
f 3356/3355/3059 3346/3345/3049 3359/3358/3062
f 3356/3355/3059 3359/3358/3062 3358/3357/3061
f 3346/3345/3049 3335/3334/3038 3360/3359/3063
f 3346/3345/3049 3360/3359/3063 3359/3358/3062
f 3335/3334/3038 3338/3337/3041 3360/3359/3063
f 3357/3356/3060 3358/3357/3061 3361/3360/3064
f 3338/3337/3041 3362/3361/3065 3360/3359/3063
f 3361/3360/3064 3363/3362/3066 3357/3356/3060
f 3355/3354/3058 3357/3356/3060 3363/3362/3066
f 3364/3363/3067 3360/3359/3063 3362/3361/3065
f 3360/3359/3063 3364/3363/3067 3359/3358/3062
f 3365/3364/3068 3362/3361/3065 3338/3337/3041
f 3365/3364/3068 3364/3363/3067 3362/3361/3065
f 3365/3364/3068 3338/3337/3041 3198/3197/2910
f 3366/3365/3069 3198/3197/2910 3338/3337/3041
f 3366/3365/3069 3338/3337/3041 3320/3319/3023
f 3366/3365/3069 3314/3313/3017 3198/3197/2910
f 3365/3364/3068 3198/3197/2910 3197/3196/2909
f 3367/3366/3070 3314/3313/3017 3366/3365/3069
f 3320/3319/3023 3314/3313/3017 3367/3366/3070
f 3320/3319/3023 3367/3366/3070 3366/3365/3069
f 3365/3364/3068 3197/3196/2909 3368/3367/3071
f 3364/3363/3067 3365/3364/3068 3368/3367/3071
f 3197/3196/2909 3369/3368/3072 3368/3367/3071
f 3369/3368/3072 3197/3196/2909 3370/3369/3073
f 3369/3368/3072 3370/3369/3073 3368/3367/3071
f 3370/3369/3073 3364/3363/3067 3368/3367/3071
f 3173/3172/2885 3370/3369/3073 3197/3196/2909
f 3370/3369/3073 3371/3370/3074 3364/3363/3067
f 3173/3172/2885 3372/3371/3075 3370/3369/3073
f 3370/3369/3073 3372/3371/3075 3371/3370/3074
f 3371/3370/3074 3373/3372/3076 3364/3363/3067
f 3359/3358/3062 3364/3363/3067 3373/3372/3076
f 3372/3371/3075 3374/3373/3077 3371/3370/3074
f 3374/3373/3077 3373/3372/3076 3371/3370/3074
f 3173/3172/2885 3375/3374/3078 3372/3371/3075
f 3171/3170/2883 3375/3374/3078 3173/3172/2885
f 3170/3169/2882 3375/3374/3078 3171/3170/2883
f 3372/3371/3075 3375/3374/3078 3376/3375/3079
f 3377/3376/3080 3372/3371/3075 3376/3375/3079
f 3374/3373/3077 3372/3371/3075 3377/3376/3080
f 3377/3376/3080 3376/3375/3079 3378/3377/3081
f 3375/3374/3078 3378/3377/3081 3376/3375/3079
f 3374/3373/3077 3377/3376/3080 3378/3377/3081
f 3375/3374/3078 3379/3378/3082 3378/3377/3081
f 3379/3378/3082 3374/3373/3077 3378/3377/3081
f 3380/3379/3083 3375/3374/3078 3170/3169/2882
f 3379/3378/3082 3375/3374/3078 3380/3379/3083
f 3380/3379/3083 3170/3169/2882 3381/3380/3084
f 3374/3373/3077 3379/3378/3082 3382/3381/3085
f 3170/3169/2882 3383/3382/3086 3381/3380/3084
f 3094/3093/2806 3383/3382/3086 3170/3169/2882
f 3094/3093/2806 3075/3074/2787 3383/3382/3086
f 3069/3068/2781 3383/3382/3086 3075/3074/2787
f 3069/3068/2781 3070/3069/2782 3383/3382/3086
f 3384/3383/3087 3374/3373/3077 3382/3381/3085
f 3374/3373/3077 3384/3383/3087 3373/3372/3076
f 3382/3381/3085 3385/3384/3088 3384/3383/3087
f 3373/3372/3076 3384/3383/3087 3385/3384/3088
f 3379/3378/3082 3386/3385/3089 3382/3381/3085
f 3385/3384/3088 3382/3381/3085 3387/3386/3090
f 3387/3386/3090 3382/3381/3085 3386/3385/3089
f 3386/3385/3089 3379/3378/3082 3388/3387/3091
f 3380/3379/3083 3388/3387/3091 3379/3378/3082
f 3388/3387/3091 3389/3388/3092 3386/3385/3089
f 3389/3388/3092 3387/3386/3090 3386/3385/3089
f 3380/3379/3083 3390/3389/3093 3388/3387/3091
f 3388/3387/3091 3390/3389/3093 3389/3388/3092
f 3380/3379/3083 3381/3380/3084 3390/3389/3093
f 3391/3390/3094 3390/3389/3093 3381/3380/3084
f 3390/3389/3093 3391/3390/3094 3389/3388/3092
f 3381/3380/3084 3383/3382/3086 3391/3390/3094
f 3387/3386/3090 3389/3388/3092 3392/3391/3095
f 3389/3388/3092 3391/3390/3094 3393/3392/3096
f 3392/3391/3095 3389/3388/3092 3393/3392/3096
f 3383/3382/3086 3394/3393/3097 3391/3390/3094
f 3040/3039/2752 3043/3042/2755 3042/3041/2754
f 3070/3069/2782 3394/3393/3097 3383/3382/3086
f 3394/3393/3097 3070/3069/2782 3395/3394/3098
f 3393/3392/3096 3394/3393/3097 3395/3394/3098
f 3395/3394/3098 3070/3069/2782 3072/3071/2784
f 3396/3395/3099 3393/3392/3096 3395/3394/3098
f 3396/3395/3099 3392/3391/3095 3393/3392/3096
f 3397/3396/3100 3395/3394/3098 3072/3071/2784
f 3395/3394/3098 3397/3396/3100 3398/3397/3101
f 3395/3394/3098 3398/3397/3101 3396/3395/3099
f 3399/3398/3102 3398/3397/3101 3397/3396/3100
f 3398/3397/3101 3399/3398/3102 3400/3399/3103
f 3396/3395/3099 3398/3397/3101 3400/3399/3103
f 3399/3398/3102 3397/3396/3100 3401/3400/3104
f 3399/3398/3102 3401/3400/3104 3400/3399/3103
f 3397/3396/3100 3072/3071/2784 3401/3400/3104
f 3400/3399/3103 3402/3401/3105 3396/3395/3099
f 3401/3400/3104 3072/3071/2784 3403/3402/3106
f 3404/3403/3107 3403/3402/3106 3072/3071/2784
f 3072/3071/2784 3046/3045/2758 3404/3403/3107
f 3404/3403/3107 3405/3404/3108 3403/3402/3106
f 3405/3404/3108 3401/3400/3104 3403/3402/3106
f 3406/3405/3109 3404/3403/3107 3046/3045/2758
f 3406/3405/3109 3405/3404/3108 3404/3403/3107
f 3046/3045/2758 3039/3038/2751 3406/3405/3109
f 3406/3405/3109 3039/3038/2751 3038/3037/2750
f 3407/3406/3110 3401/3400/3104 3405/3404/3108
f 3038/3037/2750 3408/3407/3111 3406/3405/3109
f 3401/3400/3104 3407/3406/3110 3409/3408/3112
f 3405/3404/3108 3406/3405/3109 3410/3409/3113
f 3410/3409/3113 3406/3405/3109 3408/3407/3111
f 3407/3406/3110 3405/3404/3108 3411/3410/3114
f 3410/3409/3113 3411/3410/3114 3405/3404/3108
f 3409/3408/3112 3407/3406/3110 3412/3411/3115
f 3411/3410/3114 3412/3411/3115 3407/3406/3110
f 3409/3408/3112 3413/3412/3116 3401/3400/3104
f 3413/3412/3116 3409/3408/3112 3412/3411/3115
f 3413/3412/3116 3400/3399/3103 3401/3400/3104
f 3402/3401/3105 3400/3399/3103 3413/3412/3116
f 3411/3410/3114 3414/3413/3117 3412/3411/3115
f 3413/3412/3116 3412/3411/3115 3414/3413/3117
f 3415/3414/3118 3414/3413/3117 3411/3410/3114
f 3411/3410/3114 3410/3409/3113 3415/3414/3118
f 3413/3412/3116 3414/3413/3117 3416/3415/3119
f 3415/3414/3118 3416/3415/3119 3414/3413/3117
f 3417/3416/3120 3402/3401/3105 3413/3412/3116
f 3417/3416/3120 3413/3412/3116 3416/3415/3119
f 3418/3417/3121 3415/3414/3118 3410/3409/3113
f 3419/3418/3122 3416/3415/3119 3415/3414/3118
f 3418/3417/3121 3419/3418/3122 3415/3414/3118
f 3418/3417/3121 3410/3409/3113 3420/3419/3123
f 3410/3409/3113 3408/3407/3111 3420/3419/3123
f 3418/3417/3121 3421/3420/3124 3419/3418/3122
f 3420/3419/3123 3422/3421/3125 3418/3417/3121
f 3422/3421/3125 3421/3420/3124 3418/3417/3121
f 3422/3421/3125 3420/3419/3123 3408/3407/3111
f 3419/3418/3122 3421/3420/3124 3423/3422/3126
f 3419/3418/3122 3423/3422/3126 3416/3415/3119
f 3421/3420/3124 3422/3421/3125 3424/3423/3127
f 3423/3422/3126 3421/3420/3124 3424/3423/3127
f 3408/3407/3111 3425/3424/3128 3422/3421/3125
f 3425/3424/3128 3424/3423/3127 3422/3421/3125
f 3426/3425/3129 3416/3415/3119 3423/3422/3126
f 3417/3416/3120 3416/3415/3119 3426/3425/3129
f 3427/3426/3130 3423/3422/3126 3424/3423/3127
f 3423/3422/3126 3427/3426/3130 3426/3425/3129
f 3427/3426/3130 3424/3423/3127 3425/3424/3128
f 3428/3427/3131 3425/3424/3128 3408/3407/3111
f 3038/3037/2750 3428/3427/3131 3408/3407/3111
f 3035/3034/2747 3428/3427/3131 3038/3037/2750
f 3425/3424/3128 3428/3427/3131 3429/3428/3132
f 3430/3429/3133 3428/3427/3131 3035/3034/2747
f 3429/3428/3132 3428/3427/3131 3430/3429/3133
f 3430/3429/3133 3035/3034/2747 3033/3032/2745
f 3425/3424/3128 3429/3428/3132 3431/3430/3134
f 3430/3429/3133 3431/3430/3134 3429/3428/3132
f 3425/3424/3128 3431/3430/3134 3427/3426/3130
f 3430/3429/3133 3033/3032/2745 3432/3431/3135
f 3433/3432/3136 3427/3426/3130 3431/3430/3134
f 3432/3431/3135 3033/3032/2745 3434/3433/3137
f 3434/3433/3137 3033/3032/2745 2946/2945/2658
f 3435/3434/3138 3431/3430/3134 3430/3429/3133
f 3432/3431/3135 3435/3434/3138 3430/3429/3133
f 3431/3430/3134 3435/3434/3138 3433/3432/3136
f 3434/3433/3137 3436/3435/3139 3432/3431/3135
f 3436/3435/3139 3435/3434/3138 3432/3431/3135
f 3436/3435/3139 3434/3433/3137 3437/3436/1427
f 3436/3435/3139 3438/3437/1424 3435/3434/3138
f 3434/3433/3137 3439/3438/3140 3437/3436/1427
f 3440/3439/3141 3435/3434/3138 3438/3437/1424
f 3435/3434/3138 3440/3439/3141 3441/3440/3142
f 3435/3434/3138 3441/3440/3142 3442/3441/3143
f 3439/3438/3140 3434/3433/3137 3443/3442/3144
f 2946/2945/2658 3443/3442/3144 3434/3433/3137
f 3444/3443/3145 3439/3438/3140 3443/3442/3144
f 2946/2945/2658 2947/2946/2659 3443/3442/3144
f 3443/3442/3144 3445/3444/3146 3444/3443/3145
f 3445/3444/3146 3443/3442/3144 2947/2946/2659
f 3446/3445/3147 3435/3434/3138 3442/3441/3143
f 3442/3441/3143 3447/3446/1415 3446/3445/3147
f 3435/3434/3138 3446/3445/3147 3448/3447/3148
f 3435/3434/3138 3448/3447/3148 3433/3432/3136
f 3449/3448/3149 3446/3445/3147 3447/3446/1415
f 3449/3448/3149 3447/3446/1415 3450/3449/1509
f 3451/3450/3150 3433/3432/3136 3448/3447/3148
f 3427/3426/3130 3433/3432/3136 3451/3450/3150
f 3451/3450/3150 3452/3451/3151 3427/3426/3130
f 3448/3447/3148 3452/3451/3151 3451/3450/3150
f 3427/3426/3130 3452/3451/3151 3426/3425/3129
f 3446/3445/3147 3453/3452/3152 3448/3447/3148
f 3453/3452/3152 3446/3445/3147 3449/3448/3149
f 3452/3451/3151 3448/3447/3148 3454/3453/3153
f 3453/3452/3152 3454/3453/3153 3448/3447/3148
f 3455/3454/3154 3426/3425/3129 3452/3451/3151
f 3452/3451/3151 3454/3453/3153 3456/3455/3155
f 3455/3454/3154 3452/3451/3151 3456/3455/3155
f 3426/3425/3129 3455/3454/3154 3417/3416/3120
f 3457/3456/3156 3454/3453/3153 3453/3452/3152
f 3457/3456/3156 3456/3455/3155 3454/3453/3153
f 3458/3457/3157 3457/3456/3156 3453/3452/3152
f 3458/3457/3157 3453/3452/3152 3449/3448/3149
f 3456/3455/3155 3457/3456/3156 3459/3458/3158
f 3449/3448/3149 3460/3459/3159 3458/3457/3157
f 3461/3460/3160 3456/3455/3155 3459/3458/3158
f 3461/3460/3160 3455/3454/3154 3456/3455/3155
f 3449/3448/3149 3462/3461/3161 3460/3459/3159
f 3461/3460/3160 3463/3462/3162 3455/3454/3154
f 3463/3462/3162 3461/3460/3160 3459/3458/3158
f 3462/3461/3161 3449/3448/3149 3464/3463/3163
f 3450/3449/1509 3464/3463/3163 3449/3448/3149
f 3464/3463/3163 3450/3449/1509 3465/3464/3164
f 3466/3465/1502 3464/3463/3163 3465/3464/3164
f 3467/3466/3165 3464/3463/3163 3466/3465/1502
f 3462/3461/3161 3464/3463/3163 3468/3467/3166
f 3467/3466/3165 3469/3468/3167 3464/3463/3163
f 3464/3463/3163 3469/3468/3167 3468/3467/3166
f 3469/3468/3167 3467/3466/3165 3470/3469/3168
f 3467/3466/3165 3471/3470/3169 3470/3469/3168
f 3471/3470/3169 3472/3471/3170 3470/3469/3168
f 3473/3472/3171 3470/3469/3168 3472/3471/3170
f 3473/3472/3171 3472/3471/3170 3474/3473/3172
f 3470/3469/3168 3475/3474/3173 3469/3468/3167
f 3475/3474/3173 3470/3469/3168 3473/3472/3171
f 3473/3472/3171 3474/3473/3172 3476/3475/3174
f 3474/3473/3172 3477/3476/2412 3476/3475/3174
f 3476/3475/3174 3478/3477/3175 3473/3472/3171
f 3477/3476/2412 3479/3478/3176 3476/3475/3174
f 3479/3478/3176 3478/3477/3175 3476/3475/3174
f 3480/3479/2413 3479/3478/3176 3477/3476/2412
f 3473/3472/3171 3478/3477/3175 3481/3480/3177
f 3478/3477/3175 3479/3478/3176 3481/3480/3177
f 3475/3474/3173 3473/3472/3171 3481/3480/3177
f 3479/3478/3176 3480/3479/2413 3482/3481/3178
f 3480/3479/2413 3483/3482/3179 3482/3481/3178
f 3479/3478/3176 3482/3481/3178 3484/3483/3180
f 3479/3478/3176 3484/3483/3180 3485/3484/3181
f 3484/3483/3180 3482/3481/3178 3485/3484/3181
f 3481/3480/3177 3479/3478/3176 3485/3484/3181
f 3483/3482/3179 3486/3485/3182 3482/3481/3178
f 3485/3484/3181 3482/3481/3178 3486/3485/3182
f 3483/3482/3179 3487/3486/2417 3486/3485/3182
f 3488/3487/3183 3481/3480/3177 3485/3484/3181
f 3486/3485/3182 3487/3486/2417 3489/3488/3184
f 3487/3486/2417 3490/3489/3185 3489/3488/3184
f 3491/3490/3186 3485/3484/3181 3486/3485/3182
f 3491/3490/3186 3488/3487/3183 3485/3484/3181
f 3486/3485/3182 3489/3488/3184 3492/3491/3187
f 3486/3485/3182 3492/3491/3187 3491/3490/3186
f 3493/3492/3188 3489/3488/3184 3490/3489/3185
f 3494/3493/905 3493/3492/3188 3490/3489/3185
f 3495/3494/906 3493/3492/3188 3494/3493/905
f 3495/3494/906 3496/3495/1229 3493/3492/3188
f 3489/3488/3184 3497/3496/3189 3492/3491/3187
f 3493/3492/3188 3498/3497/3190 3489/3488/3184
f 3489/3488/3184 3498/3497/3190 3497/3496/3189
f 3492/3491/3187 3497/3496/3189 3499/3498/3191
f 3499/3498/3191 3497/3496/3189 3498/3497/3190
f 3499/3498/3191 3491/3490/3186 3492/3491/3187
f 3500/3499/3192 3498/3497/3190 3493/3492/3188
f 3496/3495/1229 3500/3499/3192 3493/3492/3188
f 3499/3498/3191 3498/3497/3190 3501/3500/3193
f 3500/3499/3192 3501/3500/3193 3498/3497/3190
f 3499/3498/3191 3502/3501/3194 3491/3490/3186
f 3488/3487/3183 3491/3490/3186 3502/3501/3194
f 3503/3502/3195 3500/3499/3192 3496/3495/1229
f 3504/3503/3196 3503/3502/3195 3496/3495/1229
f 3504/3503/3196 3505/3504/3197 3503/3502/3195
f 3505/3504/3197 3506/3505/3198 3503/3502/3195
f 3507/3506/3199 3506/3505/3198 3505/3504/3197
f 3507/3506/3199 3508/3507/3200 3506/3505/3198
f 3509/3508/3201 3506/3505/3198 3508/3507/3200
f 3510/3509/3202 3500/3499/3192 3503/3502/3195
f 3506/3505/3198 3510/3509/3202 3503/3502/3195
f 3506/3505/3198 3509/3508/3201 3511/3510/3203
f 3512/3511/3204 3510/3509/3202 3506/3505/3198
f 3511/3510/3203 3512/3511/3204 3506/3505/3198
f 3511/3510/3203 3509/3508/3201 3513/3512/3205
f 3513/3512/3205 3509/3508/3201 3514/3513/1208
f 3512/3511/3204 3511/3510/3203 3515/3514/3206
f 3513/3512/3205 3514/3513/1208 3516/3515/3207
f 3516/3515/3207 3514/3513/1208 3517/3516/1206
f 3518/3517/3208 3511/3510/3203 3513/3512/3205
f 3518/3517/3208 3513/3512/3205 3516/3515/3207
f 3518/3517/3208 3515/3514/3206 3511/3510/3203
f 3517/3516/1206 3519/3518/3209 3516/3515/3207
f 3519/3518/3209 3517/3516/1206 3520/3519/612
f 3518/3517/3208 3516/3515/3207 3521/3520/3210
f 3521/3520/3210 3516/3515/3207 3519/3518/3209
f 3520/3519/612 3522/3521/3211 3519/3518/3209
f 3523/3522/3212 3522/3521/3211 3520/3519/612
f 3524/3523/3213 3522/3521/3211 3523/3522/3212
f 3522/3521/3211 3525/3524/3214 3519/3518/3209
f 3521/3520/3210 3519/3518/3209 3525/3524/3214
f 3524/3523/3213 3526/3525/3215 3522/3521/3211
f 3525/3524/3214 3522/3521/3211 3526/3525/3215
f 3526/3525/3215 3524/3523/3213 3527/3526/3216
f 3526/3525/3215 3527/3526/3216 3528/3527/619
f 3528/3527/619 3529/3528/3217 3526/3525/3215
f 3530/3529/3218 3529/3528/3217 3528/3527/619
f 3530/3529/3218 3531/3530/345 3529/3528/3217
f 3525/3524/3214 3526/3525/3215 3532/3531/3219
f 3526/3525/3215 3529/3528/3217 3532/3531/3219
f 3533/3532/3220 3529/3528/3217 3531/3530/345
f 3531/3530/345 3534/3533/343 3533/3532/3220
f 3532/3531/3219 3529/3528/3217 3535/3534/3221
f 3533/3532/3220 3535/3534/3221 3529/3528/3217
f 3536/3535/3222 3532/3531/3219 3535/3534/3221
f 3537/3536/3223 3533/3532/3220 3534/3533/343
f 3537/3536/3223 3534/3533/343 3538/3537/3224
f 3536/3535/3222 3535/3534/3221 3539/3538/3225
f 3533/3532/3220 3539/3538/3225 3535/3534/3221
f 3536/3535/3222 3539/3538/3225 3532/3531/3219
f 3533/3532/3220 3537/3536/3223 3540/3539/3226
f 3539/3538/3225 3533/3532/3220 3540/3539/3226
f 3541/3540/3227 3537/3536/3223 3538/3537/3224
f 3537/3536/3223 3541/3540/3227 3540/3539/3226
f 3541/3540/3227 3538/3537/3224 3542/3541/3228
f 3539/3538/3225 3543/3542/3229 3532/3531/3219
f 3532/3531/3219 3543/3542/3229 3525/3524/3214
f 3521/3520/3210 3525/3524/3214 3543/3542/3229
f 3541/3540/3227 3542/3541/3228 3544/3543/3230
f 3542/3541/3228 3545/3544/3231 3544/3543/3230
f 3544/3543/3230 3545/3544/3231 3546/3545/3232
f 3541/3540/3227 3544/3543/3230 3547/3546/3233
f 3540/3539/3226 3541/3540/3227 3547/3546/3233
f 3546/3545/3232 3548/3547/3234 3544/3543/3230
f 3544/3543/3230 3548/3547/3234 3547/3546/3233
f 3546/3545/3232 3549/3548/335 3548/3547/3234
f 3548/3547/3234 3549/3548/335 3550/3549/3235
f 3551/3550/331 3550/3549/3235 3549/3548/335
f 3552/3551/3236 3550/3549/3235 3551/3550/331
f 3552/3551/3236 3553/3552/2219 3550/3549/3235
f 3553/3552/2219 3554/3553/3237 3550/3549/3235
f 3550/3549/3235 3555/3554/3238 3548/3547/3234
f 3554/3553/3237 3555/3554/3238 3550/3549/3235
f 3556/3555/3239 3554/3553/3237 3553/3552/2219
f 3554/3553/3237 3556/3555/3239 3555/3554/3238
f 3553/3552/2219 3557/3556/3240 3556/3555/3239
f 3548/3547/3234 3555/3554/3238 3558/3557/3241
f 3547/3546/3233 3548/3547/3234 3558/3557/3241
f 3556/3555/3239 3557/3556/3240 3559/3558/3242
f 3559/3558/3242 3557/3556/3240 3560/3559/3243
f 3561/3560/3244 3559/3558/3242 3560/3559/3243
f 3556/3555/3239 3559/3558/3242 3561/3560/3244
f 3562/3561/3245 3561/3560/3244 3560/3559/3243
f 3563/3562/3246 3561/3560/3244 3562/3561/3245
f 3555/3554/3238 3556/3555/3239 3564/3563/3247
f 3556/3555/3239 3561/3560/3244 3564/3563/3247
f 3565/3564/3248 3561/3560/3244 3563/3562/3246
f 3565/3564/3248 3563/3562/3246 3566/3565/3249
f 3564/3563/3247 3561/3560/3244 3567/3566/3250
f 3565/3564/3248 3567/3566/3250 3561/3560/3244
f 3568/3567/3251 3555/3554/3238 3564/3563/3247
f 3568/3567/3251 3564/3563/3247 3567/3566/3250
f 3555/3554/3238 3568/3567/3251 3558/3557/3241
f 3565/3564/3248 3569/3568/3252 3567/3566/3250
f 3565/3564/3248 3566/3565/3249 3570/3569/3253
f 3570/3569/3253 3569/3568/3252 3565/3564/3248
f 3566/3565/3249 3571/3570/3254 3570/3569/3253
f 3570/3569/3253 3571/3570/3254 3572/3571/2092
f 3570/3569/3253 3572/3571/2092 3573/3572/3255
f 3570/3569/3253 3573/3572/3255 3574/3573/3256
f 3573/3572/3255 3575/3574/3257 3574/3573/3256
f 3570/3569/3253 3576/3575/3258 3569/3568/3252
f 3574/3573/3256 3576/3575/3258 3570/3569/3253
f 3577/3576/3259 3574/3573/3256 3575/3574/3257
f 3575/3574/3257 3578/3577/3260 3577/3576/3259
f 3576/3575/3258 3574/3573/3256 3579/3578/3261
f 3579/3578/3261 3574/3573/3256 3577/3576/3259
f 3580/3579/3262 3577/3576/3259 3578/3577/3260
f 3580/3579/3262 3579/3578/3261 3577/3576/3259
f 3580/3579/3262 3578/3577/3260 3581/3580/3263
f 3580/3579/3262 3581/3580/3263 3582/3581/3264
f 3580/3579/3262 3582/3581/3264 3583/3582/3265
f 3582/3581/3264 3584/3583/3266 3583/3582/3265
f 3580/3579/3262 3583/3582/3265 3579/3578/3261
f 3585/3584/3267 3579/3578/3261 3583/3582/3265
f 3586/3585/3268 3579/3578/3261 3585/3584/3267
f 3579/3578/3261 3586/3585/3268 3587/3586/3269
f 3587/3586/3269 3586/3585/3268 3588/3587/3270
f 3576/3575/3258 3579/3578/3261 3589/3588/3271
f 3579/3578/3261 3587/3586/3269 3589/3588/3271
f 3569/3568/3252 3576/3575/3258 3589/3588/3271
f 3587/3586/3269 3588/3587/3270 3590/3589/3272
f 3588/3587/3270 3591/3590/3273 3590/3589/3272
f 3591/3590/3273 3592/3591/1657 3590/3589/3272
f 3592/3591/1657 3593/3592/3274 3590/3589/3272
f 3593/3592/3274 3594/3593/1659 3590/3589/3272
f 3590/3589/3272 3594/3593/1659 3262/3261/1660
f 3260/3259/2964 3590/3589/3272 3262/3261/1660
f 3260/3259/2964 3587/3586/3269 3590/3589/3272
f 3587/3586/3269 3260/3259/2964 3595/3594/3275
f 3589/3588/3271 3587/3586/3269 3595/3594/3275
f 3595/3594/3275 3260/3259/2964 3596/3595/3276
f 3260/3259/2964 3267/3266/2970 3596/3595/3276
f 3595/3594/3275 3597/3596/3277 3589/3588/3271
f 3596/3595/3276 3267/3266/2970 3598/3597/3278
f 3598/3597/3278 3267/3266/2970 3265/3264/2968
f 3595/3594/3275 3596/3595/3276 3599/3598/3279
f 3599/3598/3279 3597/3596/3277 3595/3594/3275
f 3600/3599/3280 3596/3595/3276 3598/3597/3278
f 3601/3600/3281 3589/3588/3271 3597/3596/3277
f 3601/3600/3281 3569/3568/3252 3589/3588/3271
f 3567/3566/3250 3569/3568/3252 3601/3600/3281
f 3601/3600/3281 3568/3567/3251 3567/3566/3250
f 3599/3598/3279 3596/3595/3276 3600/3599/3280
f 3602/3601/3282 3600/3599/3280 3598/3597/3278
f 3265/3264/2968 3602/3601/3282 3598/3597/3278
f 3265/3264/2968 3289/3288/2992 3602/3601/3282
f 3289/3288/2992 3287/3286/2990 3602/3601/3282
f 3599/3598/3279 3600/3599/3280 3603/3602/3283
f 3604/3603/3284 3600/3599/3280 3602/3601/3282
f 3603/3602/3283 3600/3599/3280 3604/3603/3284
f 3602/3601/3282 3287/3286/2990 3604/3603/3284
f 3599/3598/3279 3603/3602/3283 3605/3604/3285
f 3597/3596/3277 3599/3598/3279 3605/3604/3285
f 3597/3596/3277 3605/3604/3285 3601/3600/3281
f 3606/3605/3286 3603/3602/3283 3604/3603/3284
f 3603/3602/3283 3606/3605/3286 3605/3604/3285
f 3604/3603/3284 3287/3286/2990 3606/3605/3286
f 3605/3604/3285 3607/3606/3287 3601/3600/3281
f 3287/3286/2990 3608/3607/3288 3606/3605/3286
f 3287/3286/2990 3295/3294/2998 3608/3607/3288
f 3609/3608/3289 3605/3604/3285 3606/3605/3286
f 3609/3608/3289 3606/3605/3286 3608/3607/3288
f 3605/3604/3285 3609/3608/3289 3607/3606/3287
f 3609/3608/3289 3608/3607/3288 3610/3609/3290
f 3609/3608/3289 3610/3609/3290 3607/3606/3287
f 3608/3607/3288 3295/3294/2998 3610/3609/3290
f 3607/3606/3287 3611/3610/3291 3601/3600/3281
f 3601/3600/3281 3611/3610/3291 3568/3567/3251
f 3610/3609/3290 3612/3611/3292 3607/3606/3287
f 3612/3611/3292 3610/3609/3290 3295/3294/2998
f 3611/3610/3291 3607/3606/3287 3612/3611/3292
f 3612/3611/3292 3295/3294/2998 3613/3612/3293
f 3290/3289/2993 3613/3612/3293 3295/3294/2998
f 3614/3613/3294 3611/3610/3291 3612/3611/3292
f 3612/3611/3292 3613/3612/3293 3614/3613/3294
f 3613/3612/3293 3290/3289/2993 3615/3614/3295
f 3614/3613/3294 3613/3612/3293 3615/3614/3295
f 3615/3614/3295 3290/3289/2993 3307/3306/3010
f 3614/3613/3294 3616/3615/3296 3611/3610/3291
f 3616/3615/3296 3568/3567/3251 3611/3610/3291
f 3617/3616/3297 3614/3613/3294 3615/3614/3295
f 3617/3616/3297 3616/3615/3296 3614/3613/3294
f 3615/3614/3295 3307/3306/3010 3618/3617/3298
f 3615/3614/3295 3618/3617/3298 3617/3616/3297
f 3616/3615/3296 3619/3618/3299 3568/3567/3251
f 3619/3618/3299 3616/3615/3296 3617/3616/3297
f 3620/3619/3300 3618/3617/3298 3307/3306/3010
f 3621/3620/3301 3619/3618/3299 3617/3616/3297
f 3617/3616/3297 3618/3617/3298 3622/3621/3302
f 3621/3620/3301 3617/3616/3297 3622/3621/3302
f 3623/3622/3303 3619/3618/3299 3621/3620/3301
f 3568/3567/3251 3619/3618/3299 3623/3622/3303
f 3622/3621/3302 3624/3623/3304 3621/3620/3301
f 3624/3623/3304 3623/3622/3303 3621/3620/3301
f 3625/3624/3305 3624/3623/3304 3622/3621/3302
f 3568/3567/3251 3623/3622/3303 3626/3625/3306
f 3568/3567/3251 3626/3625/3306 3558/3557/3241
f 3625/3624/3305 3627/3626/3307 3624/3623/3304
f 3620/3619/3300 3625/3624/3305 3622/3621/3302
f 3627/3626/3307 3625/3624/3305 3628/3627/3308
f 3625/3624/3305 3620/3619/3300 3628/3627/3308
f 3629/3628/3309 3624/3623/3304 3627/3626/3307
f 3627/3626/3307 3628/3627/3308 3629/3628/3309
f 3624/3623/3304 3629/3628/3309 3623/3622/3303
f 3628/3627/3308 3630/3629/3310 3629/3628/3309
f 3631/3630/3311 3630/3629/3310 3628/3627/3308
f 3632/3631/3312 3629/3628/3309 3630/3629/3310
f 3631/3630/3311 3632/3631/3312 3630/3629/3310
f 3623/3622/3303 3629/3628/3309 3633/3632/3313
f 3629/3628/3309 3632/3631/3312 3633/3632/3313
f 3634/3633/3314 3631/3630/3311 3628/3627/3308
f 3634/3633/3314 3628/3627/3308 3620/3619/3300
f 3632/3631/3312 3631/3630/3311 3635/3634/3315
f 3634/3633/3314 3635/3634/3315 3631/3630/3311
f 3636/3635/3316 3632/3631/3312 3635/3634/3315
f 3620/3619/3300 3637/3636/3317 3634/3633/3314
f 3634/3633/3314 3638/3637/3318 3635/3634/3315
f 3636/3635/3316 3635/3634/3315 3638/3637/3318
f 3637/3636/3317 3638/3637/3318 3634/3633/3314
f 3632/3631/3312 3636/3635/3316 3639/3638/3319
f 3638/3637/3318 3639/3638/3319 3636/3635/3316
f 3640/3639/3320 3637/3636/3317 3620/3619/3300
f 3620/3619/3300 3307/3306/3010 3640/3639/3320
f 3307/3306/3010 3308/3307/3011 3640/3639/3320
f 3308/3307/3011 3325/3324/3028 3640/3639/3320
f 3640/3639/3320 3325/3324/3028 3637/3636/3317
f 3638/3637/3318 3637/3636/3317 3325/3324/3028
f 3327/3326/3030 3638/3637/3318 3325/3324/3028
f 3327/3326/3030 3641/3640/3321 3638/3637/3318
f 3327/3326/3030 3330/3329/3033 3641/3640/3321
f 3642/3641/3322 3638/3637/3318 3641/3640/3321
f 3642/3641/3322 3641/3640/3321 3330/3329/3033
f 3638/3637/3318 3642/3641/3322 3639/3638/3319
f 3643/3642/3323 3642/3641/3322 3330/3329/3033
f 3639/3638/3319 3642/3641/3322 3644/3643/3324
f 3645/3644/3325 3643/3642/3323 3330/3329/3033
f 3643/3642/3323 3646/3645/3326 3642/3641/3322
f 3644/3643/3324 3642/3641/3322 3646/3645/3326
f 3645/3644/3325 3646/3645/3326 3643/3642/3323
f 3350/3349/3053 3645/3644/3325 3330/3329/3033
f 3644/3643/3324 3647/3646/3327 3639/3638/3319
f 3647/3646/3327 3632/3631/3312 3639/3638/3319
f 3633/3632/3313 3632/3631/3312 3647/3646/3327
f 3648/3647/3328 3644/3643/3324 3646/3645/3326
f 3647/3646/3327 3644/3643/3324 3648/3647/3328
f 3649/3648/3329 3646/3645/3326 3645/3644/3325
f 3646/3645/3326 3649/3648/3329 3648/3647/3328
f 3650/3649/3330 3649/3648/3329 3645/3644/3325
f 3650/3649/3330 3645/3644/3325 3350/3349/3053
f 3650/3649/3330 3651/3650/3331 3649/3648/3329
f 3652/3651/3332 3650/3649/3330 3350/3349/3053
f 3651/3650/3331 3650/3649/3330 3652/3651/3332
f 3652/3651/3332 3350/3349/3053 3653/3652/3333
f 3350/3349/3053 3351/3350/3054 3653/3652/3333
f 3652/3651/3332 3654/3653/3334 3651/3650/3331
f 3652/3651/3332 3653/3652/3333 3654/3653/3334
f 3651/3650/3331 3655/3654/3335 3649/3648/3329
f 3655/3654/3335 3648/3647/3328 3649/3648/3329
f 3351/3350/3054 3656/3655/3336 3653/3652/3333
f 3656/3655/3336 3351/3350/3054 3353/3352/3056
f 3654/3653/3334 3653/3652/3333 3657/3656/3337
f 3656/3655/3336 3353/3352/3056 3658/3657/3338
f 3353/3352/3056 3355/3354/3058 3658/3657/3338
f 3658/3657/3338 3355/3354/3058 3363/3362/3066
f 3657/3656/3337 3653/3652/3333 3659/3658/3339
f 3653/3652/3333 3656/3655/3336 3659/3658/3339
f 3660/3659/3340 3654/3653/3334 3657/3656/3337
f 3661/3660/3341 3657/3656/3337 3659/3658/3339
f 3657/3656/3337 3661/3660/3341 3660/3659/3340
f 3660/3659/3340 3662/3661/3342 3654/3653/3334
f 3663/3662/3343 3660/3659/3340 3661/3660/3341
f 3660/3659/3340 3663/3662/3343 3662/3661/3342
f 3664/3663/3344 3661/3660/3341 3659/3658/3339
f 3664/3663/3344 3663/3662/3343 3661/3660/3341
f 3662/3661/3342 3665/3664/3345 3654/3653/3334
f 3665/3664/3345 3651/3650/3331 3654/3653/3334
f 3662/3661/3342 3663/3662/3343 3666/3665/3346
f 3667/3666/3347 3651/3650/3331 3665/3664/3345
f 3655/3654/3335 3651/3650/3331 3667/3666/3347
f 3668/3667/3348 3666/3665/3346 3663/3662/3343
f 3668/3667/3348 3663/3662/3343 3664/3663/3344
f 3669/3668/3349 3662/3661/3342 3666/3665/3346
f 3670/3669/3350 3666/3665/3346 3668/3667/3348
f 3666/3665/3346 3670/3669/3350 3669/3668/3349
f 3671/3670/3351 3662/3661/3342 3669/3668/3349
f 3662/3661/3342 3671/3670/3351 3665/3664/3345
f 3669/3668/3349 3670/3669/3350 3672/3671/3352
f 3669/3668/3349 3672/3671/3352 3671/3670/3351
f 3673/3672/3353 3670/3669/3350 3668/3667/3348
f 3668/3667/3348 3664/3663/3344 3673/3672/3353
f 3674/3673/3354 3672/3671/3352 3670/3669/3350
f 3673/3672/3353 3674/3673/3354 3670/3669/3350
f 3672/3671/3352 3675/3674/3355 3671/3670/3351
f 3665/3664/3345 3671/3670/3351 3675/3674/3355
f 3672/3671/3352 3674/3673/3354 3515/3514/3206
f 3675/3674/3355 3676/3675/3356 3665/3664/3345
f 3665/3664/3345 3676/3675/3356 3667/3666/3347
f 3674/3673/3354 3512/3511/3204 3515/3514/3206
f 3510/3509/3202 3512/3511/3204 3674/3673/3354
f 3677/3676/3357 3672/3671/3352 3515/3514/3206
f 3677/3676/3357 3675/3674/3355 3672/3671/3352
f 3515/3514/3206 3518/3517/3208 3677/3676/3357
f 3678/3677/3358 3510/3509/3202 3674/3673/3354
f 3674/3673/3354 3673/3672/3353 3678/3677/3358
f 3500/3499/3192 3510/3509/3202 3678/3677/3358
f 3518/3517/3208 3679/3678/3359 3677/3676/3357
f 3677/3676/3357 3679/3678/3359 3675/3674/3355
f 3679/3678/3359 3518/3517/3208 3521/3520/3210
f 3521/3520/3210 3543/3542/3229 3679/3678/3359
f 3680/3679/3360 3675/3674/3355 3679/3678/3359
f 3681/3680/3361 3679/3678/3359 3543/3542/3229
f 3680/3679/3360 3679/3678/3359 3681/3680/3361
f 3539/3538/3225 3681/3680/3361 3543/3542/3229
f 3540/3539/3226 3681/3680/3361 3539/3538/3225
f 3682/3681/3362 3675/3674/3355 3680/3679/3360
f 3675/3674/3355 3682/3681/3362 3676/3675/3356
f 3682/3681/3362 3667/3666/3347 3676/3675/3356
f 3681/3680/3361 3683/3682/3363 3680/3679/3360
f 3680/3679/3360 3683/3682/3363 3682/3681/3362
f 3682/3681/3362 3684/3683/3364 3667/3666/3347
f 3655/3654/3335 3667/3666/3347 3684/3683/3364
f 3684/3683/3364 3682/3681/3362 3685/3684/3365
f 3685/3684/3365 3655/3654/3335 3684/3683/3364
f 3683/3682/3363 3685/3684/3365 3682/3681/3362
f 3686/3685/3366 3655/3654/3335 3685/3684/3365
f 3685/3684/3365 3683/3682/3363 3686/3685/3366
f 3686/3685/3366 3687/3686/3367 3655/3654/3335
f 3648/3647/3328 3655/3654/3335 3687/3686/3367
f 3688/3687/3368 3686/3685/3366 3683/3682/3363
f 3686/3685/3366 3688/3687/3368 3687/3686/3367
f 3683/3682/3363 3681/3680/3361 3689/3688/3369
f 3683/3682/3363 3689/3688/3369 3688/3687/3368
f 3690/3689/3370 3687/3686/3367 3688/3687/3368
f 3690/3689/3370 3648/3647/3328 3687/3686/3367
f 3691/3690/3371 3688/3687/3368 3689/3688/3369
f 3690/3689/3370 3688/3687/3368 3691/3690/3371
f 3689/3688/3369 3681/3680/3361 3692/3691/3372
f 3681/3680/3361 3540/3539/3226 3692/3691/3372
f 3547/3546/3233 3692/3691/3372 3540/3539/3226
f 3693/3692/3373 3690/3689/3370 3691/3690/3371
f 3690/3689/3370 3693/3692/3373 3648/3647/3328
f 3691/3690/3371 3689/3688/3369 3694/3693/3374
f 3692/3691/3372 3694/3693/3374 3689/3688/3369
f 3691/3690/3371 3695/3694/3375 3693/3692/3373
f 3691/3690/3371 3694/3693/3374 3695/3694/3375
f 3695/3694/3375 3648/3647/3328 3693/3692/3373
f 3696/3695/3376 3694/3693/3374 3692/3691/3372
f 3695/3694/3375 3697/3696/3377 3648/3647/3328
f 3695/3694/3375 3694/3693/3374 3697/3696/3377
f 3694/3693/3374 3696/3695/3376 3697/3696/3377
f 3697/3696/3377 3698/3697/3378 3648/3647/3328
f 3698/3697/3378 3647/3646/3327 3648/3647/3328
f 3698/3697/3378 3699/3698/3379 3647/3646/3327
f 3700/3699/3380 3698/3697/3378 3697/3696/3377
f 3700/3699/3380 3699/3698/3379 3698/3697/3378
f 3700/3699/3380 3697/3696/3377 3696/3695/3376
f 3633/3632/3313 3647/3646/3327 3699/3698/3379
f 3692/3691/3372 3701/3700/3381 3696/3695/3376
f 3547/3546/3233 3701/3700/3381 3692/3691/3372
f 3700/3699/3380 3696/3695/3376 3702/3701/3382
f 3696/3695/3376 3701/3700/3381 3702/3701/3382
f 3700/3699/3380 3703/3702/3383 3699/3698/3379
f 3699/3698/3379 3703/3702/3383 3633/3632/3313
f 3704/3703/3384 3700/3699/3380 3702/3701/3382
f 3700/3699/3380 3704/3703/3384 3703/3702/3383
f 3701/3700/3381 3705/3704/3385 3702/3701/3382
f 3704/3703/3384 3702/3701/3382 3705/3704/3385
f 3701/3700/3381 3547/3546/3233 3706/3705/3386
f 3706/3705/3386 3705/3704/3385 3701/3700/3381
f 3547/3546/3233 3558/3557/3241 3706/3705/3386
f 3707/3706/3387 3704/3703/3384 3705/3704/3385
f 3707/3706/3387 3703/3702/3383 3704/3703/3384
f 3705/3704/3385 3708/3707/3388 3707/3706/3387
f 3708/3707/3388 3705/3704/3385 3706/3705/3386
f 3703/3702/3383 3707/3706/3387 3709/3708/3389
f 3708/3707/3388 3709/3708/3389 3707/3706/3387
f 3709/3708/3389 3633/3632/3313 3703/3702/3383
f 3708/3707/3388 3710/3709/3390 3709/3708/3389
f 3710/3709/3390 3633/3632/3313 3709/3708/3389
f 3711/3710/3391 3708/3707/3388 3706/3705/3386
f 3708/3707/3388 3711/3710/3391 3710/3709/3390
f 3710/3709/3390 3712/3711/3392 3633/3632/3313
f 3710/3709/3390 3711/3710/3391 3712/3711/3392
f 3712/3711/3392 3713/3712/3393 3633/3632/3313
f 3711/3710/3391 3713/3712/3393 3712/3711/3392
f 3623/3622/3303 3633/3632/3313 3713/3712/3393
f 3713/3712/3393 3626/3625/3306 3623/3622/3303
f 3706/3705/3386 3714/3713/3394 3711/3710/3391
f 3711/3710/3391 3714/3713/3394 3713/3712/3393
f 3558/3557/3241 3714/3713/3394 3706/3705/3386
f 3715/3714/3395 3558/3557/3241 3626/3625/3306
f 3558/3557/3241 3715/3714/3395 3714/3713/3394
f 3713/3712/3393 3716/3715/3396 3626/3625/3306
f 3715/3714/3395 3626/3625/3306 3716/3715/3396
f 3714/3713/3394 3717/3716/3397 3713/3712/3393
f 3716/3715/3396 3713/3712/3393 3717/3716/3397
f 3718/3717/3398 3714/3713/3394 3715/3714/3395
f 3717/3716/3397 3714/3713/3394 3718/3717/3398
f 3715/3714/3395 3716/3715/3396 3718/3717/3398
f 3717/3716/3397 3718/3717/3398 3716/3715/3396
f 3719/3718/3399 3720/3719/3400 3721/3720/3401
f 3722/3721/3402 3720/3719/3400 3719/3718/3399
f 3722/3721/3402 3723/3722/3403 3720/3719/3400
f 3724/3723/2084 3725/3724/3404 3719/3718/3399
f 3719/3718/3399 3725/3724/3404 3722/3721/3402
f 3726/3725/3405 3723/3722/3403 3722/3721/3402
f 3722/3721/3402 3725/3724/3404 3726/3725/3405
f 3727/3726/3406 3723/3722/3403 3726/3725/3405
f 3727/3726/3406 3728/3727/3407 3723/3722/3403
f 3729/3728/3408 3725/3724/3404 3730/3729/2084
f 3728/3727/3407 3731/3730/2087 3732/3731/3409
f 3733/3732/3410 3725/3724/3404 3729/3728/3408
f 3734/3733/3411 3733/3732/3410 3729/3728/3408
f 3728/3727/3407 3735/3734/3412 3731/3730/2087
f 3735/3734/3412 3736/3735/3413 3731/3730/2087
f 3736/3735/3413 3735/3734/3412 3737/3736/3414
f 3738/3737/3415 3735/3734/3412 3728/3727/3407
f 3727/3726/3406 3738/3737/3415 3728/3727/3407
f 3739/3738/3416 3737/3736/3414 3735/3734/3412
f 3735/3734/3412 3738/3737/3415 3739/3738/3416
f 3739/3738/3416 3740/3739/3417 3737/3736/3414
f 3740/3739/3417 3739/3738/3416 3741/3740/3418
f 3742/3741/3419 3741/3740/3418 3739/3738/3416
f 3743/3742/1573 3742/3741/3419 3739/3738/3416
f 3743/3742/1573 3744/3743/2105 3742/3741/3419
f 3743/3742/1573 3739/3738/3416 3738/3737/3415
f 3738/3737/3415 3745/3744/3420 3743/3742/1573
f 3746/3745/3421 3743/3742/1573 3747/3746/3422
f 3745/3744/3420 3747/3746/3422 3743/3742/1573
f 3748/3747/3423 3745/3744/3420 3738/3737/3415
f 3745/3744/3420 3748/3747/3423 3747/3746/3422
f 3748/3747/3423 3738/3737/3415 3727/3726/3406
f 3726/3725/3405 3748/3747/3423 3727/3726/3406
f 3747/3746/3422 3748/3747/3423 3749/3748/3424
f 3750/3749/3425 3747/3746/3422 3749/3748/3424
f 3726/3725/3405 3751/3750/3426 3748/3747/3423
f 3751/3750/3426 3726/3725/3405 3725/3724/3404
f 3751/3750/3426 3725/3724/3404 3733/3732/3410
f 3748/3747/3423 3752/3751/3427 3749/3748/3424
f 3749/3748/3424 3752/3751/3427 3750/3749/3425
f 3751/3750/3426 3752/3751/3427 3748/3747/3423
f 3750/3749/3425 3752/3751/3427 3753/3752/1570
f 3754/3753/3428 3751/3750/3426 3733/3732/3410
f 3754/3753/3428 3733/3732/3410 3734/3733/3411
f 3755/3754/3429 3753/3752/1570 3752/3751/3427
f 3753/3752/1570 3755/3754/3429 3756/3755/1571
f 3751/3750/3426 3757/3756/3430 3752/3751/3427
f 3752/3751/3427 3757/3756/3430 3755/3754/3429
f 3757/3756/3430 3751/3750/3426 3754/3753/3428
f 3756/3755/1571 3755/3754/3429 3757/3756/3430
f 3754/3753/3428 3734/3733/3411 3757/3756/3430
f 3757/3756/3430 3734/3733/3411 3756/3755/1571
f 3758/3757/3431 3759/3758/3432 3760/3759/3433
f 3761/3760/3434 3760/3759/3433 3759/3758/3432
f 3760/3759/3433 3761/3760/3434 3762/3761/3435
f 3763/3762/3436 3764/3763/3437 3759/3758/3432
f 3761/3760/3434 3759/3758/3432 3764/3763/3437
f 3765/3764/3438 3762/3761/3435 3761/3760/3434
f 3764/3763/3437 3765/3764/3438 3761/3760/3434
f 3766/3765/3439 3762/3761/3435 3765/3764/3438
f 3764/3763/3437 3766/3765/3439 3765/3764/3438
f 3767/3766/3436 3768/3767/3440 3764/3763/3437
f 3766/3765/3439 3769/3768/3441 3762/3761/3435
f 3770/3769/3442 3764/3763/3437 3768/3767/3440
f 3768/3767/3440 3771/3770/1692 3770/3769/3442
f 3766/3765/3439 3764/3763/3437 3772/3771/3443
f 3771/3770/1692 3773/3772/3444 3770/3769/3442
f 3773/3772/3444 3771/3770/1692 3774/3773/1693
f 3770/3769/3442 3775/3774/3445 3764/3763/3437
f 3773/3772/3444 3775/3774/3445 3770/3769/3442
f 3772/3771/3443 3764/3763/3437 3775/3774/3445
f 3773/3772/3444 3774/3773/1693 3776/3775/3446
f 3766/3765/3439 3772/3771/3443 3777/3776/3447
f 3769/3768/3441 3766/3765/3439 3777/3776/3447
f 3778/3777/3448 3772/3771/3443 3775/3774/3445
f 3777/3776/3447 3772/3771/3443 3778/3777/3448
f 3775/3774/3445 3773/3772/3444 3779/3778/3449
f 3773/3772/3444 3776/3775/3446 3779/3778/3449
f 3778/3777/3448 3775/3774/3445 3780/3779/3450
f 3775/3774/3445 3779/3778/3449 3780/3779/3450
f 3781/3780/3451 3778/3777/3448 3780/3779/3450
f 3779/3778/3449 3781/3780/3451 3780/3779/3450
f 3778/3777/3448 3782/3781/3452 3777/3776/3447
f 3781/3780/3451 3782/3781/3452 3778/3777/3448
f 3777/3776/3447 3782/3781/3452 3783/3782/3453
f 3782/3781/3452 3781/3780/3451 3784/3783/3454
f 3782/3781/3452 3784/3783/3454 3783/3782/3453
f 3785/3784/3455 3777/3776/3447 3783/3782/3453
f 3777/3776/3447 3785/3784/3455 3769/3768/3441
f 3783/3782/3453 3784/3783/3454 3786/3785/3456
f 3785/3784/3455 3783/3782/3453 3786/3785/3456
f 3787/3786/3457 3784/3783/3454 3781/3780/3451
f 3787/3786/3457 3781/3780/3451 3779/3778/3449
f 3788/3787/3458 3786/3785/3456 3784/3783/3454
f 3784/3783/3454 3789/3788/3459 3788/3787/3458
f 3787/3786/3457 3789/3788/3459 3784/3783/3454
f 3786/3785/3456 3788/3787/3458 3790/3789/3460
f 3789/3788/3459 3791/3790/3461 3788/3787/3458
f 3790/3789/3460 3788/3787/3458 3791/3790/3461
f 3792/3791/3462 3791/3790/3461 3789/3788/3459
f 3787/3786/3457 3792/3791/3462 3789/3788/3459
f 3790/3789/3460 3791/3790/3461 3793/3792/3463
f 3794/3793/3464 3791/3790/3461 3792/3791/3462
f 3791/3790/3461 3794/3793/3464 3793/3792/3463
f 3787/3786/3457 3795/3794/3465 3792/3791/3462
f 3795/3794/3465 3794/3793/3464 3792/3791/3462
f 3793/3792/3463 3794/3793/3464 3796/3795/3466
f 3787/3786/3457 3797/3796/3467 3795/3794/3465
f 3798/3797/3468 3793/3792/3463 3796/3795/3466
f 3790/3789/3460 3793/3792/3463 3798/3797/3468
f 3787/3786/3457 3799/3798/3469 3797/3796/3467
f 3799/3798/3469 3787/3786/3457 3779/3778/3449
f 3800/3799/3470 3797/3796/3467 3799/3798/3469
f 3800/3799/3470 3795/3794/3465 3797/3796/3467
f 3799/3798/3469 3801/3800/3471 3800/3799/3470
f 3800/3799/3470 3801/3800/3471 3795/3794/3465
f 3779/3778/3449 3802/3801/3472 3799/3798/3469
f 3801/3800/3471 3799/3798/3469 3802/3801/3472
f 3801/3800/3471 3803/3802/3473 3795/3794/3465
f 3802/3801/3472 3779/3778/3449 3804/3803/3474
f 3776/3775/3446 3804/3803/3474 3779/3778/3449
f 3795/3794/3465 3803/3802/3473 3805/3804/3475
f 3795/3794/3465 3805/3804/3475 3794/3793/3464
f 3806/3805/3476 3803/3802/3473 3801/3800/3471
f 3801/3800/3471 3802/3801/3472 3806/3805/3476
f 3794/3793/3464 3805/3804/3475 3807/3806/3477
f 3796/3795/3466 3794/3793/3464 3807/3806/3477
f 3808/3807/3478 3796/3795/3466 3807/3806/3477
f 3808/3807/3478 3798/3797/3468 3796/3795/3466
f 3807/3806/3477 3809/3808/3479 3808/3807/3478
f 3809/3808/3479 3798/3797/3468 3808/3807/3478
f 3807/3806/3477 3805/3804/3475 3810/3809/3480
f 3811/3810/3481 3798/3797/3468 3809/3808/3479
f 3810/3809/3480 3812/3811/3482 3807/3806/3477
f 3807/3806/3477 3813/3812/3483 3809/3808/3479
f 3813/3812/3483 3807/3806/3477 3812/3811/3482
f 3813/3812/3483 3814/3813/3484 3809/3808/3479
f 3811/3810/3481 3809/3808/3479 3814/3813/3484
f 3813/3812/3483 3815/3814/3485 3814/3813/3484
f 3813/3812/3483 3812/3811/3482 3815/3814/3485
f 3816/3815/3486 3811/3810/3481 3814/3813/3484
f 3814/3813/3484 3815/3814/3485 3816/3815/3486
f 3812/3811/3482 3810/3809/3480 3817/3816/3487
f 3810/3809/3480 3805/3804/3475 3817/3816/3487
f 3815/3814/3485 3812/3811/3482 3818/3817/3488
f 3819/3818/3489 3817/3816/3487 3805/3804/3475
f 3820/3819/3490 3818/3817/3488 3812/3811/3482
f 3820/3819/3490 3812/3811/3482 3817/3816/3487
f 3821/3820/3491 3819/3818/3489 3805/3804/3475
f 3821/3820/3491 3817/3816/3487 3819/3818/3489
f 3803/3802/3473 3821/3820/3491 3805/3804/3475
f 3820/3819/3490 3817/3816/3487 3822/3821/3492
f 3821/3820/3491 3822/3821/3492 3817/3816/3487
f 3823/3822/3493 3818/3817/3488 3820/3819/3490
f 3821/3820/3491 3803/3802/3473 3824/3823/3494
f 3824/3823/3494 3803/3802/3473 3806/3805/3476
f 3825/3824/3495 3818/3817/3488 3823/3822/3493
f 3825/3824/3495 3815/3814/3485 3818/3817/3488
f 3823/3822/3493 3820/3819/3490 3826/3825/3496
f 3825/3824/3495 3823/3822/3493 3826/3825/3496
f 3826/3825/3496 3820/3819/3490 3822/3821/3492
f 3827/3826/3497 3815/3814/3485 3825/3824/3495
f 3825/3824/3495 3826/3825/3496 3828/3827/3498
f 3827/3826/3497 3825/3824/3495 3828/3827/3498
f 3829/3828/3499 3815/3814/3485 3827/3826/3497
f 3815/3814/3485 3829/3828/3499 3816/3815/3486
f 3827/3826/3497 3828/3827/3498 3830/3829/3500
f 3830/3829/3500 3829/3828/3499 3827/3826/3497
f 3826/3825/3496 3831/3830/3501 3828/3827/3498
f 3828/3827/3498 3831/3830/3501 3830/3829/3500
f 3826/3825/3496 3822/3821/3492 3831/3830/3501
f 3830/3829/3500 3832/3831/3502 3829/3828/3499
f 3829/3828/3499 3833/3832/3503 3816/3815/3486
f 3833/3832/3503 3829/3828/3499 3832/3831/3502
f 3830/3829/3500 3831/3830/3501 3834/3833/3504
f 3834/3833/3504 3832/3831/3502 3830/3829/3500
f 3833/3832/3503 3835/3834/3505 3816/3815/3486
f 3811/3810/3481 3816/3815/3486 3835/3834/3505
f 3836/3835/3506 3833/3832/3503 3832/3831/3502
f 3811/3810/3481 3835/3834/3505 3837/3836/3507
f 3811/3810/3481 3837/3836/3507 3798/3797/3468
f 3833/3832/3503 3836/3835/3506 3838/3837/3508
f 3798/3797/3468 3837/3836/3507 3839/3838/3509
f 3790/3789/3460 3798/3797/3468 3839/3838/3509
f 3836/3835/3506 3840/3839/3510 3838/3837/3508
f 3836/3835/3506 3832/3831/3502 3840/3839/3510
f 3841/3840/3511 3833/3832/3503 3838/3837/3508
f 3833/3832/3503 3841/3840/3511 3835/3834/3505
f 3838/3837/3508 3840/3839/3510 3842/3841/3512
f 3832/3831/3502 3843/3842/3513 3840/3839/3510
f 3843/3842/3513 3842/3841/3512 3840/3839/3510
f 3842/3841/3512 3844/3843/3514 3838/3837/3508
f 3845/3844/3515 3838/3837/3508 3844/3843/3514
f 3845/3844/3515 3841/3840/3511 3838/3837/3508
f 3842/3841/3512 3846/3845/3516 3844/3843/3514
f 3846/3845/3516 3845/3844/3515 3844/3843/3514
f 3847/3846/3517 3842/3841/3512 3843/3842/3513
f 3848/3847/3518 3846/3845/3516 3842/3841/3512
f 3847/3846/3517 3848/3847/3518 3842/3841/3512
f 3846/3845/3516 3849/3848/3519 3845/3844/3515
f 3846/3845/3516 3848/3847/3518 3850/3849/3520
f 3849/3848/3519 3846/3845/3516 3850/3849/3520
f 3851/3850/3521 3848/3847/3518 3847/3846/3517
f 3851/3850/3521 3850/3849/3520 3848/3847/3518
f 3843/3842/3513 3852/3851/3522 3847/3846/3517
f 3852/3851/3522 3851/3850/3521 3847/3846/3517
f 3853/3852/3523 3852/3851/3522 3843/3842/3513
f 3832/3831/3502 3853/3852/3523 3843/3842/3513
f 3832/3831/3502 3854/3853/3524 3853/3852/3523
f 3854/3853/3524 3855/3854/3525 3853/3852/3523
f 3832/3831/3502 3855/3854/3525 3854/3853/3524
f 3855/3854/3525 3852/3851/3522 3853/3852/3523
f 3834/3833/3504 3855/3854/3525 3832/3831/3502
f 3852/3851/3522 3856/3855/3526 3851/3850/3521
f 3856/3855/3526 3852/3851/3522 3855/3854/3525
f 3855/3854/3525 3834/3833/3504 3831/3830/3501
f 3087/3086/2799 3857/3856/3527 3858/3857/3528
f 3831/3830/3501 3856/3855/3526 3855/3854/3525
f 3831/3830/3501 3822/3821/3492 3856/3855/3526
f 3851/3850/3521 3856/3855/3526 3859/3858/3529
f 3860/3859/3530 3856/3855/3526 3822/3821/3492
f 3859/3858/3529 3861/3860/3531 3851/3850/3521
f 3851/3850/3521 3861/3860/3531 3850/3849/3520
f 3862/3861/3532 3859/3858/3529 3856/3855/3526
f 3856/3855/3526 3860/3859/3530 3862/3861/3532
f 3859/3858/3529 3863/3862/3533 3861/3860/3531
f 3850/3849/3520 3861/3860/3531 3864/3863/3534
f 3861/3860/3531 3863/3862/3533 3864/3863/3534
f 3850/3849/3520 3864/3863/3534 3865/3864/3535
f 3849/3848/3519 3850/3849/3520 3865/3864/3535
f 3859/3858/3529 3866/3865/3536 3863/3862/3533
f 3859/3858/3529 3862/3861/3532 3866/3865/3536
f 3865/3864/3535 3867/3866/3537 3849/3848/3519
f 3865/3864/3535 3864/3863/3534 3867/3866/3537
f 3866/3865/3536 3862/3861/3532 3868/3867/3538
f 3864/3863/3534 3869/3868/3539 3867/3866/3537
f 3868/3867/3538 3870/3869/3540 3866/3865/3536
f 3871/3870/3541 3869/3868/3539 3864/3863/3534
f 3864/3863/3534 3863/3862/3533 3871/3870/3541
f 3866/3865/3536 3870/3869/3540 3872/3871/3542
f 3863/3862/3533 3866/3865/3536 3872/3871/3542
f 3870/3869/3540 3868/3867/3538 3872/3871/3542
f 3871/3870/3541 3863/3862/3533 3873/3872/3543
f 3863/3862/3533 3872/3871/3542 3873/3872/3543
f 3874/3873/3544 3869/3868/3539 3871/3870/3541
f 3875/3874/3545 3874/3873/3544 3871/3870/3541
f 3873/3872/3543 3875/3874/3545 3871/3870/3541
f 3869/3868/3539 3874/3873/3544 3876/3875/3546
f 3876/3875/3546 3874/3873/3544 3875/3874/3545
f 3867/3866/3537 3869/3868/3539 3876/3875/3546
f 3876/3875/3546 3875/3874/3545 3877/3876/3547
f 3875/3874/3545 3873/3872/3543 3877/3876/3547
f 3877/3876/3547 3878/3877/3548 3876/3875/3546
f 3876/3875/3546 3878/3877/3548 3867/3866/3537
f 3879/3878/3549 3877/3876/3547 3873/3872/3543
f 3878/3877/3548 3877/3876/3547 3879/3878/3549
f 3872/3871/3542 3880/3879/3550 3873/3872/3543
f 3873/3872/3543 3881/3880/3551 3879/3878/3549
f 3873/3872/3543 3880/3879/3550 3881/3880/3551
f 3882/3881/3552 3880/3879/3550 3872/3871/3542
f 3868/3867/3538 3882/3881/3552 3872/3871/3542
f 3883/3882/3553 3880/3879/3550 3882/3881/3552
f 3882/3881/3552 3868/3867/3538 3884/3883/3554
f 3880/3879/3550 3883/3882/3553 3885/3884/3555
f 3880/3879/3550 3885/3884/3555 3881/3880/3551
f 3886/3885/3556 3883/3882/3553 3882/3881/3552
f 3885/3884/3555 3883/3882/3553 3886/3885/3556
f 3882/3881/3552 3884/3883/3554 3886/3885/3556
f 3879/3878/3549 3881/3880/3551 3887/3886/3557
f 3879/3878/3549 3887/3886/3557 3888/3887/3558
f 3888/3887/3558 3878/3877/3548 3879/3878/3549
f 3887/3886/3557 3881/3880/3551 3889/3888/3559
f 3888/3887/3558 3887/3886/3557 3889/3888/3559
f 3878/3877/3548 3888/3887/3558 3890/3889/3560
f 3889/3888/3559 3890/3889/3560 3888/3887/3558
f 3891/3890/3561 3889/3888/3559 3881/3880/3551
f 3885/3884/3555 3891/3890/3561 3881/3880/3551
f 3890/3889/3560 3889/3888/3559 3892/3891/3562
f 3889/3888/3559 3891/3890/3561 3893/3892/3563
f 3892/3891/3562 3889/3888/3559 3893/3892/3563
f 3891/3890/3561 3894/3893/3564 3893/3892/3563
f 3892/3891/3562 3893/3892/3563 3894/3893/3564
f 3895/3894/3565 3894/3893/3564 3891/3890/3561
f 3885/3884/3555 3895/3894/3565 3891/3890/3561
f 3896/3895/3566 3892/3891/3562 3894/3893/3564
f 3897/3896/3567 3894/3893/3564 3895/3894/3565
f 3894/3893/3564 3897/3896/3567 3896/3895/3566
f 3895/3894/3565 3898/3897/3568 2986/2985/2698
f 3002/3001/2714 3897/3896/3567 3895/3894/3565
f 2986/2985/2698 3002/3001/2714 3895/3894/3565
f 2986/2985/2698 3898/3897/3568 2987/2986/2699
f 3898/3897/3568 3885/3884/3555 3899/3898/3569
f 3899/3898/3569 2987/2986/2699 3898/3897/3568
f 3886/3885/3556 3899/3898/3569 3885/3884/3555
f 2984/2983/2696 2987/2986/2699 3899/3898/3569
f 3886/3885/3556 3900/3899/3570 3899/3898/3569
f 3884/3883/3554 3900/3899/3570 3886/3885/3556
f 3901/3900/3571 2984/2983/2696 3899/3898/3569
f 3901/3900/3571 3899/3898/3569 3902/3901/3572
f 3900/3899/3570 3902/3901/3572 3899/3898/3569
f 3903/3902/3573 2984/2983/2696 3901/3900/3571
f 3901/3900/3571 3902/3901/3572 3903/3902/3573
f 2984/2983/2696 3903/3902/3573 2980/2979/2692
f 3904/3903/3574 3903/3902/3573 3902/3901/3572
f 3900/3899/3570 3904/3903/3574 3902/3901/3572
f 3905/3904/3575 2980/2979/2692 3903/3902/3573
f 3904/3903/3574 3905/3904/3575 3903/3902/3573
f 3900/3899/3570 3906/3905/3576 3904/3903/3574
f 3906/3905/3576 3905/3904/3575 3904/3903/3574
f 3900/3899/3570 3907/3906/3577 3906/3905/3576
f 3884/3883/3554 3907/3906/3577 3900/3899/3570
f 3906/3905/3576 3908/3907/3578 3905/3904/3575
f 3906/3905/3576 3907/3906/3577 3908/3907/3578
f 3909/3908/3579 2980/2979/2692 3905/3904/3575
f 3908/3907/3578 3909/3908/3579 3905/3904/3575
f 3909/3908/3579 2976/2975/2688 2980/2979/2692
f 3908/3907/3578 3907/3906/3577 3910/3909/3580
f 3907/3906/3577 3884/3883/3554 3911/3910/3581
f 3911/3910/3581 3910/3909/3580 3907/3906/3577
f 3912/3911/3582 3911/3910/3581 3884/3883/3554
f 3868/3867/3538 3912/3911/3582 3884/3883/3554
f 3862/3861/3532 3912/3911/3582 3868/3867/3538
f 3911/3910/3581 3913/3912/3583 3910/3909/3580
f 3913/3912/3583 3911/3910/3581 3912/3911/3582
f 3914/3913/3584 3908/3907/3578 3910/3909/3580
f 3910/3909/3580 3913/3912/3583 3914/3913/3584
f 3862/3861/3532 3915/3914/3585 3912/3911/3582
f 3860/3859/3530 3915/3914/3585 3862/3861/3532
f 3912/3911/3582 3916/3915/3586 3913/3912/3583
f 3912/3911/3582 3915/3914/3585 3917/3916/3587
f 3912/3911/3582 3917/3916/3587 3916/3915/3586
f 3918/3917/3588 3913/3912/3583 3916/3915/3586
f 3918/3917/3588 3914/3913/3584 3913/3912/3583
f 3919/3918/3589 3916/3915/3586 3917/3916/3587
f 3916/3915/3586 3919/3918/3589 3918/3917/3588
f 3915/3914/3585 3920/3919/3590 3917/3916/3587
f 3918/3917/3588 3919/3918/3589 3921/3920/3591
f 3918/3917/3588 3921/3920/3591 3914/3913/3584
f 3919/3918/3589 3917/3916/3587 3922/3921/3592
f 3917/3916/3587 3920/3919/3590 3922/3921/3592
f 3919/3918/3589 3923/3922/3593 3921/3920/3591
f 3919/3918/3589 3922/3921/3592 3924/3923/3594
f 3923/3922/3593 3919/3918/3589 3924/3923/3594
f 3922/3921/3592 3920/3919/3590 3925/3924/3595
f 3924/3923/3594 3922/3921/3592 3925/3924/3595
f 3926/3925/3596 3920/3919/3590 3915/3914/3585
f 3926/3925/3596 3915/3914/3585 3860/3859/3530
f 3926/3925/3596 3927/3926/3597 3920/3919/3590
f 3927/3926/3597 3926/3925/3596 3860/3859/3530
f 3925/3924/3595 3920/3919/3590 3928/3927/3598
f 3928/3927/3598 3920/3919/3590 3927/3926/3597
f 3925/3924/3595 3929/3928/3599 3924/3923/3594
f 3928/3927/3598 3929/3928/3599 3925/3924/3595
f 3927/3926/3597 3860/3859/3530 3930/3929/3600
f 3806/3805/3476 3928/3927/3598 3927/3926/3597
f 3930/3929/3600 3806/3805/3476 3927/3926/3597
f 3931/3930/3601 3930/3929/3600 3860/3859/3530
f 3822/3821/3492 3931/3930/3601 3860/3859/3530
f 3821/3820/3491 3931/3930/3601 3822/3821/3492
f 3824/3823/3494 3931/3930/3601 3821/3820/3491
f 3824/3823/3494 3806/3805/3476 3930/3929/3600
f 3931/3930/3601 3932/3931/3602 3930/3929/3600
f 3931/3930/3601 3824/3823/3494 3932/3931/3602
f 3932/3931/3602 3824/3823/3494 3930/3929/3600
f 3806/3805/3476 3802/3801/3472 3928/3927/3598
f 3933/3932/3603 3929/3928/3599 3928/3927/3598
f 3928/3927/3598 3934/3933/3604 3933/3932/3603
f 3929/3928/3599 3933/3932/3603 3934/3933/3604
f 3928/3927/3598 3802/3801/3472 3934/3933/3604
f 3935/3934/3605 3929/3928/3599 3934/3933/3604
f 3802/3801/3472 3936/3935/3606 3934/3933/3604
f 3936/3935/3606 3935/3934/3605 3934/3933/3604
f 3935/3934/3605 3937/3936/3607 3929/3928/3599
f 3938/3937/3608 3936/3935/3606 3802/3801/3472
f 3937/3936/3607 3939/3938/3609 3929/3928/3599
f 3924/3923/3594 3929/3928/3599 3939/3938/3609
f 3924/3923/3594 3939/3938/3609 3923/3922/3593
f 3935/3934/3605 3940/3939/3610 3937/3936/3607
f 3937/3936/3607 3940/3939/3610 3939/3938/3609
f 3941/3940/3611 3935/3934/3605 3936/3935/3606
f 3940/3939/3610 3935/3934/3605 3941/3940/3611
f 3936/3935/3606 3938/3937/3608 3942/3941/3612
f 3942/3941/3612 3941/3940/3611 3936/3935/3606
f 3802/3801/3472 3943/3942/3613 3938/3937/3608
f 3942/3941/3612 3938/3937/3608 3943/3942/3613
f 3802/3801/3472 3944/3943/3614 3943/3942/3613
f 3804/3803/3474 3944/3943/3614 3802/3801/3472
f 3945/3944/3615 3942/3941/3612 3943/3942/3613
f 3944/3943/3614 3945/3944/3615 3943/3942/3613
f 3946/3945/3616 3941/3940/3611 3942/3941/3612
f 3942/3941/3612 3945/3944/3615 3946/3945/3616
f 3945/3944/3615 3944/3943/3614 3947/3946/3617
f 3946/3945/3616 3945/3944/3615 3947/3946/3617
f 3944/3943/3614 3948/3947/3618 3947/3946/3617
f 3948/3947/3618 3946/3945/3616 3947/3946/3617
f 3804/3803/3474 3949/3948/3619 3944/3943/3614
f 3944/3943/3614 3949/3948/3619 3948/3947/3618
f 3950/3949/3620 3949/3948/3619 3804/3803/3474
f 3804/3803/3474 3776/3775/3446 3950/3949/3620
f 3948/3947/3618 3949/3948/3619 3951/3950/3621
f 3951/3950/3621 3949/3948/3619 3950/3949/3620
f 3952/3951/3622 3948/3947/3618 3951/3950/3621
f 3952/3951/3622 3946/3945/3616 3948/3947/3618
f 3953/3952/3623 3951/3950/3621 3950/3949/3620
f 3952/3951/3622 3951/3950/3621 3953/3952/3623
f 3776/3775/3446 3954/3953/3624 3950/3949/3620
f 3774/3773/1693 3954/3953/3624 3776/3775/3446
f 3955/3954/3625 3954/3953/3624 3774/3773/1693
f 3956/3955/3626 3954/3953/3624 3955/3954/3625
f 3954/3953/3624 3957/3956/3627 3950/3949/3620
f 3954/3953/3624 3956/3955/3626 3957/3956/3627
f 3950/3949/3620 3957/3956/3627 3953/3952/3623
f 3956/3955/3626 3958/3957/3628 3957/3956/3627
f 3958/3957/3628 3953/3952/3623 3957/3956/3627
f 3959/3958/1698 3953/3952/3623 3958/3957/3628
f 3953/3952/3623 3959/3958/1698 3960/3959/3629
f 3961/3960/1542 3960/3959/3629 3962/3961/3630
f 3953/3952/3623 3960/3959/3629 3963/3962/3631
f 3953/3952/3623 3963/3962/3631 3952/3951/3622
f 3960/3959/3629 3961/3960/1542 3964/3963/3632
f 3963/3962/3631 3960/3959/3629 3964/3963/3632
f 3961/3960/1542 2761/2760/2514 3964/3963/3632
f 3952/3951/3622 3963/3962/3631 3965/3964/3633
f 3964/3963/3632 2761/2760/2514 3966/3965/3634
f 2761/2760/2514 2767/2766/2519 3966/3965/3634
f 3963/3962/3631 3964/3963/3632 3967/3966/3635
f 3963/3962/3631 3967/3966/3635 3965/3964/3633
f 2767/2766/2519 3968/3967/3636 3966/3965/3634
f 3968/3967/3636 2767/2766/2519 2772/2771/2523
f 3969/3968/3637 3964/3963/3632 3966/3965/3634
f 3970/3969/3638 3968/3967/3636 2772/2771/2523
f 2772/2771/2523 2775/2774/2525 3970/3969/3638
f 3968/3967/3636 3971/3970/3639 3966/3965/3634
f 3971/3970/3639 3968/3967/3636 3970/3969/3638
f 3969/3968/3637 3966/3965/3634 3971/3970/3639
f 2775/2774/2525 3972/3971/3640 3970/3969/3638
f 3973/3972/3641 3971/3970/3639 3970/3969/3638
f 3969/3968/3637 3971/3970/3639 3973/3972/3641
f 3972/3971/3640 3973/3972/3641 3970/3969/3638
f 2775/2774/2525 2790/2789/2537 3972/3971/3640
f 3974/3973/3642 3969/3968/3637 3973/3972/3641
f 3974/3973/3642 3973/3972/3641 3972/3971/3640
f 3969/3968/3637 3974/3973/3642 3964/3963/3632
f 3964/3963/3632 3974/3973/3642 3967/3966/3635
f 3974/3973/3642 3972/3971/3640 3975/3974/3643
f 3972/3971/3640 2790/2789/2537 3975/3974/3643
f 3967/3966/3635 3974/3973/3642 3976/3975/3644
f 3976/3975/3644 3974/3973/3642 3975/3974/3643
f 3977/3976/3645 3967/3966/3635 3976/3975/3644
f 3965/3964/3633 3967/3966/3635 3977/3976/3645
f 3975/3974/3643 3978/3977/3646 3976/3975/3644
f 3976/3975/3644 3978/3977/3646 3977/3976/3645
f 2790/2789/2537 3979/3978/3647 3975/3974/3643
f 3975/3974/3643 3979/3978/3647 3978/3977/3646
f 3980/3979/3648 3977/3976/3645 3978/3977/3646
f 3980/3979/3648 3965/3964/3633 3977/3976/3645
f 3981/3980/3649 3980/3979/3648 3978/3977/3646
f 3978/3977/3646 3979/3978/3647 3981/3980/3649
f 3980/3979/3648 3982/3981/3650 3965/3964/3633
f 3980/3979/3648 3981/3980/3649 3982/3981/3650
f 3983/3982/3651 3965/3964/3633 3982/3981/3650
f 3952/3951/3622 3965/3964/3633 3983/3982/3651
f 3983/3982/3651 3946/3945/3616 3952/3951/3622
f 3984/3983/3652 3983/3982/3651 3982/3981/3650
f 3984/3983/3652 3946/3945/3616 3983/3982/3651
f 3982/3981/3650 3981/3980/3649 3985/3984/3653
f 3984/3983/3652 3986/3985/3654 3946/3945/3616
f 3941/3940/3611 3946/3945/3616 3986/3985/3654
f 3941/3940/3611 3986/3985/3654 3940/3939/3610
f 3984/3983/3652 3982/3981/3650 3987/3986/3655
f 3982/3981/3650 3985/3984/3653 3987/3986/3655
f 3986/3985/3654 3984/3983/3652 3988/3987/3656
f 3988/3987/3656 3984/3983/3652 3987/3986/3655
f 3981/3980/3649 3989/3988/3657 3985/3984/3653
f 3981/3980/3649 3979/3978/3647 3989/3988/3657
f 3985/3984/3653 3990/3989/3658 3987/3986/3655
f 3985/3984/3653 3989/3988/3657 3990/3989/3658
f 3991/3990/3659 3987/3986/3655 3990/3989/3658
f 3988/3987/3656 3987/3986/3655 3991/3990/3659
f 3992/3991/3660 3990/3989/3658 3989/3988/3657
f 3992/3991/3660 3991/3990/3659 3990/3989/3658
f 3993/3992/3661 3989/3988/3657 3979/3978/3647
f 3989/3988/3657 3993/3992/3661 3992/3991/3660
f 3979/3978/3647 3994/3993/3662 3993/3992/3661
f 3992/3991/3660 3993/3992/3661 3994/3993/3662
f 2790/2789/2537 3994/3993/3662 3979/3978/3647
f 2790/2789/2537 2795/2794/2541 3994/3993/3662
f 2795/2794/2541 3995/3994/3663 3994/3993/3662
f 3994/3993/3662 3995/3994/3663 3992/3991/3660
f 2795/2794/2541 2806/2805/2549 3995/3994/3663
f 3991/3990/3659 3992/3991/3660 3996/3995/3664
f 3996/3995/3664 3992/3991/3660 3997/3996/3665
f 3997/3996/3665 3991/3990/3659 3996/3995/3664
f 3992/3991/3660 3995/3994/3663 3997/3996/3665
f 3998/3997/3666 3991/3990/3659 3997/3996/3665
f 3998/3997/3666 3988/3987/3656 3991/3990/3659
f 3995/3994/3663 3999/3998/3667 3997/3996/3665
f 3997/3996/3665 3999/3998/3667 4000/3999/3668
f 4000/3999/3668 3998/3997/3666 3997/3996/3665
f 4000/3999/3668 3999/3998/3667 4001/4000/3669
f 4001/4000/3669 3999/3998/3667 3995/3994/3663
f 3998/3997/3666 4000/3999/3668 4001/4000/3669
f 3995/3994/3663 2806/2805/2549 4002/4001/3670
f 4002/4001/3670 4001/4000/3669 3995/3994/3663
f 4002/4001/3670 2806/2805/2549 2811/2810/2553
f 4003/4002/3671 3988/3987/3656 3998/3997/3666
f 3986/3985/3654 3988/3987/3656 4003/4002/3671
f 4004/4003/3672 3998/3997/3666 4001/4000/3669
f 4004/4003/3672 4003/4002/3671 3998/3997/3666
f 4005/4004/3673 4004/4003/3672 4001/4000/3669
f 4003/4002/3671 4006/4005/3674 3986/3985/3654
f 4006/4005/3674 3940/3939/3610 3986/3985/3654
f 4001/4000/3669 4007/4006/3675 4005/4004/3673
f 4001/4000/3669 4002/4001/3670 4007/4006/3675
f 4005/4004/3673 4008/4007/3676 4004/4003/3672
f 4005/4004/3673 4007/4006/3675 4008/4007/3676
f 4004/4003/3672 4008/4007/3676 4009/4008/3677
f 4009/4008/3677 4003/4002/3671 4004/4003/3672
f 4007/4006/3675 4010/4009/3678 4008/4007/3676
f 4010/4009/3678 4009/4008/3677 4008/4007/3676
f 4010/4009/3678 4007/4006/3675 4011/4010/3679
f 4009/4008/3677 4010/4009/3678 4011/4010/3679
f 4012/4011/3680 4007/4006/3675 4002/4001/3670
f 4007/4006/3675 4012/4011/3680 4011/4010/3679
f 4002/4001/3670 2811/2810/2553 4012/4011/3680
f 2811/2810/2553 2821/2820/2562 4012/4011/3680
f 4011/4010/3679 4013/4012/3681 4009/4008/3677
f 4013/4012/3681 4011/4010/3679 4012/4011/3680
f 4003/4002/3671 4009/4008/3677 4014/4013/3682
f 4006/4005/3674 4003/4002/3671 4014/4013/3682
f 4009/4008/3677 4013/4012/3681 4015/4014/3683
f 4014/4013/3682 4009/4008/3677 4015/4014/3683
f 4016/4015/3684 4013/4012/3681 4012/4011/3680
f 4015/4014/3683 4013/4012/3681 4016/4015/3684
f 4015/4014/3683 4016/4015/3684 4017/4016/3685
f 4016/4015/3684 4018/4017/3686 4017/4016/3685
f 4017/4016/3685 4018/4017/3686 4015/4014/3683
f 4012/4011/3680 4018/4017/3686 4016/4015/3684
f 4019/4018/3687 4014/4013/3682 4015/4014/3683
f 4015/4014/3683 4018/4017/3686 4019/4018/3687
f 4020/4019/3688 4018/4017/3686 4012/4011/3680
f 4012/4011/3680 2821/2820/2562 4020/4019/3688
f 4021/4020/3689 4019/4018/3687 4018/4017/3686
f 4020/4019/3688 2821/2820/2562 4022/4021/3690
f 4018/4017/3686 4023/4022/3691 4021/4020/3689
f 4018/4017/3686 4020/4019/3688 4023/4022/3691
f 2821/2820/2562 4024/4023/3692 4022/4021/3690
f 2821/2820/2562 2832/2831/2569 4024/4023/3692
f 4022/4021/3690 4025/4024/3693 4020/4019/3688
f 4024/4023/3692 4025/4024/3693 4022/4021/3690
f 4025/4024/3693 4023/4022/3691 4020/4019/3688
f 2832/2831/2569 4026/4025/3694 4024/4023/3692
f 4026/4025/3694 2832/2831/2569 2861/2860/2590
f 4025/4024/3693 4024/4023/3692 4027/4026/3695
f 4026/4025/3694 4028/4027/3696 4024/4023/3692
f 4024/4023/3692 4028/4027/3696 4027/4026/3695
f 4025/4024/3693 4029/4028/3697 4023/4022/3691
f 4027/4026/3695 4029/4028/3697 4025/4024/3693
f 4030/4029/3698 4021/4020/3689 4023/4022/3691
f 4019/4018/3687 4021/4020/3689 4030/4029/3698
f 4029/4028/3697 4031/4030/3699 4023/4022/3691
f 4031/4030/3699 4030/4029/3698 4023/4022/3691
f 4027/4026/3695 4032/4031/3700 4029/4028/3697
f 4029/4028/3697 4032/4031/3700 4031/4030/3699
f 4027/4026/3695 4033/4032/3701 4032/4031/3700
f 4033/4032/3701 4027/4026/3695 4028/4027/3696
f 4032/4031/3700 4034/4033/3702 4031/4030/3699
f 4034/4033/3702 4032/4031/3700 4033/4032/3701
f 4031/4030/3699 4035/4034/3703 4030/4029/3698
f 4031/4030/3699 4034/4033/3702 4035/4034/3703
f 4036/4035/3704 4030/4029/3698 4035/4034/3703
f 4030/4029/3698 4036/4035/3704 4019/4018/3687
f 4035/4034/3703 4037/4036/3705 4036/4035/3704
f 4037/4036/3705 4019/4018/3687 4036/4035/3704
f 4034/4033/3702 4037/4036/3705 4035/4034/3703
f 4019/4018/3687 4037/4036/3705 4014/4013/3682
f 4037/4036/3705 4006/4005/3674 4014/4013/3682
f 4038/4037/3706 4037/4036/3705 4034/4033/3702
f 4033/4032/3701 4038/4037/3706 4034/4033/3702
f 4006/4005/3674 4037/4036/3705 4039/4038/3707
f 4006/4005/3674 4039/4038/3707 4040/4039/3708
f 4006/4005/3674 4040/4039/3708 3940/3939/3610
f 3940/3939/3610 4040/4039/3708 4039/4038/3707
f 4039/4038/3707 3939/3938/3609 3940/3939/3610
f 4037/4036/3705 4041/4040/3709 4039/4038/3707
f 3939/3938/3609 4039/4038/3707 4041/4040/3709
f 4038/4037/3706 4041/4040/3709 4037/4036/3705
f 3939/3938/3609 4041/4040/3709 3923/3922/3593
f 4041/4040/3709 4042/4041/3710 3923/3922/3593
f 3923/3922/3593 4042/4041/3710 3921/3920/3591
f 4042/4041/3710 3914/3913/3584 3921/3920/3591
f 4041/4040/3709 4043/4042/3711 4042/4041/3710
f 3914/3913/3584 4042/4041/3710 4043/4042/3711
f 4041/4040/3709 4038/4037/3706 4043/4042/3711
f 3914/3913/3584 4043/4042/3711 4044/4043/3712
f 4045/4044/3713 4043/4042/3711 4038/4037/3706
f 4044/4043/3712 4043/4042/3711 4045/4044/3713
f 3909/3908/3579 3908/3907/3578 4044/4043/3712
f 4044/4043/3712 3908/3907/3578 3914/3913/3584
f 4038/4037/3706 4033/4032/3701 4046/4045/3714
f 4047/4046/3715 4046/4045/3714 4033/4032/3701
f 4033/4032/3701 4028/4027/3696 4047/4046/3715
f 4046/4045/3714 4048/4047/3716 4038/4037/3706
f 4047/4046/3715 4048/4047/3716 4046/4045/3714
f 4045/4044/3713 4038/4037/3706 4048/4047/3716
f 4049/4048/3717 4047/4046/3715 4028/4027/3696
f 4049/4048/3717 4050/4049/3718 4047/4046/3715
f 4047/4046/3715 4050/4049/3718 4048/4047/3716
f 4049/4048/3717 4028/4027/3696 4051/4050/3719
f 4049/4048/3717 4051/4050/3719 4050/4049/3718
f 4051/4050/3719 4048/4047/3716 4050/4049/3718
f 4028/4027/3696 4026/4025/3694 4051/4050/3719
f 4026/4025/3694 2861/2860/2590 4051/4050/3719
f 4051/4050/3719 4052/4051/3720 4048/4047/3716
f 4052/4051/3720 4051/4050/3719 2861/2860/2590
f 4052/4051/3720 4053/4052/3721 4048/4047/3716
f 4045/4044/3713 4048/4047/3716 4053/4052/3721
f 4052/4051/3720 4054/4053/3722 4053/4052/3721
f 4052/4051/3720 2861/2860/2590 4054/4053/3722
f 4055/4054/3723 4045/4044/3713 4053/4052/3721
f 4054/4053/3722 4055/4054/3723 4053/4052/3721
f 4056/4055/3724 4045/4044/3713 4055/4054/3723
f 4056/4055/3724 4044/4043/3712 4045/4044/3713
f 4055/4054/3723 4054/4053/3722 4057/4056/3725
f 2861/2860/2590 4058/4057/3726 4054/4053/3722
f 2861/2860/2590 4059/4058/3727 4058/4057/3726
f 4059/4058/3727 2861/2860/2590 2858/2857/2587
f 4056/4055/3724 4055/4054/3723 4057/4056/3725
f 4057/4056/3725 4054/4053/3722 4060/4059/3728
f 4054/4053/3722 4061/4060/3729 4060/4059/3728
f 4057/4056/3725 4060/4059/3728 4061/4060/3729
f 4054/4053/3722 4058/4057/3726 4061/4060/3729
f 4061/4060/3729 4058/4057/3726 4059/4058/3727
f 4061/4060/3729 4062/4061/3730 4057/4056/3725
f 4057/4056/3725 4062/4061/3730 4056/4055/3724
f 4062/4061/3730 4061/4060/3729 4059/4058/3727
f 4056/4055/3724 4062/4061/3730 4063/4062/3731
f 4044/4043/3712 4056/4055/3724 4063/4062/3731
f 4059/4058/3727 4064/4063/3732 4062/4061/3730
f 4065/4064/3733 4062/4061/3730 4064/4063/3732
f 4065/4064/3733 4063/4062/3731 4062/4061/3730
f 4066/4065/3734 4065/4064/3733 4064/4063/3732
f 4064/4063/3732 4059/4058/3727 4066/4065/3734
f 4065/4064/3733 4066/4065/3734 4063/4062/3731
f 4067/4066/3735 4059/4058/3727 2858/2857/2587
f 4067/4066/3735 4066/4065/3734 4059/4058/3727
f 4067/4066/3735 2858/2857/2587 2855/2854/2585
f 4044/4043/3712 4063/4062/3731 4068/4067/3736
f 3909/3908/3579 4044/4043/3712 4068/4067/3736
f 4069/4068/3737 4068/4067/3736 4063/4062/3731
f 4066/4065/3734 4069/4068/3737 4063/4062/3731
f 4070/4069/3738 4068/4067/3736 4069/4068/3737
f 4069/4068/3737 4066/4065/3734 4071/4070/3739
f 4072/4071/3740 4069/4068/3737 4071/4070/3739
f 4071/4070/3739 4066/4065/3734 4072/4071/3740
f 4072/4071/3740 4070/4069/3738 4069/4068/3737
f 4073/4072/3741 4072/4071/3740 4066/4065/3734
f 4073/4072/3741 4070/4069/3738 4072/4071/3740
f 4067/4066/3735 4073/4072/3741 4066/4065/3734
f 4070/4069/3738 4074/4073/3742 4068/4067/3736
f 4074/4073/3742 4070/4069/3738 4073/4072/3741
f 4074/4073/3742 4073/4072/3741 4067/4066/3735
f 2855/2854/2585 4074/4073/3742 4067/4066/3735
f 4074/4073/3742 3909/3908/3579 4068/4067/3736
f 2895/2894/2614 4074/4073/3742 2855/2854/2585
f 4075/4074/3743 3909/3908/3579 4074/4073/3742
f 4074/4073/3742 2895/2894/2614 4076/4075/3744
f 4077/4076/3745 2976/2975/2688 3909/3908/3579
f 2895/2894/2614 4078/4077/3746 4076/4075/3744
f 4078/4077/3746 2895/2894/2614 2897/2896/2616
f 2897/2896/2616 2976/2975/2688 4079/4078/3747
f 4077/4076/3745 4079/4078/3747 2976/2975/2688
f 2897/2896/2616 4079/4078/3747 4080/4079/3748
f 4078/4077/3746 2897/2896/2616 4080/4079/3748
f 4081/4080/3749 4080/4079/3748 4079/4078/3747
f 4081/4080/3749 4079/4078/3747 4077/4076/3745
f 4078/4077/3746 4080/4079/3748 4082/4081/3750
f 4081/4080/3749 4082/4081/3750 4080/4079/3748
f 4083/4082/3751 4078/4077/3746 4082/4081/3750
f 4082/4081/3750 4081/4080/3749 4083/4082/3751
f 4078/4077/3746 4083/4082/3751 4076/4075/3744
f 4083/4082/3751 4081/4080/3749 4077/4076/3745
f 4083/4082/3751 4084/4083/3752 4076/4075/3744
f 4074/4073/3742 4076/4075/3744 4084/4083/3752
f 4077/4076/3745 4085/4084/3753 4083/4082/3751
f 4085/4084/3753 4084/4083/3752 4083/4082/3751
f 4086/4085/3754 4074/4073/3742 4084/4083/3752
f 4086/4085/3754 4075/4074/3743 4074/4073/3742
f 4084/4083/3752 4085/4084/3753 4087/4086/3755
f 4086/4085/3754 4084/4083/3752 4087/4086/3755
f 4077/4076/3745 4087/4086/3755 4085/4084/3753
f 4075/4074/3743 4086/4085/3754 4087/4086/3755
f 4088/4087/3756 4087/4086/3755 4077/4076/3745
f 4075/4074/3743 4087/4086/3755 4088/4087/3756
f 4089/4088/3757 4090/4089/3433 4091/4090/1685
f 4090/4089/3433 4092/4091/3758 4091/4090/1685
f 4093/4092/3759 4092/4091/3758 4090/4089/3433
f 4093/4092/3759 4090/4089/3433 3762/3761/3435
f 3769/3768/3441 4093/4092/3759 3762/3761/3435
f 3769/3768/3441 4094/4093/3760 4093/4092/3759
f 4094/4093/3760 4092/4091/3758 4093/4092/3759
f 3785/3784/3455 4094/4093/3760 3769/3768/3441
f 4092/4091/3758 4095/4094/3761 4091/4090/1685
f 4096/4095/3762 4091/4090/1685 4095/4094/3761
f 4092/4091/3758 4094/4093/3760 4097/4096/3763
f 4097/4096/3763 4095/4094/3761 4092/4091/3758
f 4094/4093/3760 3785/3784/3455 4098/4097/3764
f 4098/4097/3764 4097/4096/3763 4094/4093/3760
f 4098/4097/3764 3785/3784/3455 4099/4098/3765
f 3786/3785/3456 4099/4098/3765 3785/3784/3455
f 4099/4098/3765 3786/3785/3456 3790/3789/3460
f 4099/4098/3765 3790/3789/3460 3839/3838/3509
f 4098/4097/3764 4100/4099/3766 4097/4096/3763
f 4100/4099/3766 4095/4094/3761 4097/4096/3763
f 4099/4098/3765 4101/4100/3767 4098/4097/3764
f 4101/4100/3767 4099/4098/3765 4102/4101/3768
f 4102/4101/3768 4099/4098/3765 3839/3838/3509
f 4098/4097/3764 4101/4100/3767 4103/4102/3769
f 4103/4102/3769 4101/4100/3767 4102/4101/3768
f 4100/4099/3766 4098/4097/3764 4103/4102/3769
f 4104/4103/3770 4102/4101/3768 3839/3838/3509
f 4104/4103/3770 4103/4102/3769 4102/4101/3768
f 4104/4103/3770 3839/3838/3509 4105/4104/3771
f 4105/4104/3771 3839/3838/3509 3837/3836/3507
f 4103/4102/3769 4104/4103/3770 4106/4105/3772
f 4105/4104/3771 4106/4105/3772 4104/4103/3770
f 4105/4104/3771 3837/3836/3507 4107/4106/3773
f 4107/4106/3773 4106/4105/3772 4105/4104/3771
f 4107/4106/3773 3837/3836/3507 4108/4107/3774
f 3835/3834/3505 4108/4107/3774 3837/3836/3507
f 4106/4105/3772 4107/4106/3773 4109/4108/3775
f 4108/4107/3774 4109/4108/3775 4107/4106/3773
f 4110/4109/3776 4103/4102/3769 4106/4105/3772
f 4106/4105/3772 4109/4108/3775 4110/4109/3776
f 4103/4102/3769 4111/4110/3777 4100/4099/3766
f 4111/4110/3777 4103/4102/3769 4110/4109/3776
f 4100/4099/3766 4111/4110/3777 4095/4094/3761
f 4112/4111/3778 4108/4107/3774 3835/3834/3505
f 4112/4111/3778 4113/4112/3779 4108/4107/3774
f 4108/4107/3774 4113/4112/3779 4109/4108/3775
f 3835/3834/3505 4114/4113/3780 4112/4111/3778
f 4113/4112/3779 4112/4111/3778 4114/4113/3780
f 3841/3840/3511 4114/4113/3780 3835/3834/3505
f 4115/4114/3781 4109/4108/3775 4113/4112/3779
f 4116/4115/3782 4113/4112/3779 4114/4113/3780
f 4116/4115/3782 4115/4114/3781 4113/4112/3779
f 4117/4116/3783 4114/4113/3780 3841/3840/3511
f 4115/4114/3781 4118/4117/3784 4109/4108/3775
f 4118/4117/3784 4110/4109/3776 4109/4108/3775
f 4119/4118/3785 4114/4113/3780 4117/4116/3783
f 4119/4118/3785 4116/4115/3782 4114/4113/3780
f 3841/3840/3511 4120/4119/3786 4117/4116/3783
f 3845/3844/3515 4120/4119/3786 3841/3840/3511
f 3849/3848/3519 4120/4119/3786 3845/3844/3515
f 4119/4118/3785 4117/4116/3783 4121/4120/3787
f 4120/4119/3786 4121/4120/3787 4117/4116/3783
f 4116/4115/3782 4119/4118/3785 4122/4121/3788
f 4122/4121/3788 4119/4118/3785 4121/4120/3787
f 4123/4122/3789 4116/4115/3782 4122/4121/3788
f 4116/4115/3782 4123/4122/3789 4115/4114/3781
f 4122/4121/3788 4121/4120/3787 3087/3086/2799
f 4123/4122/3789 4124/4123/3790 4115/4114/3781
f 4124/4123/3790 4118/4117/3784 4115/4114/3781
f 4125/4124/3791 4123/4122/3789 4122/4121/3788
f 3087/3086/2799 4125/4124/3791 4122/4121/3788
f 4123/4122/3789 4126/4125/3792 4124/4123/3790
f 4125/4124/3791 4126/4125/3792 4123/4122/3789
f 4127/4126/3793 4118/4117/3784 4124/4123/3790
f 4127/4126/3793 4110/4109/3776 4118/4117/3784
f 4126/4125/3792 4128/4127/3794 4124/4123/3790
f 4124/4123/3790 4128/4127/3794 4127/4126/3793
f 4128/4127/3794 4126/4125/3792 4125/4124/3791
f 4129/4128/3795 4110/4109/3776 4127/4126/3793
f 4125/4124/3791 3127/3126/2839 4128/4127/3794
f 4125/4124/3791 3088/3087/2800 3127/3126/2839
f 3088/3087/2800 4125/4124/3791 3087/3086/2799
f 3127/3126/2839 3128/3127/2840 4128/4127/3794
f 4128/4127/3794 3128/3127/2840 4127/4126/3793
f 4127/4126/3793 3128/3127/2840 4129/4128/3795
f 4130/4129/3796 4110/4109/3776 4129/4128/3795
f 4111/4110/3777 4110/4109/3776 4130/4129/3796
f 4129/4128/3795 3128/3127/2840 4131/4130/3797
f 4131/4130/3797 4130/4129/3796 4129/4128/3795
f 4131/4130/3797 3128/3127/2840 3137/3136/2849
f 4132/4131/3798 4130/4129/3796 4131/4130/3797
f 4130/4129/3796 4132/4131/3798 4111/4110/3777
f 4132/4131/3798 4131/4130/3797 3137/3136/2849
f 4132/4131/3798 4133/4132/3799 4111/4110/3777
f 4111/4110/3777 4133/4132/3799 4095/4094/3761
f 3137/3136/2849 4134/4133/3800 4132/4131/3798
f 4132/4131/3798 4134/4133/3800 4133/4132/3799
f 3137/3136/2849 4135/4134/3801 4134/4133/3800
f 3137/3136/2849 3136/3135/2848 4135/4134/3801
f 4136/4135/3802 4133/4132/3799 4134/4133/3800
f 3136/3135/2848 4137/4136/3803 4135/4134/3801
f 3138/3137/2850 4137/4136/3803 3136/3135/2848
f 4133/4132/3799 4136/4135/3802 4138/4137/3804
f 4138/4137/3804 4095/4094/3761 4133/4132/3799
f 4137/4136/3803 3138/3137/2850 4139/4138/3805
f 3138/3137/2850 3144/3143/2856 4139/4138/3805
f 3144/3143/2856 3232/3231/2943 4139/4138/3805
f 4140/4139/3806 4137/4136/3803 4139/4138/3805
f 4135/4134/3801 4137/4136/3803 4140/4139/3806
f 4141/4140/3807 4140/4139/3806 4139/4138/3805
f 3232/3231/2943 4141/4140/3807 4139/4138/3805
f 4142/4141/3808 4135/4134/3801 4140/4139/3806
f 4142/4141/3808 4134/4133/3800 4135/4134/3801
f 4141/4140/3807 4143/4142/3809 4140/4139/3806
f 4140/4139/3806 4143/4142/3809 4142/4141/3808
f 4134/4133/3800 4142/4141/3808 4143/4142/3809
f 4143/4142/3809 4141/4140/3807 3232/3231/2943
f 4143/4142/3809 4144/4143/3810 4134/4133/3800
f 4144/4143/3810 4136/4135/3802 4134/4133/3800
f 4143/4142/3809 3232/3231/2943 4144/4143/3810
f 4138/4137/3804 4136/4135/3802 4144/4143/3810
f 4144/4143/3810 4145/4144/3811 4138/4137/3804
f 4144/4143/3810 3232/3231/2943 4145/4144/3811
f 4095/4094/3761 4138/4137/3804 4145/4144/3811
f 4145/4144/3811 3232/3231/2943 4146/4145/3812
f 4095/4094/3761 4145/4144/3811 4147/4146/3813
f 4147/4146/3813 4145/4144/3811 4146/4145/3812
f 3232/3231/2943 4147/4146/3813 4146/4145/3812
f 4096/4095/3762 4095/4094/3761 4147/4146/3813
f 4147/4146/3813 3232/3231/2943 3236/3235/1681
f 4148/4147/1682 4096/4095/3762 4147/4146/3813
f 3236/3235/1681 4148/4147/1682 4147/4146/3813
f 3041/3040/2753 4149/4148/3814 3028/3027/2740
f 4149/4148/3814 3030/3029/2742 3028/3027/2740
f 3041/3040/2753 3066/3065/2778 4149/4148/3814
f 3030/3029/2742 4149/4148/3814 4150/4149/3815
f 3027/3026/2739 3030/3029/2742 4150/4149/3815
f 4149/4148/3814 3066/3065/2778 4151/4150/3816
f 4152/4151/3817 3027/3026/2739 4150/4149/3815
f 4151/4150/3816 3066/3065/2778 4153/4152/3818
f 4153/4152/3818 3066/3065/2778 3064/3063/2776
f 4153/4152/3818 3064/3063/2776 3062/3061/2774
f 4150/4149/3815 4154/4153/3819 4152/4151/3817
f 4154/4153/3819 4150/4149/3815 4149/4148/3814
f 4154/4153/3819 4155/4154/3820 4152/4151/3817
f 3027/3026/2739 4152/4151/3817 4155/4154/3820
f 4149/4148/3814 4156/4155/3821 4154/4153/3819
f 4155/4154/3820 4154/4153/3819 4156/4155/3821
f 4149/4148/3814 4157/4156/3822 4156/4155/3821
f 4151/4150/3816 4157/4156/3822 4149/4148/3814
f 4158/4157/3823 4155/4154/3820 4156/4155/3821
f 4157/4156/3822 4158/4157/3823 4156/4155/3821
f 3027/3026/2739 4155/4154/3820 4159/4158/3824
f 3027/3026/2739 4159/4158/3824 3001/3000/2713
f 4155/4154/3820 4158/4157/3823 4160/4159/3825
f 4155/4154/3820 4160/4159/3825 4159/4158/3824
f 4157/4156/3822 4160/4159/3825 4158/4157/3823
f 4159/4158/3824 4161/4160/3826 3001/3000/2713
f 3000/2999/2712 3001/3000/2713 4161/4160/3826
f 4160/4159/3825 4162/4161/3827 4159/4158/3824
f 4162/4161/3827 4161/4160/3826 4159/4158/3824
f 3000/2999/2712 4161/4160/3826 4163/4162/3828
f 3002/3001/2714 3000/2999/2712 4163/4162/3828
f 4164/4163/3829 4163/4162/3828 4161/4160/3826
f 4162/4161/3827 4164/4163/3829 4161/4160/3826
f 4164/4163/3829 4165/4164/3830 4163/4162/3828
f 4165/4164/3830 3002/3001/2714 4163/4162/3828
f 4166/4165/3831 4164/4163/3829 4162/4161/3827
f 4164/4163/3829 4166/4165/3831 4165/4164/3830
f 4167/4166/3832 4162/4161/3827 4160/4159/3825
f 4166/4165/3831 4162/4161/3827 4167/4166/3832
f 4168/4167/3833 4167/4166/3832 4160/4159/3825
f 4157/4156/3822 4168/4167/3833 4160/4159/3825
f 4169/4168/3834 4168/4167/3833 4157/4156/3822
f 4169/4168/3834 4167/4166/3832 4168/4167/3833
f 4151/4150/3816 4169/4168/3834 4157/4156/3822
f 4166/4165/3831 4167/4166/3832 4170/4169/3835
f 4169/4168/3834 4170/4169/3835 4167/4166/3832
f 4151/4150/3816 4171/4170/3836 4169/4168/3834
f 4151/4150/3816 4153/4152/3818 4171/4170/3836
f 4172/4171/3837 4170/4169/3835 4169/4168/3834
f 4169/4168/3834 4171/4170/3836 4172/4171/3837
f 4173/4172/3838 4166/4165/3831 4170/4169/3835
f 4173/4172/3838 4170/4169/3835 4172/4171/3837
f 4166/4165/3831 4173/4172/3838 4174/4173/3839
f 4166/4165/3831 4174/4173/3839 4165/4164/3830
f 4173/4172/3838 4172/4171/3837 4175/4174/3840
f 4174/4173/3839 4173/4172/3838 4175/4174/3840
f 4172/4171/3837 4176/4175/3841 4175/4174/3840
f 4165/4164/3830 4174/4173/3839 4177/4176/3842
f 4177/4176/3842 3002/3001/2714 4165/4164/3830
f 4175/4174/3840 4178/4177/3843 4174/4173/3839
f 4175/4174/3840 4176/4175/3841 4178/4177/3843
f 4178/4177/3843 4179/4178/3844 4174/4173/3839
f 4177/4176/3842 4174/4173/3839 4179/4178/3844
f 4180/4179/3845 4178/4177/3843 4176/4175/3841
f 4180/4179/3845 4176/4175/3841 4172/4171/3837
f 4180/4179/3845 4179/4178/3844 4178/4177/3843
f 4171/4170/3836 4180/4179/3845 4172/4171/3837
f 4179/4178/3844 4180/4179/3845 4181/4180/3846
f 4171/4170/3836 4182/4181/3847 4180/4179/3845
f 4182/4181/3847 4181/4180/3846 4180/4179/3845
f 4171/4170/3836 4183/4182/3848 4182/4181/3847
f 4171/4170/3836 4153/4152/3818 4183/4182/3848
f 4182/4181/3847 4184/4183/3849 4181/4180/3846
f 4153/4152/3818 4185/4184/3850 4183/4182/3848
f 4179/4178/3844 4181/4180/3846 4186/4185/3851
f 4184/4183/3849 4186/4185/3851 4181/4180/3846
f 4186/4185/3851 4177/4176/3842 4179/4178/3844
f 4187/4186/3852 4184/4183/3849 4182/4181/3847
f 4184/4183/3849 4187/4186/3852 4186/4185/3851
f 4182/4181/3847 4183/4182/3848 4188/4187/3853
f 4187/4186/3852 4182/4181/3847 4188/4187/3853
f 4188/4187/3853 4183/4182/3848 4185/4184/3850
f 4189/4188/3854 4186/4185/3851 4187/4186/3852
f 3885/3884/3555 3898/3897/3568 3895/3894/3565
f 4187/4186/3852 4190/4189/3855 4189/4188/3854
f 4188/4187/3853 4190/4189/3855 4187/4186/3852
f 4189/4188/3854 4191/4190/3856 4186/4185/3851
f 4190/4189/3855 4191/4190/3856 4189/4188/3854
f 4191/4190/3856 4190/4189/3855 4192/4191/3857
f 4190/4189/3855 4193/4192/3858 4192/4191/3857
f 4191/4190/3856 4192/4191/3857 4193/4192/3858
f 4190/4189/3855 4188/4187/3853 4193/4192/3858
f 4186/4185/3851 4191/4190/3856 4194/4193/3859
f 4191/4190/3856 4193/4192/3858 4194/4193/3859
f 4193/4192/3858 4188/4187/3853 4195/4194/3860
f 4185/4184/3850 4195/4194/3860 4188/4187/3853
f 4186/4185/3851 4194/4193/3859 4196/4195/3861
f 4196/4195/3861 4177/4176/3842 4186/4185/3851
f 4197/4196/3862 4193/4192/3858 4195/4194/3860
f 4198/4197/3863 4177/4176/3842 4196/4195/3861
f 4177/4176/3842 4198/4197/3863 3002/3001/2714
f 4198/4197/3863 3897/3896/3567 3002/3001/2714
f 3897/3896/3567 4198/4197/3863 3896/3895/3566
f 4196/4195/3861 4199/4198/3864 4198/4197/3863
f 4198/4197/3863 4200/4199/3865 3896/3895/3566
f 4199/4198/3864 4200/4199/3865 4198/4197/3863
f 3892/3891/3562 3896/3895/3566 4200/4199/3865
f 4196/4195/3861 4201/4200/3866 4199/4198/3864
f 4199/4198/3864 4201/4200/3866 4200/4199/3865
f 4201/4200/3866 4196/4195/3861 4194/4193/3859
f 3892/3891/3562 4200/4199/3865 4202/4201/3867
f 4202/4201/3867 3890/3889/3560 3892/3891/3562
f 3878/3877/3548 3890/3889/3560 4202/4201/3867
f 4200/4199/3865 4201/4200/3866 4203/4202/3868
f 4203/4202/3868 4202/4201/3867 4200/4199/3865
f 4201/4200/3866 4194/4193/3859 4204/4203/3869
f 4203/4202/3868 4201/4200/3866 4204/4203/3869
f 4205/4204/3870 4204/4203/3869 4194/4193/3859
f 4205/4204/3870 4203/4202/3868 4204/4203/3869
f 4205/4204/3870 4194/4193/3859 4193/4192/3858
f 4205/4204/3870 4193/4192/3858 4206/4205/3871
f 4203/4202/3868 4205/4204/3870 4206/4205/3871
f 4193/4192/3858 4197/4196/3862 4206/4205/3871
f 4197/4196/3862 4203/4202/3868 4206/4205/3871
f 4207/4206/3872 4202/4201/3867 4203/4202/3868
f 4207/4206/3872 4203/4202/3868 4197/4196/3862
f 4202/4201/3867 4208/4207/3873 3878/3877/3548
f 4208/4207/3873 4202/4201/3867 4207/4206/3872
f 4208/4207/3873 3867/3866/3537 3878/3877/3548
f 4207/4206/3872 4197/4196/3862 4209/4208/3874
f 4195/4194/3860 4209/4208/3874 4197/4196/3862
f 4209/4208/3874 4195/4194/3860 4185/4184/3850
f 4207/4206/3872 4209/4208/3874 3077/3076/2789
f 4208/4207/3873 4207/4206/3872 3077/3076/2789
f 4209/4208/3874 3060/3059/2772 3077/3076/2789
f 3081/3080/2793 4208/4207/3873 3077/3076/2789
f 4185/4184/3850 4210/4209/3875 3060/3059/2772
f 4185/4184/3850 3060/3059/2772 4209/4208/3874
f 3060/3059/2772 4210/4209/3875 3062/3061/2774
f 4153/4152/3818 4210/4209/3875 4185/4184/3850
f 4153/4152/3818 3062/3061/2774 4210/4209/3875
f 3081/3080/2793 4211/4210/3876 4208/4207/3873
f 2966/2965/2678 2964/2963/2676 2909/2908/2627
f 4208/4207/3873 4211/4210/3876 3858/3857/3528
f 3858/3857/3528 3081/3080/2793 3080/3079/2792
f 3087/3086/2799 3858/3857/3528 3080/3079/2792
f 4211/4210/3876 3081/3080/2793 3858/3857/3528
f 3087/3086/2799 4212/4211/3877 3857/3856/3527
f 4212/4211/3877 3858/3857/3528 3857/3856/3527
f 3087/3086/2799 4213/4212/3878 4212/4211/3877
f 4212/4211/3877 4213/4212/3878 3858/3857/3528
f 3087/3086/2799 4121/4120/3787 4213/4212/3878
f 4121/4120/3787 4120/4119/3786 4213/4212/3878
f 4214/4213/3879 3858/3857/3528 4213/4212/3878
f 4214/4213/3879 4208/4207/3873 3858/3857/3528
f 4213/4212/3878 4120/4119/3786 4215/4214/3880
f 4214/4213/3879 4216/4215/3881 4208/4207/3873
f 4120/4119/3786 4217/4216/3882 4215/4214/3880
f 4215/4214/3880 4217/4216/3882 4213/4212/3878
f 4216/4215/3881 4217/4216/3882 4208/4207/3873
f 4120/4119/3786 3849/3848/3519 4217/4216/3882
f 4208/4207/3873 4217/4216/3882 3867/3866/3537
f 3849/3848/3519 3867/3866/3537 4217/4216/3882
f 4218/4217/3883 4216/4215/3881 4214/4213/3879
f 4218/4217/3883 4217/4216/3882 4216/4215/3881
f 4214/4213/3879 4213/4212/3878 4218/4217/3883
f 4213/4212/3878 4217/4216/3882 4218/4217/3883
f 4219/4218/3884 3460/3459/3159 3462/3461/3161
f 3460/3459/3159 4219/4218/3884 3458/3457/3157
f 4219/4218/3884 3462/3461/3161 3468/3467/3166
f 4220/4219/3885 3458/3457/3157 4219/4218/3884
f 4220/4219/3885 3457/3456/3156 3458/3457/3157
f 4219/4218/3884 4221/4220/3886 4220/4219/3885
f 3457/3456/3156 4220/4219/3885 4222/4221/3887
f 4222/4221/3887 4220/4219/3885 4221/4220/3886
f 3457/3456/3156 4222/4221/3887 3459/3458/3158
f 4223/4222/3888 4221/4220/3886 4219/4218/3884
f 4221/4220/3886 4223/4222/3888 4222/4221/3887
f 4224/4223/3889 4223/4222/3888 4219/4218/3884
f 4224/4223/3889 4222/4221/3887 4223/4222/3888
f 4222/4221/3887 4225/4224/3890 3459/3458/3158
f 4225/4224/3890 3463/3462/3162 3459/3458/3158
f 4219/4218/3884 4226/4225/3891 4224/4223/3889
f 4225/4224/3890 4227/4226/3892 3463/3462/3162
f 4228/4227/3893 4226/4225/3891 4219/4218/3884
f 3468/3467/3166 4228/4227/3893 4219/4218/3884
f 4226/4225/3891 4229/4228/3894 4224/4223/3889
f 4229/4228/3894 4222/4221/3887 4224/4223/3889
f 3468/3467/3166 4230/4229/3895 4228/4227/3893
f 3468/3467/3166 3469/3468/3167 4230/4229/3895
f 3475/3474/3173 4230/4229/3895 3469/3468/3167
f 4230/4229/3895 4231/4230/3896 4228/4227/3893
f 4230/4229/3895 3475/3474/3173 4232/4231/3897
f 4231/4230/3896 4233/4232/3898 4228/4227/3893
f 4226/4225/3891 4228/4227/3893 4233/4232/3898
f 4231/4230/3896 4230/4229/3895 4234/4233/3899
f 4234/4233/3899 4230/4229/3895 4232/4231/3897
f 4231/4230/3896 4234/4233/3899 4235/4234/3900
f 4235/4234/3900 4233/4232/3898 4231/4230/3896
f 4236/4235/3901 4234/4233/3899 4232/4231/3897
f 4234/4233/3899 4236/4235/3901 4235/4234/3900
f 4236/4235/3901 4232/4231/3897 3475/3474/3173
f 4233/4232/3898 4235/4234/3900 4237/4236/3902
f 4235/4234/3900 4236/4235/3901 4237/4236/3902
f 4238/4237/3903 4236/4235/3901 3475/3474/3173
f 4238/4237/3903 4237/4236/3902 4236/4235/3901
f 3475/3474/3173 3481/3480/3177 4238/4237/3903
f 3481/3480/3177 3488/3487/3183 4238/4237/3903
f 4233/4232/3898 4237/4236/3902 4239/4238/3904
f 4233/4232/3898 4239/4238/3904 4226/4225/3891
f 4238/4237/3903 4240/4239/3905 4237/4236/3902
f 4238/4237/3903 3488/3487/3183 4240/4239/3905
f 4239/4238/3904 4237/4236/3902 4241/4240/3906
f 4241/4240/3906 4237/4236/3902 4240/4239/3905
f 4242/4241/3907 4226/4225/3891 4239/4238/3904
f 4229/4228/3894 4226/4225/3891 4242/4241/3907
f 4239/4238/3904 4241/4240/3906 4243/4242/3908
f 4240/4239/3905 4243/4242/3908 4241/4240/3906
f 4243/4242/3908 4242/4241/3907 4239/4238/3904
f 4244/4243/3909 4243/4242/3908 4240/4239/3905
f 4240/4239/3905 3488/3487/3183 4244/4243/3909
f 4243/4242/3908 4245/4244/3910 4242/4241/3907
f 4245/4244/3910 4243/4242/3908 4244/4243/3909
f 4245/4244/3910 4246/4245/3911 4242/4241/3907
f 4246/4245/3911 4229/4228/3894 4242/4241/3907
f 4245/4244/3910 4244/4243/3909 4247/4246/3912
f 4247/4246/3912 4246/4245/3911 4245/4244/3910
f 4244/4243/3909 3488/3487/3183 4248/4247/3913
f 4248/4247/3913 4247/4246/3912 4244/4243/3909
f 4246/4245/3911 4247/4246/3912 4249/4248/3914
f 4248/4247/3913 3488/3487/3183 4250/4249/3915
f 4249/4248/3914 4247/4246/3912 4251/4250/3916
f 4251/4250/3916 4247/4246/3912 4248/4247/3913
f 3488/3487/3183 3502/3501/3194 4250/4249/3915
f 4246/4245/3911 4249/4248/3914 4252/4251/3917
f 4249/4248/3914 4251/4250/3916 4252/4251/3917
f 4229/4228/3894 4246/4245/3911 4252/4251/3917
f 4248/4247/3913 4253/4252/3918 4251/4250/3916
f 4252/4251/3917 4251/4250/3916 4253/4252/3918
f 4250/4249/3915 4254/4253/3919 4248/4247/3913
f 4254/4253/3919 4253/4252/3918 4248/4247/3913
f 4250/4249/3915 4255/4254/3920 4254/4253/3919
f 4254/4253/3919 4255/4254/3920 4253/4252/3918
f 4256/4255/3921 4252/4251/3917 4253/4252/3918
f 4255/4254/3920 4256/4255/3921 4253/4252/3918
f 4229/4228/3894 4252/4251/3917 4257/4256/3922
f 4252/4251/3917 4256/4255/3921 4257/4256/3922
f 4258/4257/3923 4229/4228/3894 4257/4256/3922
f 4258/4257/3923 4257/4256/3922 4256/4255/3921
f 4258/4257/3923 4259/4258/3924 4229/4228/3894
f 4229/4228/3894 4259/4258/3924 4222/4221/3887
f 4258/4257/3923 4256/4255/3921 4260/4259/3925
f 4260/4259/3925 4259/4258/3924 4258/4257/3923
f 4261/4260/3926 4260/4259/3925 4256/4255/3921
f 4261/4260/3926 4256/4255/3921 4255/4254/3920
f 4222/4221/3887 4259/4258/3924 4262/4261/3927
f 4222/4221/3887 4262/4261/3927 4225/4224/3890
f 4225/4224/3890 4262/4261/3927 4227/4226/3892
f 4259/4258/3924 4260/4259/3925 4263/4262/3928
f 4262/4261/3927 4259/4258/3924 4264/4263/3929
f 4263/4262/3928 4264/4263/3929 4259/4258/3924
f 4260/4259/3925 4261/4260/3926 4265/4264/3930
f 4263/4262/3928 4260/4259/3925 4265/4264/3930
f 4265/4264/3930 4261/4260/3926 4266/4265/3931
f 4264/4263/3929 4263/4262/3928 4267/4266/3932
f 4261/4260/3926 4268/4267/3933 4266/4265/3931
f 4268/4267/3933 4261/4260/3926 4255/4254/3920
f 4269/4268/3934 4264/4263/3929 4267/4266/3932
f 4269/4268/3934 4262/4261/3927 4264/4263/3929
f 4268/4267/3933 4255/4254/3920 4270/4269/3935
f 4250/4249/3915 4270/4269/3935 4255/4254/3920
f 3502/3501/3194 4270/4269/3935 4250/4249/3915
f 4271/4270/3936 4268/4267/3933 4270/4269/3935
f 4266/4265/3931 4268/4267/3933 4271/4270/3936
f 4270/4269/3935 3502/3501/3194 4272/4271/3937
f 4272/4271/3937 4271/4270/3936 4270/4269/3935
f 4271/4270/3936 4273/4272/3938 4266/4265/3931
f 4273/4272/3938 4271/4270/3936 4272/4271/3937
f 4274/4273/3939 4266/4265/3931 4273/4272/3938
f 4266/4265/3931 4274/4273/3939 4265/4264/3930
f 4265/4264/3930 4274/4273/3939 4263/4262/3928
f 4275/4274/3940 4273/4272/3938 4272/4271/3937
f 4274/4273/3939 4273/4272/3938 4275/4274/3940
f 4276/4275/3941 4275/4274/3940 4272/4271/3937
f 4274/4273/3939 4275/4274/3940 4277/4276/3942
f 4275/4274/3940 4276/4275/3941 4277/4276/3942
f 4278/4277/3943 4263/4262/3928 4274/4273/3939
f 4278/4277/3943 4274/4273/3939 4277/4276/3942
f 4279/4278/3944 4276/4275/3941 4272/4271/3937
f 4272/4271/3937 3502/3501/3194 4279/4278/3944
f 4280/4279/3945 4277/4276/3942 4276/4275/3941
f 4279/4278/3944 4280/4279/3945 4276/4275/3941
f 3502/3501/3194 3499/3498/3191 4279/4278/3944
f 4280/4279/3945 4281/4280/3946 4277/4276/3942
f 4281/4280/3946 4280/4279/3945 4279/4278/3944
f 4278/4277/3943 4277/4276/3942 4281/4280/3946
f 4279/4278/3944 3499/3498/3191 4282/4281/3947
f 4283/4282/3948 4278/4277/3943 4281/4280/3946
f 3499/3498/3191 4284/4283/3949 4282/4281/3947
f 3501/3500/3193 4284/4283/3949 3499/3498/3191
f 4281/4280/3946 4279/4278/3944 4285/4284/3950
f 4282/4281/3947 4286/4285/3951 4279/4278/3944
f 4285/4284/3950 4279/4278/3944 4286/4285/3951
f 4287/4286/3952 4282/4281/3947 4284/4283/3949
f 4282/4281/3947 4287/4286/3952 4286/4285/3951
f 4281/4280/3946 4285/4284/3950 4288/4287/3953
f 4281/4280/3946 4288/4287/3953 4283/4282/3948
f 4286/4285/3951 4289/4288/3954 4285/4284/3950
f 4289/4288/3954 4288/4287/3953 4285/4284/3950
f 4283/4282/3948 4288/4287/3953 4290/4289/3955
f 4278/4277/3943 4283/4282/3948 4290/4289/3955
f 4289/4288/3954 4291/4290/3956 4288/4287/3953
f 4290/4289/3955 4288/4287/3953 4291/4290/3956
f 4292/4291/3957 4289/4288/3954 4286/4285/3951
f 4289/4288/3954 4292/4291/3957 4291/4290/3956
f 4293/4292/3958 4292/4291/3957 4286/4285/3951
f 4286/4285/3951 4287/4286/3952 4293/4292/3958
f 4292/4291/3957 4294/4293/3959 4291/4290/3956
f 4292/4291/3957 4293/4292/3958 4294/4293/3959
f 4291/4290/3956 4294/4293/3959 4290/4289/3955
f 4287/4286/3952 4295/4294/3960 4293/4292/3958
f 4295/4294/3960 4287/4286/3952 4284/4283/3949
f 4294/4293/3959 4293/4292/3958 4296/4295/3961
f 4296/4295/3961 4293/4292/3958 4295/4294/3960
f 4296/4295/3961 4297/4296/3962 4294/4293/3959
f 4297/4296/3962 4296/4295/3961 4298/4297/3963
f 4296/4295/3961 4295/4294/3960 4298/4297/3963
f 4297/4296/3962 4299/4298/3964 4294/4293/3959
f 4298/4297/3963 4299/4298/3964 4297/4296/3962
f 4294/4293/3959 4299/4298/3964 4269/4268/3934
f 4294/4293/3959 4269/4268/3934 4290/4289/3955
f 4269/4268/3934 4299/4298/3964 4262/4261/3927
f 4299/4298/3964 4298/4297/3963 4262/4261/3927
f 4269/4268/3934 4300/4299/3965 4290/4289/3955
f 4278/4277/3943 4290/4289/3955 4300/4299/3965
f 4300/4299/3965 4269/4268/3934 4267/4266/3932
f 4263/4262/3928 4278/4277/3943 4300/4299/3965
f 4300/4299/3965 4267/4266/3932 4263/4262/3928
f 4262/4261/3927 4298/4297/3963 4301/4300/3966
f 4298/4297/3963 4302/4301/3967 4301/4300/3966
f 4298/4297/3963 4295/4294/3960 4302/4301/3967
f 4301/4300/3966 4303/4302/3968 4262/4261/3927
f 4304/4303/3969 4302/4301/3967 4295/4294/3960
f 4303/4302/3968 4305/4304/3970 4262/4261/3927
f 4305/4304/3970 4227/4226/3892 4262/4261/3927
f 4304/4303/3969 4295/4294/3960 4306/4305/3971
f 4284/4283/3949 4306/4305/3971 4295/4294/3960
f 4284/4283/3949 4307/4306/3972 4306/4305/3971
f 3501/3500/3193 4307/4306/3972 4284/4283/3949
f 4307/4306/3972 4308/4307/3973 4306/4305/3971
f 4306/4305/3971 4308/4307/3973 4304/4303/3969
f 4309/4308/3974 4307/4306/3972 3501/3500/3193
f 4309/4308/3974 4308/4307/3973 4307/4306/3972
f 4309/4308/3974 3501/3500/3193 4310/4309/3975
f 3501/3500/3193 3500/3499/3192 4310/4309/3975
f 4310/4309/3975 3500/3499/3192 3678/3677/3358
f 4309/4308/3974 4310/4309/3975 4311/4310/3976
f 4310/4309/3975 3678/3677/3358 4312/4311/3977
f 4310/4309/3975 4312/4311/3977 4311/4310/3976
f 4311/4310/3976 4313/4312/3978 4309/4308/3974
f 4314/4313/3979 4309/4308/3974 4313/4312/3978
f 4314/4313/3979 4308/4307/3973 4309/4308/3974
f 4315/4314/3980 4313/4312/3978 4311/4310/3976
f 4314/4313/3979 4316/4315/3981 4308/4307/3973
f 4314/4313/3979 4313/4312/3978 4317/4316/3982
f 4314/4313/3979 4317/4316/3982 4316/4315/3981
f 4313/4312/3978 4315/4314/3980 4317/4316/3982
f 4318/4317/3983 4308/4307/3973 4316/4315/3981
f 4317/4316/3982 4318/4317/3983 4316/4315/3981
f 4315/4314/3980 4319/4318/3984 4317/4316/3982
f 4317/4316/3982 4319/4318/3984 4318/4317/3983
f 4315/4314/3980 4311/4310/3976 4320/4319/3985
f 4319/4318/3984 4315/4314/3980 4320/4319/3985
f 4320/4319/3985 4311/4310/3976 4312/4311/3977
f 4319/4318/3984 4321/4320/3986 4318/4317/3983
f 4320/4319/3985 4321/4320/3986 4319/4318/3984
f 4322/4321/3987 4308/4307/3973 4318/4317/3983
f 4308/4307/3973 4322/4321/3987 4304/4303/3969
f 4321/4320/3986 4323/4322/3988 4318/4317/3983
f 4323/4322/3988 4322/4321/3987 4318/4317/3983
f 4304/4303/3969 4322/4321/3987 4324/4323/3989
f 4323/4322/3988 4324/4323/3989 4322/4321/3987
f 4304/4303/3969 4324/4323/3989 4302/4301/3967
f 4302/4301/3967 4324/4323/3989 4323/4322/3988
f 4302/4301/3967 4323/4322/3988 4301/4300/3966
f 4301/4300/3966 4323/4322/3988 4321/4320/3986
f 4301/4300/3966 4321/4320/3986 4303/4302/3968
f 4303/4302/3968 4321/4320/3986 4320/4319/3985
f 4303/4302/3968 4320/4319/3985 4325/4324/3990
f 4320/4319/3985 4326/4325/3991 4325/4324/3990
f 4327/4326/3992 4326/4325/3991 4320/4319/3985
f 4327/4326/3992 4320/4319/3985 4312/4311/3977
f 4328/4327/3993 4326/4325/3991 4327/4326/3992
f 4329/4328/3994 4327/4326/3992 4312/4311/3977
f 4327/4326/3992 4329/4328/3994 4328/4327/3993
f 4328/4327/3993 4330/4329/3995 4326/4325/3991
f 4326/4325/3991 4330/4329/3995 4325/4324/3990
f 4328/4327/3993 4329/4328/3994 4331/4330/3996
f 4328/4327/3993 4331/4330/3996 4330/4329/3995
f 4329/4328/3994 4312/4311/3977 4332/4331/3997
f 4331/4330/3996 4329/4328/3994 4333/4332/3998
f 4333/4332/3998 4329/4328/3994 4332/4331/3997
f 4332/4331/3997 4312/4311/3977 4334/4333/3999
f 4333/4332/3998 4332/4331/3997 4334/4333/3999
f 4334/4333/3999 4312/4311/3977 3678/3677/3358
f 4331/4330/3996 4333/4332/3998 4335/4334/4000
f 4331/4330/3996 4335/4334/4000 4330/4329/3995
f 4334/4333/3999 4336/4335/4001 4333/4332/3998
f 4335/4334/4000 4333/4332/3998 4336/4335/4001
f 4334/4333/3999 3678/3677/3358 4337/4336/4002
f 4334/4333/3999 4337/4336/4002 4336/4335/4001
f 3678/3677/3358 3673/3672/3353 4337/4336/4002
f 4337/4336/4002 3673/3672/3353 3664/3663/3344
f 4338/4337/4003 4335/4334/4000 4336/4335/4001
f 4336/4335/4001 4337/4336/4002 4338/4337/4003
f 4330/4329/3995 4335/4334/4000 3656/3655/3336
f 4335/4334/4000 4338/4337/4003 3656/3655/3336
f 3656/3655/3336 3658/3657/3338 4330/4329/3995
f 4330/4329/3995 3658/3657/3338 4325/4324/3990
f 3656/3655/3336 4338/4337/4003 3659/3658/3339
f 3363/3362/3066 4325/4324/3990 3658/3657/3338
f 4303/4302/3968 4325/4324/3990 3363/3362/3066
f 4339/4338/4004 3659/3658/3339 4338/4337/4003
f 3659/3658/3339 4339/4338/4004 3664/3663/3344
f 4340/4339/4005 4339/4338/4004 4338/4337/4003
f 3664/3663/3344 4339/4338/4004 4340/4339/4005
f 4338/4337/4003 4337/4336/4002 4340/4339/4005
f 3664/3663/3344 4340/4339/4005 4337/4336/4002
f 4341/4340/4006 4303/4302/3968 3363/3362/3066
f 4342/4341/4007 4303/4302/3968 4341/4340/4006
f 4305/4304/3970 4303/4302/3968 4342/4341/4007
f 4341/4340/4006 4305/4304/3970 4342/4341/4007
f 4341/4340/4006 3363/3362/3066 4343/4342/4008
f 4343/4342/4008 3363/3362/3066 3361/3360/3064
f 4341/4340/4006 4344/4343/4009 4305/4304/3970
f 4341/4340/4006 4343/4342/4008 4344/4343/4009
f 4305/4304/3970 4344/4343/4009 4345/4344/4010
f 4345/4344/4010 4227/4226/3892 4305/4304/3970
f 4344/4343/4009 4343/4342/4008 4346/4345/4011
f 4347/4346/4012 4227/4226/3892 4345/4344/4010
f 3463/3462/3162 4227/4226/3892 4347/4346/4012
f 4345/4344/4010 4344/4343/4009 4348/4347/4013
f 4345/4344/4010 4348/4347/4013 4347/4346/4012
f 4346/4345/4011 4348/4347/4013 4344/4343/4009
f 4347/4346/4012 4349/4348/4014 3463/3462/3162
f 4348/4347/4013 4349/4348/4014 4347/4346/4012
f 4350/4349/4015 4346/4345/4011 4343/4342/4008
f 4343/4342/4008 3361/3360/3064 4350/4349/4015
f 4350/4349/4015 4348/4347/4013 4346/4345/4011
f 3358/3357/3061 4350/4349/4015 3361/3360/3064
f 4349/4348/4014 4351/4350/4016 3463/3462/3162
f 3463/3462/3162 4351/4350/4016 3455/3454/3154
f 4352/4351/4017 4350/4349/4015 3358/3357/3061
f 3455/3454/3154 4351/4350/4016 4353/4352/4018
f 4349/4348/4014 4353/4352/4018 4351/4350/4016
f 4352/4351/4017 3358/3357/3061 3359/3358/3062
f 4353/4352/4018 4354/4353/4019 3455/3454/3154
f 3417/3416/3120 3455/3454/3154 4354/4353/4019
f 4349/4348/4014 4355/4354/4020 4353/4352/4018
f 4356/4355/4021 3417/3416/3120 4354/4353/4019
f 4357/4356/4022 4355/4354/4020 4349/4348/4014
f 4349/4348/4014 4348/4347/4013 4357/4356/4022
f 4353/4352/4018 4355/4354/4020 4358/4357/4023
f 4354/4353/4019 4353/4352/4018 4358/4357/4023
f 4358/4357/4023 4355/4354/4020 4357/4356/4022
f 4354/4353/4019 4358/4357/4023 4356/4355/4021
f 4348/4347/4013 4359/4358/4024 4357/4356/4022
f 4348/4347/4013 4350/4349/4015 4359/4358/4024
f 4359/4358/4024 4350/4349/4015 4352/4351/4017
f 4357/4356/4022 4359/4358/4024 4360/4359/4025
f 4358/4357/4023 4357/4356/4022 4360/4359/4025
f 4359/4358/4024 4361/4360/4026 4360/4359/4025
f 4360/4359/4025 4361/4360/4026 4358/4357/4023
f 4361/4360/4026 4359/4358/4024 4352/4351/4017
f 4358/4357/4023 4361/4360/4026 4362/4361/4027
f 4362/4361/4027 4356/4355/4021 4358/4357/4023
f 4362/4361/4027 4361/4360/4026 4352/4351/4017
f 3417/3416/3120 4356/4355/4021 4363/4362/4028
f 4362/4361/4027 4363/4362/4028 4356/4355/4021
f 4363/4362/4028 3402/3401/3105 3417/3416/3120
f 3402/3401/3105 4363/4362/4028 4364/4363/4029
f 4364/4363/4029 3396/3395/3099 3402/3401/3105
f 4364/4363/4029 4363/4362/4028 4365/4364/4030
f 4365/4364/4030 4363/4362/4028 4362/4361/4027
f 3396/3395/3099 4364/4363/4029 4366/4365/4031
f 4366/4365/4031 4364/4363/4029 4365/4364/4030
f 4366/4365/4031 3392/3391/3095 3396/3395/3099
f 4367/4366/4032 4366/4365/4031 4365/4364/4030
f 4367/4366/4032 4365/4364/4030 4362/4361/4027
f 4368/4367/4033 3392/3391/3095 4366/4365/4031
f 4367/4366/4032 4368/4367/4033 4366/4365/4031
f 3387/3386/3090 3392/3391/3095 4368/4367/4033
f 4369/4368/4034 4367/4366/4032 4362/4361/4027
f 4368/4367/4033 4367/4366/4032 4369/4368/4034
f 4369/4368/4034 4362/4361/4027 4370/4369/4035
f 4368/4367/4033 4369/4368/4034 4370/4369/4035
f 4368/4367/4033 4370/4369/4035 3387/3386/3090
f 4352/4351/4017 4370/4369/4035 4362/4361/4027
f 3387/3386/3090 4370/4369/4035 4371/4370/4036
f 4371/4370/4036 3385/3384/3088 3387/3386/3090
f 4372/4371/4037 4371/4370/4036 4370/4369/4035
f 3385/3384/3088 4371/4370/4036 4372/4371/4037
f 4352/4351/4017 4372/4371/4037 4370/4369/4035
f 4372/4371/4037 3373/3372/3076 3385/3384/3088
f 4372/4371/4037 4352/4351/4017 3373/3372/3076
f 4373/4372/4038 3373/3372/3076 4352/4351/4017
f 4373/4372/4038 3359/3358/3062 3373/3372/3076
f 3359/3358/3062 4373/4372/4038 4352/4351/4017
f 1519/1518/1444 1504/1503/1429 1515/1514/1440
f 1581/1580/1503 1589/1588/1511 1583/1582/1505
f 1588/1587/1510 1519/1518/1444 1583/1582/1505
f 1514/1513/1439 1516/1515/1441 1521/1520/1446
f 1522/1521/1447 1523/1522/1448 1521/1520/1446
f 2540/2539/2313 2543/2542/2316 2541/2540/2314
f 1257/1256/1209 1261/1260/1212 1260/1259/1211
f 1261/1260/1212 1267/1266/1218 1265/1264/1216
f 1261/1260/1212 1257/1256/1209 1256/1255/1208
f 3620/3619/3300 3622/3621/3302 3618/3617/3298
f 3391/3390/3094 3394/3393/3097 3393/3392/3096
f 4075/4074/3743 4088/4087/3756 3909/3908/3579
f 3909/3908/3579 4088/4087/3756 4077/4076/3745
f 2288/2287/2106 2276/2275/2095 2284/2283/2103
f 2288/2287/2106 2285/2284/2104 2276/2275/2095
f 1599/1598/1519 1602/1601/1522 1600/1599/1520
f 1600/1599/1520 1596/1595/1517 1599/1598/1519
f 1599/1598/1519 1548/1547/1473 1554/1553/1478
f 1596/1595/1517 1601/1600/1521 1593/1592/1514
f 1590/1589/1512 1584/1583/1506 1515/1514/1440
f 606/606/541 608/608/598 605/605/597
f 605/605/597 598/598/590 601/601/593
f 605/605/597 608/608/598 600/600/592
f 2966/2965/2678 2909/2908/2627 2961/2960/2673
f 2966/2965/2678 2961/2960/2673 2963/2962/2675
f 1596/1595/1517 1590/1589/1512 1520/1519/1445
f 1596/1595/1517 1520/1519/1445 1548/1547/1473
